tag,english,spanish,portuguese,french,,,
UI_APP_TITLE,Formic Empire,Formic Empire,Formic Empire,Formic Empire,,,
UI_BACK_TO_GAME,Back to Game,Volver al Juego,Voltar ao Jogo,Retour au jeu,,,
UI_BACK_TO_MENU,Quit to Main Menu,Salir al Menú Principal,Sair para o Menu Principal,Quitter vers le menu principal,,,
UI_MENU,Menu,Menú,Menu,Menu,,,
UI_SETTINGS,Settings,Ajustes,Configurações,Paramètres,,,
UI_TUTORIAL,Show Tutorial,Mostrar Tutorial,Mostrar Tutorial,Afficher le tutoriel,,,
UI_PAUSE,Pause,Pausar,Pausar,Pause,,,
UI_PLAY,Play,Jugar,Jogar,Jouer,,,
UI_SPEED_UP,Speed+,Velocidad+,Velocidade+,Vitesse +,,,
UI_SPEED_DOWN,Speed-,Velocidad-,Velocidade-,Vitesse -,,,
UI_SPEED_VERY_SLOW,Very Slow,Muy Lenta,Muito Lenta,Très lente,,,
UI_SPEED_SLOW,Slow,Lenta,Lenta,Lente,,,
UI_SPEED_NORMAL,Normal,Normal,Normal,Normale,,,
UI_SPEED_FAST,Fast,Rápida,Rápida,Rapide,,,
UI_SPEED_VERY_FAST,Very Fast,Muy Rápida,Muito Rápida,Très rapide,,,
UI_SPEED_TURBO,Turbo,Turbo,Turbo,Turbo,,,
UI_CONTROL_SPEED_UP_TT,Increase game speed (+ / =),Aumentar velocidad del juego (+ / =),Aumentar velocidade do jogo (+ / =),Augmenter la vitesse (+ / =),,,
UI_CONTROL_SPEED_DOWN_TT,Decrease game speed (-),Reducir velocidad del juego (-),Diminuir velocidade do jogo (-),Diminuer la vitesse (-),,,
UI_CONTROL_PLAY_TT,Resume game (Space),Reanudar juego (Espacio),Retomar jogo (Espaço),Reprendre (Espace),,,
UI_CONTROL_PAUSE_TT,Pause game (Space),Pausar juego (Espacio),Pausar jogo (Espaço),Mettre en pause (Espace),,,
UI_CONTROL_MENU_TT,Game menu (Esc),Menú del juego (Esc),Menu do jogo (Esc),Menu du jeu (Échap),,,
UI_CONTROL_SPEED_TT,Current speed: %s (%s ms per tick),Velocidad actual: %s (%s ms por tick),Velocidade atual: %s (%s ms por tick),Vitesse actuelle : %s (%s ms par tic),,,
UI_CONTROL_PAUSED_TT,Game paused (Space to resume),Juego pausado (Espacio para reanudar),Jogo pausado (Espaço para retomar),Partie en pause (Espace pour reprendre),,,
UI_TICK_PREFIX,Tick: ,Vel: ,Vel.: ,Tic : ,,,
UI_MS_SUFFIX,ms,ms,ms,ms,,,
UI_PAUSED_TICK,Paused,Pausado,Pausado,En pause,,,
UI_NOT_STARTED,Game not started,Juego no iniciado,Jogo não iniciado,Partie non démarrée,,,
UI_STARTING,Starting game...,Iniciando juego...,Iniciando jogo...,Démarrage de la partie...,,,
UI_RUNNING,Running,En ejecución,Em execução,En cours,,,
UI_ERROR_LOADING,Error loading game!,¡Error al cargar el juego!,Erro ao carregar o jogo!,Erreur de chargement de la partie !,,,
UI_LOADING_WAIT,"Loading game, please wait...","Cargando juego, por favor espera...","Carregando jogo, aguarde...","Chargement de la partie, veuillez patienter...",,,
UI_CLOSE,Close,Cerrar,Fechar,Fermer,,,
UI_SAVE,Save,Guardar,Salvar,Enregistrer,,,
UI_DELETE,Delete,Eliminar,Excluir,Supprimer,,,
UI_CANCEL,Cancel,Cancelar,Cancelar,Annuler,,,
UI_CONFIRM,Confirm,Confirmar,Confirmar,Confirmer,,,
UI_YES,Yes,Sí,Sim,Oui,,,
UI_NO,No,No,Não,Non,,,
UI_OK,OK,OK,OK,OK,,,
UI_LEVEL,Level,Nivel,Nível,Niveau,,,
UI_TOTAL,Total,Total,Total,Total,,,
UI_UPGRADE,Upgrade,Mejora,Melhoria,Amélioration,,,
UI_LOCKED,Locked,Bloqueado,Bloqueado,Verrouillé,,,
UI_UNLOCKED,Unlocked,Desbloqueado,Desbloqueado,Déverrouillé,,,
UI_COST,Cost,Coste,Custo,Coût,,,
UI_REQUIREMENTS,Requirements,Requisitos,Requisitos,Prérequis,,,
UI_BUY,Buy,Comprar,Comprar,Acheter,,,
UI_BUILD,Build,Construir,Construir,Construire,,,
UI_BEGIN,Begin,Empezar,Começar,Commencer,,,
UI_TRIGGER,Trigger,Activar,Ativar,Déclencher,,,
UI_ENABLED,Enabled,Activado,Ativado,Activé,,,
UI_DISABLED,Disabled,Desactivado,Desativado,Désactivé,,,
UI_HEALTHY,Healthy,Saludable,Saudável,En bonne santé,,,
UI_MISSING,Missing,Ausente,AUSENTE,ABSENT,,,
UI_COMBINED,Combined,Combinado,Combinado,Combiné,,,
UI_SUMMARY,Summary,Resumen,Resumo,Résumé,,,
UI_MAX,Max,Máx,Máx.,Max,,,
UI_TRANSIT,Transit,En Tránsito,Em Trânsito,En transit,,,
UI_RETURNING,Returning,Regresando,Retornando,Retour,,,
UI_MODIFIED, [Modified], [Modificado], [Modificado], [Modifié],,,
UI_BILATERAL,(Bilateral),(Bilateral),(Bilateral),(Bilatéral),,,
UI_ESTABLISH,Establish,Establecer,Estabelecer,Établir,,,
UI_MANAGE,Manage,Gestionar,Gerenciar,Gérer,,,
UI_EDIT,Edit,Editar,Editar,Modifier,,,
UI_VIEW,View,Ver,Ver,Voir,,,
UI_MATURING,Maturing...,Madurando...,Amadurecendo...,Maturation...,,,
UI_BACK,Back,Atrás,Voltar,Retour,,,
UI_CREATE,Create,Crear,Criar,Créer,,,
UI_LOAD,Load,Cargar,Carregar,Charger,,,
UI_HELP,Help,Ayuda,Ajuda,Aide,,,
UI_ROADMAP,Roadmap,Hoja de ruta,Roteiro,Feuille de route,,,
UI_QUIT,Quit,Salir,Sair,Quitter,,,
INTRO_WARNING,"%s is a colony simulation about pixelated ants, bugs, and other arthropods.<br><br>If spiders or similar creatures bother you, enable Arachnophobia Mode in Settings before you play.","%s es una simulación de colonias con hormigas, insectos y otros artrópodos en píxeles.<br><br>Si las arañas u otros arácnidos te molestan, activa el Modo aracnofobia en Ajustes antes de jugar.","%s é uma simulação de colónia com formigas, insetos e outros artrópodes pixelados.<br><br>Se aranhas ou criaturas semelhantes te incomodam, ativa o Modo aracnofobia nas Definições antes de jogar.","%s est une simulation de colonie avec des fourmis, insectes et autres arthropodes en pixels.<br><br>Si les araignées ou créatures similaires vous gênent, activez le Mode arachnophobie dans les Paramètres avant de jouer.",,,
INTRO_PHOTOSENSITIVITY_WARNING,"Photosensitivity warning: This game contains flashing lights and visual effects that may trigger seizures in people with photosensitive epilepsy.<br><br>If you or anyone in your household has a history of seizures or epilepsy, consult a doctor before playing.","Aviso de fotosensibilidad: este juego contiene luces intermitentes y efectos visuales que pueden provocar convulsiones en personas con epilepsia fotosensible.<br><br>Si tú o alguien de tu hogar tiene antecedentes de convulsiones o epilepsia, consulta a un médico antes de jugar.","Aviso de fotossensibilidade: este jogo contém luzes intermitentes e efeitos visuais que podem desencadear convulsões em pessoas com epilepsia fotossensível.<br><br>Se tu ou alguém na tua casa tem histórico de convulsões ou epilepsia, consulta um médico antes de jogar.","Avertissement photosensibilité : ce jeu contient des lumières clignotantes et des effets visuels susceptibles de provoquer des crises chez les personnes atteintes d'épilepsie photosensible.<br><br>Si vous ou un membre de votre foyer a des antécédents de crises ou d'épilepsie, consultez un médecin avant de jouer.",,,
INTRO_LICENSE_SUMMARY,FormicEmpire License (summary)<br><br>The author holds the sole right to monetize this project's code and assets. Free non-commercial use and mods are allowed and encouraged. Playing is free.<br><br>Read the full license from License on the main menu.,Licencia de FormicEmpire (resumen)<br><br>El autor tiene el derecho exclusivo de monetizar el código y los recursos de este proyecto. Se permite y se fomenta el uso no comercial gratuito y los mods. Jugar es gratis.<br><br>Lee la licencia completa en Licencia en el menú principal.,Licença do FormicEmpire (resumo)<br><br>O autor detém o direito exclusivo de monetizar o código e os recursos deste projeto. Uso não comercial gratuito e mods são permitidos e incentivados. Jogar é grátis.<br><br>Lê a licença completa em Licença no menu principal.,Licence FormicEmpire (résumé)<br><br>L'auteur détient le droit exclusif de monétiser le code et les ressources de ce projet. L'usage non commercial gratuit et les mods sont autorisés et encouragés. Jouer est gratuit.<br><br>Lisez la licence complète via Licence dans le menu principal.,,,
ROADMAP_TITLE,Development Roadmap,Hoja de ruta de desarrollo,Roteiro de desenvolvimento,Feuille de route du développement,,,
ROADMAP_UNAVAILABLE,Roadmap file could not be loaded.,No se pudo cargar la hoja de ruta.,Não foi possível carregar o roteiro.,Impossible de charger la feuille de route.,,,
UI_CREDITS,Credits,Créditos,Créditos,Crédits,,,
UI_DISCORD,Discord,Discord,Discord,Discord,,,
CREDITS_TITLE,Credits,Créditos,Créditos,Crédits,,,
CREDITS_UNAVAILABLE,Credits file could not be loaded.,No se pudo cargar el archivo de créditos.,Não foi possível carregar o ficheiro de créditos.,Impossible de charger le fichier des crédits.,,,
UI_LICENSE,License,Licencia,Licença,Licence,,,
LICENSE_TITLE,License,Licencia,Licença,Licence,,,
LICENSE_UNAVAILABLE,License file could not be loaded.,No se pudo cargar el archivo de licencia.,Não foi possível carregar o ficheiro de licença.,Impossible de charger le fichier de licence.,,,
VERSION_UNAVAILABLE,V ?,V ?,V ?,V ?,,,
UI_AUDIT,Mechanics Audit,Auditoría de mecánicas,Auditoria de mecânicas,Audit des mécaniques,,,
AUDIT_TITLE,Mechanics Audit,Auditoría de mecánicas,Auditoria de mecânicas,Audit des mécaniques,,,
AUDIT_UNAVAILABLE,Mechanics audit file could not be loaded.,No se pudo cargar el archivo de auditoría de mecánicas.,Não foi possível carregar o ficheiro de auditoria de mecânicas.,Impossible de charger le fichier d'audit des mécaniques.,,,
UI_ERROR,Error,Error,Erro,Erreur,,,
UI_NEXT,Next,Siguiente,Próximo,Suivant,,,
UI_FINISH,Finish,Finalizar,Concluir,Terminer,,,
UI_CONFIRM_EXIT_TITLE,Confirm Exit,Confirmar Salida,Confirmar Saída,Confirmer la sortie,,,
UI_CONFIRM_EXIT_MSG,You have unsaved progress! Are you sure you want to exit?,¡Tienes progreso sin guardar! ¿Estás seguro de que quieres salir?,Você tem progresso não salvo! Tem certeza de que deseja sair?,Progression non enregistrée ! Quitter quand même ?,,,
PANEL_ALERTS,Alerts,Alertas,Alertas,Alertes,,,
PANEL_NO_ALERTS,No alerts,Sin alertas,Sem alertas,Aucune alerte,,,
PANEL_MUSIC,Music,Música,Música,Musique,,,
PANEL_MINIMAP,Minimap,Minimapa,Minimapa,Minicarte,,,
PANEL_NO_MUSIC,No music,Sin música,Sem música,Pas de musique,,,
MUSIC_PLAY_TT,Play,Reproducir,Reproduzir,Lecture,,,
MUSIC_PAUSE_TT,Pause,Pausa,Pausa,Pause,,,
MUSIC_PREV_TT,Previous track,Pista anterior,Faixa anterior,Piste précédente,,,
MUSIC_NEXT_TT,Next track,Pista siguiente,Faixa seguinte,Piste suivante,,,
MUSIC_SHUFFLE_TT,Shuffle,Aleatorio,Aleatório,Aléatoire,,,
MUSIC_MUTE_TT,Mute music,Silenciar música,Silenciar música,Couper la musique,,,
MUSIC_UNMUTE_TT,Unmute music,Activar música,Ativar música,Réactiver la musique,,,
PANEL_TIME,Time,Tiempo,Tempo,Temps,,,
PANEL_WORLD,World,Mundo,Mundo,Monde,,,
PANEL_COLONY,Colony,Colonia,Colônia,Colonie,,,
PANEL_RESOURCES,Resources,Recursos,Recursos,Ressources,,,
PANEL_ANTS,Ants,Hormigas,Formigas,Fourmis,,,
PANEL_POPULATION,Population,Población,População,Population,,,
PANEL_STATS,Statistics,Estadísticas,Estatísticas,Statistiques,,,
PANEL_COLONY_STATS,Colony Stats,Estadísticas de Colonia,Estatísticas da Colônia,Stats de colonie,,,
PANEL_NO_COLONY,No Colony Detected,No se detectó colonia,Nenhuma colônia detectada,Aucune colonie détectée,,,
PANEL_TRADE,Trade,Comercio,Comércio,Commerce,,,
MENU_WORLD_MAP,World Map (M),Mapa Mundial (M),Mapa Mundial (M),Carte du monde (M),,,
MENU_STATS,Colony Statistics (X),Estadísticas de Colonia (X),Estatísticas da Colônia (X),Statistiques de colonie (X),,,
MENU_ROLES,Roles (Q-T),Gestionar Roles (Q/W/E/R/T),Gerenciar Funções (Q/W/E/R/T),Gérer les rôles (Q/W/E/R/T),,,
MENU_HATCH_RATES,Hatch Rates (P),Gestionar Tasas de Eclosión (P),Taxas de Eclosão (P),Taux d'éclosion (P),,,
MENU_RESEARCH,Research (Y),Investigación (Y),Pesquisa (Y),Recherche (Y),,,
MENU_BUILD,Build (U),Construcción (U),Construção (U),Construction (U),,,
MENU_ASSIMILATION,Assimilation (I),Asimilación (I),Assimilação (I),Assimilation (I),,,
MENU_SYNERGY,Synergies (O),Sinergias (O),Sinergias (O),Synergies (O),,,
MENU_ABILITIES,Abilities (C),Habilidades (C),Habilidades (C),Capacités (C),,,
MENU_GROUP_COLONY,Colony,Colonia,Colónia,Colonie,,,
MENU_GROUP_DYNASTY,Dynasty,Dinastía,Dinastia,Dynastie,,,
MENU_DYNASTY,Overview (A),Resumen (A),Visão geral (A),Aperçu (A),,,
MENU_TRADE,Trade Routes (S),Rutas Comerciales (S),Rotas Comerciais (S),Routes commerciales (S),,,
MENU_DIPLOMACY,Diplomacy (D),Diplomacia (D),Diplomacia (D),Diplomatie (D),,,
MENU_WARS,Wars (F),Guerras (F),Guerras (F),Guerres (F),,,
MENU_TOGGLE_VIEW,Toggle View (Z),Alternar Vista (Z),Alternar Vista (Z),Basculer la vue (Z),,,
COLONY_RANK,Colony Rank,Rango de Colonia,Rank da Colônia,Rang de colonie,,,
COLONY_TOTAL_RESOURCES,Total resources: %s,Recursos totales: %s,Recursos totais: %s,Ressources totales : %s,,,
COLONY_TOTAL_ANTS,Total ants: %s,Hormigas totales: %s,Formigas totais: %s,Fourmis totales : %s,,,
COLONY_QUEENS,Queens: %s / %s,Reinas: %s / %s,Rainhas: %s / %s,Reines : %s / %s,,,
COLONY_CONSUMPTION,Consumption: %s/day,Consumo: %s/día,Consumo: %s/dia,Consommation : %s/jour,,,
COLONY_MAX_FOOD_PROD,Max Food Prod: %s/day,Prod. Máx Alimento: %s/día,Prod. máx. de alimento: %s/dia,Prod. alimentaire max : %s/jour,,,
COLONY_NET_FOOD,Net Food: %s/day,Alimento Neto: %s/día,Saldo de alimento: %s/dia,Aliment net : %s/jour,,,
COLONY_LAYING_RATE,Laying Rate: %s/day,Tasa de Puesta: %s/día,Taxa de postura: %s/dia,Taux de ponte : %s/jour,,,
COLONY_NURSE_COVERAGE,Nurse Coverage: %s/%s,Cobertura de Niñeras: %s/%s,Cobertura de babás: %s/%s,Couverture nourrices : %s/%s,,,
COLONY_GRAVE_CLEANING,Grave Cleaning: %s/%s,Limpieza de Tumbas: %s/%s,Limpeza de túmulos: %s/%s,Nettoyage des tombes : %s/%s,,,
COLONY_PET_INSECTS,Pet insects: %s/%s,Insectos mascota: %s/%s,Insetos de estimação: %s/%s,Insectes de compagnie : %s/%s,,,
COLONY_PARASITIC_MITES,Mites: %s (%s slowed ants),Ácaros: %s (%s hormigas ralentizadas),Ácaros: %s (%s formigas lentas),Acariens : %s (%s fourmis ralenties),,,
COLONY_PARASITE_ANTS,Parasite ants: %s,Hormigas parásitas: %s,Formigas parasitas: %s,Fourmis parasites : %s,,,
COLONY_POLICING,Policing: %s,Vigilancia: %s,Vigilância: %s,Police : %s,,,
COLONY_DETECTION_RATE,Detection rate: ~%s/day,Tasa de detección: ~%s/día,Taxa de detecção: ~%s/dia,Taux de détection : ~%s/jour,,,
COLONY_RESEARCH,Research: %s,Investigación: %s,Pesquisa: %s,Recherche : %s,,,
COLONY_RESEARCH_RATE,Research Rate: %s/day,Tasa de Investigación: %s/día,Taxa de pesquisa: %s/dia,Taux de recherche : %s/jour,,,
COLONY_JUVENILE_ANTS,Juvenile Ants: %s,Hormigas Juveniles: %s,Formigas jovens: %s,Fourmis juvéniles : %s,,,
COLONY_ADULT_ANTS,Adult Ants: %s,Hormigas Adultas: %s,Formigas adultas: %s,Fourmis adultes : %s,,,
COLONY_MILITARY_POWER,Military Power: %s,Poder militar: %s,Poder militar: %s,Puissance militaire : %s,,,
COLONY_MILITARY_POWER_AT_WAR,"Military Power: %1$s (Active: %2$s, Reserve: %3$s)","Poder militar: %1$s (Activo: %2$s, Reserva: %3$s)","Poder militar: %1$s (Ativo: %2$s, Reserva: %3$s)","Puissance militaire : %1$s (Active : %2$s, Réserve : %3$s)",,,
TOOLTIP_PET_INSECTS,Pet insects: aphids use rancher capacity; mites and dermestids share the catcher pool. Over-capacity pets escape the next day (Passive Aphid prevents aphid escapes). See Population (X) for species detail.,"Insectos mascota: los áfidos usan capacidad de pastoras; ácaros y derméstidos comparten el grupo de capturadoras. Si la capacidad baja, escapan al día siguiente (Áfidos pasivos evita fugas de áfidos). Consulta Población (X) para el detalle.","Insetos de estimação: pulgões usam capacidade de pastoras; ácaros e dermestídeos partilham o grupo de capturadoras. Se a capacidade cair, fogem no dia seguinte (Fazenda passiva impede fuga de pulgões). Veja População (X) para o detalhe.","Insectes de compagnie : les pucerons utilisent la capacité des éleveuses ; acariens et dermestes partagent le pool des capturantes. Si la capacité baisse, ils s'échappent le lendemain (Élevage passif empêche la fuite des pucerons). Voir Population (X) pour le détail.",,,
TOOLTIP_RESOURCE_SOURCE_FMT,%s (%s): %s remaining,%s (%s): %s restantes,%s (%s): %s restantes,%s (%s) : %s restants,,,
TOOLTIP_PARASITIC_MITES,Microscopic mites on your ants. Every 10 mites slow one ant to half speed. Spread monthly when stored resources are high.,Ácaros microscópicos en tus hormigas. Cada 10 ácaros ralentizan una hormiga a la mitad. Se propagan mensualmente con muchos recursos almacenados.,"Ácaros microscópicos nas formigas. A cada 10 ácaros, uma formiga fica com metade da velocidade. Espalham-se mensalmente com muitos recursos armazenados.",Acariens microscopiques sur vos fourmis. Tous les 10 acariens ralentissent une fourmi de moitié. Propagation mensuelle quand les réserves sont élevées.,,,
TOOLTIP_PARASITE_ANTS,Parasite ants in colony,Hormigas parásitas en la colonia,Formigas parasitas na colônia,Fourmis parasites dans la colonie,,,
TOOLTIP_POLICING,Policing Efficiency,Eficiencia de Vigilancia,Eficiência de vigilância,Efficacité de la police,,,
TOOLTIP_RESEARCH_POINTS,Research Points,Puntos de Investigación,Pontos de pesquisa,Points de recherche,,,
DIALOG_UPGRADES_TITLE,Colony Upgrades,Mejoras de Colonia,Melhorias da Colônia,Améliorations de colonie,,,
TAB_RESEARCH,Research,Investigación,Pesquisa,Recherche,,,
TAB_CONSTRUCTION,Construction,Construcción,Construção,Construction,,,
TAB_ASSIMILATIONS,Assimilations,Asimilaciones,Assimilações,Assimilations,,,
TAB_SYNERGIES,Synergies,Sinergias,Sinergias,Synergies,,,
UPGRADE_RESEARCH_AVAILABLE,Available Research Points: %s,Puntos de Investigación Disponibles: %s,Pontos de pesquisa disponíveis: %s,Points de recherche disponibles : %s,,,
UPGRADE_NO_RESEARCH,  No new research available at this time.,No hay nuevas investigaciones disponibles en este momento.,Nenhuma pesquisa nova disponível no momento.,Aucune nouvelle recherche disponible pour le moment.,,,
UPGRADE_COST_RP,%s RP,%s PI,%s PP,%s PR,,,
UPGRADE_NOT_ENOUGH_RP,Not enough Research Points,No hay suficientes Puntos de Investigación,Pontos de pesquisa insuficientes,Pas assez de points de recherche,,,
UPGRADE_CLICK_FOR_DETAILS,click for details,clic para detalles,clique para detalhes,cliquer pour les détails,,,
UPGRADE_REQUIRES_FMT,Requires: %s,Requiere: %s,Requer: %s,Requiert : %s,,,
UPGRADE_REQUIRES_LIST_SEPARATOR,", ",", ",", ",", ",,,
UPGRADE_REQUIRES_TIER_ANTS_FMT,%s (%s ants),%s (%s hormigas),%s (%s formigas),%s (%s fourmis),,,
UPGRADE_REQUIRES_ASSIMILATION_FMT,%s assimilation,asimilación %s,assimilação %s,assimilation %s,,,
UPGRADE_REQUIRES_SYNERGY_FMT,%s synergy,sinergia %s,sinergia %s,synergie %s,,,
BUILD_NO_CONSTRUCTIONS,  No new constructions available at this time.,No hay nuevas construcciones disponibles en este momento.,Nenhuma construção nova disponível no momento.,Aucune nouvelle construction disponible pour le moment.,,,
BUILD_UNDER_CONSTRUCTION,Under Construction: %s,En Construcción: %s,Em construção: %s,En construction : %s,,,
BUILD_PROGRESS_HOURS,%s / %s Hours,%s / %s Horas,%s / %s horas,%s / %s heures,,,
BUILD_STATUS_BUILDERS,%s Builders,%s Constructoras,%s construtoras,%s ouvrières,,,
BUILD_STATUS_CRANES,%s Cranes,%s Grúas,%s guindastes,%s grues,,,
BUILD_STATUS_SPEED,%s (%s%% speed),%s (%s%% velocidad),%s (%s%% velocidade),%s (%s%% vitesse),,,
BUILD_REQUIREMENT_ERROR,You need at least 1 Builder or Crane assigned.,Necesitas al menos 1 Constructora o Grúa asignada.,É necessário pelo menos 1 construtora ou guindaste atribuído.,Il faut au moins 1 ouvrière ou 1 grue assignée.,,,
BUILD_MATERIAL_UNLOCK_ERROR,You haven't unlocked %s yet.,Todavía no has desbloqueado %s.,Ainda não desbloqueaste %s.,Vous n'avez pas encore débloqué %s.,,,
BUILD_RESOURCES_ERROR,Not enough resources.,No hay suficientes recursos.,Recursos insuficientes.,Ressources insuffisantes.,,,
BUILD_COST_FORMAT,<html>%s Minerals<br>%s Resin<br>%s Hours (base)</html>,<html>%s Minerales<br>%s Resina<br>%s Horas (base)</html>,<html>%s minerais<br>%s resina<br>%s horas (base)</html>,<html>%s minéraux<br>%s résine<br>%s heures (base)</html>,,,
ASSIMILATION_CURRENT,Current Assimilation: %s,Asimilación Actual: %s,Assimilação atual: %s,Assimilation actuelle : %s,,,
ASSIMILATION_NONE,None,Ninguna,Nenhuma,Aucune,,,
ASSIMILATION_NO_GENOMES,"  No genetic genomes available for assimilation. Complete Omni Assimilation first, then defeat other species to unlock their genomes.",No hay genomas disponibles para asimilación. Completa primero la Asimilación Omni; luego derrota otras especies para desbloquear sus genomas.,Nenhum genoma disponível para assimilação. Conclua primeiro a Assimilação Omni; depois derrote outras espécies para desbloquear os seus genomas.,"Aucun génome disponible pour l'assimilation. Terminez d'abord l'Assimilation Omni, puis battez d'autres espèces pour débloquer leurs génomes.",,,
ASSIMILATION_NO_PENDING_GENOMES,Currently there is no other species genomes to assimilate,Actualmente no hay genomas de otras especies para asimilar,Atualmente não há genomas de outras espécies para assimilar,Il n'y a actuellement aucun autre génome d'espèce à assimiler,,,
ASSIMILATION_TARGET,Target: %s,Objetivo: %s,Alvo: %s,Cible : %s,,,
ASSIMILATION_ACTIVE,Assimilating: %s,Asimilando: %s,Assimilando: %s,Assimilation : %s,,,
ASSIMILATION_PROGRESS,%s / %s ( %s%% ),%s / %s ( %s%% ),%s / %s ( %s%% ),%s / %s ( %s%% ),,,
ASSIMILATION_INFO,Assign Researchers to contribute to genetic assimilation.,Asigna Investigadoras para contribuir a la asimilación genética.,Atribua pesquisadoras para contribuir com a assimilação genética.,Assignez des chercheuses pour contribuer à l'assimilation génétique.,,,
ASSIMILATION_RP_PAUSE_NOTE,You won't generate RP while assimilating a genome.,No generarás PI mientras asimiles un genoma.,Não gerarás PI enquanto assimilares um genoma.,Vous ne générerez pas de PR pendant l'assimilation d'un génome.,,,
SYNERGY_COMING_SOON,Synergies - Coming Soon,Sinergias - Próximamente,Sinergias - em breve,Synergies - Bientôt,,,
SYNERGY_REQUIREMENTS_FMT,Combines: %s + %s,Combina: %s + %s,Combina: %s + %s,Combine : %s + %s,,,
SYNERGY_NONE_IN_PROGRESS,No synergies in progress. Assimilate genetic traits to discover combinations.,No hay sinergias en progreso. Asimila rasgos genéticos para descubrir combinaciones.,Nenhuma sinergia em progresso. Assimila traços genéticos para descobrir combinações.,Aucune synergie en cours. Assimilez des traits génétiques pour découvrir des combinaisons.,,,
SYNERGY_STATUS_ACTIVE,Active,Activa,Ativa,Active,,,
SYNERGY_STATUS_PARTIAL,In progress (%s/%s),En progreso (%s/%s),Em progresso (%s/%s),En cours (%s/%s),,,
SYNERGY_REQUIREMENT_SEPARATOR, + , + , + , + ,,,
SYNERGY_REQUIREMENT_MET_FMT,[x] %s,[x] %s,[x] %s,[x] %s,,,
SYNERGY_REQUIREMENT_MISSING_FMT,[ ] %s,[ ] %s,[ ] %s,[ ] %s,,,
TRIGGER_PROGRESS_NONE,"No trigger progress yet. Keep expanding, researching, and exploring to reveal goals.","Aún no hay progreso de disparadores. Sigue expandiendo, investigando y explorando para revelar objetivos.","Ainda sem progresso de disparadores. Continua a expandir, pesquisar e explorar para revelar objetivos.","Aucun progrès de déclencheur pour l'instant. Continuez à vous étendre, rechercher et explorer pour révéler des objectifs.",,,
TRIGGER_PROGRESS_SHOW_COMPLETED,Show completed,Mostrar completados,Mostrar concluídos,Afficher les terminés,,,
TRIGGER_PROGRESS_STATUS_UNLOCKED,Unlocked,Desbloqueado,Desbloqueado,Débloqué,,,
TRIGGER_PROGRESS_STATUS_PARTIAL,In progress (%s/%s),En progreso (%s/%s),Em progresso (%s/%s),En cours (%s/%s),,,
TRIGGER_PROGRESS_METRIC_FMT,%s: %s / %s,%s: %s / %s,%s: %s / %s,%s : %s / %s,,,
TRIGGER_PROGRESS_METRIC_MONTHS,Months elapsed,Meses transcurridos,Meses decorridos,Mois écoulés,,,
TRIGGER_PROGRESS_METRIC_CORPSES,Dead ants,Hormigas muertas,Formigas mortas,Fourmis mortes,,,
TRIGGER_PROGRESS_METRIC_RP,Research points,Puntos de investigación,Pontos de pesquisa,Points de recherche,,,
TRIGGER_PROGRESS_METRIC_POPULATION,Colony rank threshold,Umbral de rango de colonia,Limiar de posto da colónia,Seuil de rang de colonie,,,
TRIGGER_PROGRESS_METRIC_COLONIES,Colonies,Colonias,Colónias,Colonies,,,
TRIGGER_PROGRESS_METRIC_NUPTIALS,Nuptial flights,Vuelos nupciales,Voos nupciais,Essaims nuptiaux,,,
TRIGGER_PROGRESS_METRIC_TRADES,Active trades,Comercios activos,Comércios ativos,Commerces actifs,,,
TRIGGER_PROGRESS_METRIC_TUNNELS,Completed tunnels,Túneles completados,Túneis concluídos,Tunnels terminés,,,
TRIGGER_PROGRESS_METRIC_DIPLOMATS,Diplomats sent,Diplomáticas enviadas,Diplomatas enviados,Diplomates envoyés,,,
TRIGGER_PROGRESS_METRIC_ABSORBED,Absorbed dynasties,Dinastías absorbidas,Dinastias absorvidas,Dynasties absorbées,,,
TRIGGER_PROGRESS_METRIC_WARS,Wars participated,Guerras participadas,Guerras participadas,Guerres menées,,,
TRIGGER_PROGRESS_METRIC_RANK,Dynasty rank tier,Nivel de rango dinástico,Nível de posto dinástico,Niveau de rang dynastique,,,
TRIGGER_PROGRESS_METRIC_PLANTS,Mega-plant harvested,Mega-planta cosechada,Mega-planta colhida,Méga-plante récoltée,,,
TRIGGER_PROGRESS_METRIC_TIER3_BUILDINGS,Tier 3 buildings,Edificios de nivel 3,Edifícios de nível 3,Bâtiments de niveau 3,,,
TRIGGER_PROGRESS_METRIC_RESOURCES,Stored resources,Recursos almacenados,Recursos armazenados,Ressources stockées,,,
TRIGGER_PROGRESS_HINT_RESEARCHER,Survive into the second month to unlock researchers.,Sobrevive hasta el segundo mes para desbloquear investigadoras.,Sobrevive até ao segundo mês para desbloquear investigadoras.,Survivez jusqu'au deuxième mois pour débloquer les chercheuses.,,,
TRIGGER_PROGRESS_HINT_GRAVER,Accumulate corpses in the colony to unlock grave keepers.,Acumula cadáveres en la colonia para desbloquear sepultureras.,Acumula cadáveres na colónia para desbloquear coveiras.,Accumulez des cadavres dans la colonie pour débloquer les fossoyeuses.,,,
TRIGGER_PROGRESS_HINT_RESEARCH,Earn research points from researcher queens.,Gana puntos de investigación con reinas investigadoras.,Ganha pontos de pesquisa com rainhas investigadoras.,Gagnez des points de recherche avec des reines chercheuses.,,,
TRIGGER_PROGRESS_HINT_POLICE,Grow into a larger colony rank to unlock police.,Crece hasta un rango de colonia mayor para desbloquear policía.,Cresce até um posto de colónia maior para desbloquear polícia.,Atteignez un rang de colonie plus élevé pour débloquer la police.,,,
TRIGGER_PROGRESS_HINT_COLONIES,Found more colonies through nuptial flights and the world map.,Fundar más colonias con vuelos nupciales y el mapa mundial.,Fundar mais colónias com voos nupciais e o mapa mundial.,Fondez plus de colonies via essaims nuptiaux et la carte du monde.,,,
TRIGGER_PROGRESS_HINT_NUPTIALS,Launch nuptial flights from colonies with drones and breeders.,Lanza vuelos nupciales desde colonias con zánganos y reproductoras.,Lança voos nupciais a partir de colónias com zângãos e reprodutoras.,Lancez des essaims nuptiaux depuis des colonies avec drones et reproductrices.,,,
TRIGGER_PROGRESS_HINT_TRADES,Establish active trade routes between colonies.,Establece rutas comerciales activas entre colonias.,Estabelece rotas comerciais ativas entre colónias.,Établissez des routes commerciales actives entre colonies.,,,
TRIGGER_PROGRESS_HINT_TUNNELS,Complete tunnels between dynasty colonies. Requires Automation first.,Completa túneles entre colonias de la dinastía. Requiere Automatización primero.,Conclui túneis entre colónias da dinastia. Requer Automação primeiro.,Achevez des tunnels entre colonies de la dynastie. Nécessite d'abord Automatisation.,,,
TRIGGER_PROGRESS_HINT_DIPLOMATS,Send diplomats on loyalty or reputation missions. Requires Automation first.,Envía diplomáticas en misiones de lealtad o reputación. Requiere Automatización primero.,Envia diplomatas em missões de lealdade ou reputação. Requer Automação primeiro.,Envoyez des diplomates en missions de loyauté ou de réputation. Nécessite d'abord Automatisation.,,,
TRIGGER_PROGRESS_HINT_ABSORBED,Defeat and absorb another dynasty.,Derrota y absorbe otra dinastía.,Derrota e absorve outra dinastia.,Vainquez et absorbez une autre dynastie.,,,
TRIGGER_PROGRESS_HINT_COMMANDER,Fight in wars and keep more than one queen in a colony to unlock Commander.,Participa en guerras y mantén más de una reina en una colonia para desbloquear Comandante.,Participa em guerras e mantém mais de uma rainha numa colónia para desbloquear Comandante.,Participez à des guerres et gardez plus d'une reine dans une colonie pour débloquer Commandante.,,,
TRIGGER_PROGRESS_HINT_RANK,Reach Empire dynasty rank to unlock Cloning (assimilation integrity gains and assimilated drones).,Alcanza el rango dinástico Imperio para desbloquear Clonación (integridad por asimilación y zánganos asimilados).,Alcança o posto dinástico Império para desbloquear Clonagem (integridade por assimilação e zangões assimilados).,Atteignez le rang dynastique Empire pour débloquer le Clonage (intégrité par assimilation et mâles assimilés).,,,
TRIGGER_PROGRESS_HINT_SCOUT,Harvest enough plants from any discovered plant source.,Cosecha suficientes plantas de cualquier fuente de plantas descubierta.,Colhe plantas suficientes de qualquer fonte de plantas descoberta.,Récoltez assez de plantes depuis n'importe quelle source de plantes découverte.,,,
TRIGGER_PROGRESS_HINT_MINER,Complete 10 Tier 3 buildings across your dynasty (requires Soldier type).,Completa 10 edificios de nivel 3 en tu dinastía (requiere tipo Soldado).,Conclua 10 edifícios de nível 3 na dinastia (requer tipo Soldada).,Terminez 10 bâtiments de niveau 3 dans votre dynastie (type Soldat requis).,,,
TRIGGER_PROGRESS_HINT_PARASITIC_MITE,"Stockpile resources. Outbreaks (cold biomes, fall/winter) unlock symbiotic mite catching dynasty-wide.","Acumula recursos. Los brotes (biomas fríos, otoño/invierno) desbloquean la captura de ácaros simbióticos en toda la dinastía.","Acumula recursos. Surtos (biomas frios, outono/inverno) desbloqueiam a captura de ácaros simbióticos em toda a dinastia.","Stockez des ressources. Les épidémies (biomes froids, automne/hiver) débloquent la capture d'acariens symbiotiques pour toute la dynastie.",,,
SYNERGY_SUPER_VENOM,Super Venom,Súper Veneno,Super Veneno,Super Venin,,,
SYNERGY_SUPER_VENOM_FLAVOR,Super Venom,Súper Veneno,Super Veneno,Super Venin,,,
SYNERGY_SUPER_VENOM_DESC,Replaces Fire + Neurotoxic venom stacking (+50% each) with a +200% colony attack bonus (3x total) when both venoms are assimilated and Synergies are researched.,Sustituye el apilamiento de veneno de fuego + neurotóxico (+50% cada uno) por un bonus de ataque de +200% (3x total) cuando ambos venenos están asimilados y se investigaron Sinergias.,Substitui o empilhamento de veneno de fogo + neurotóxico (+50% cada) por um bónus de ataque de +200% (3x total) quando ambos os venenos estão assimilados e Sinergias foram pesquisadas.,Remplace l'empilement venin de feu + neurotoxique (+50 % chacun) par un bonus d'attaque de +200 % (3x au total) lorsque les deux venins sont assimilés et que les Synergies sont recherchées.,,,
SYNERGY_ACID_ARTILLERY,Acid Artillery,Artillería ácida,Artilharia ácida,Artillerie acide,,,
SYNERGY_ACID_ARTILLERY_FLAVOR,Living Howitzers,Obuses vivientes,Obuses vivos,Obusiers vivants,,,
SYNERGY_ACID_ARTILLERY_DESC,"Unlocks the Artillery role for majors. Artillery majors gain the Acid Artillery skill (500% damage, 50% accuracy). Requires Acid Spitting assimilation and Major ants.","Desbloquea el rol Artillería para mayores. Las mayores de artillería obtienen la habilidad Artillería ácida (500% daño, 50% precisión). Requiere asimilación de Escupitajo ácido y hormigas mayores.","Desbloqueia a função Artilharia para majores. Majores de artilharia ganham a habilidade Artilharia ácida (500% dano, 50% precisão). Requer assimilação de Cuspe ácido e formigas majores.","Débloque le rôle Artillerie pour les majores. Les majores d'artillerie gagnent la compétence Artillerie acide (500 % dégâts, 50 % précision). Nécessite l'assimilation Crachat d'acide et des fourmis majores.",,,
SYNERGY_CORROSIVE_BOMBS,Corrosive Bombs,Bombas corrosivas,Bombas corrosivas,Bombes corrosives,,,
SYNERGY_CORROSIVE_BOMBS_FLAVOR,Acidic Sacrifice,Sacrificio ácido,Sacrifício ácido,Sacrifice acide,,,
SYNERGY_CORROSIVE_BOMBS_DESC,"Replaces Selfdestruct for Bombers with Acidic Selfdestruct (1000% damage, 90% accuracy, 7 targets; the ant dies). Requires Selfdestruct and Acid Spitting assimilations.","Sustituye Autodestrucción de las Bombarderas por Autodestrucción ácida (1000% daño, 90% precisión, 7 objetivos; la hormiga muere). Requiere asimilaciones Autodestrucción y Escupitajo ácido.","Substitui Autodestruição das Bombardeiras por Autodestruição ácida (1000% dano, 90% precisão, 7 alvos; a formiga morre). Requer assimilações Autodestruição e Cuspe ácido.","Remplace Autodestruction des Bombardières par Autodestruction acide (1000 % dégâts, 90 % précision, 7 cibles ; la fourmi meurt). Nécessite les assimilations Autodestruction et Crachat d'acide.",,,
SYNERGY_AIR_BOMBER,Air Bomber,Bombardera aérea,Bombardeira aérea,Bombardière aérienne,,,
SYNERGY_AIR_BOMBER_DESC,"Unlocks the Air Bomber role for princesses. Air Bombers gain Air Bombing (2000% damage, 90% accuracy, 7 targets; the ant dies). Requires Air Support, Bomber, and Acid Spitting assimilation.","Desbloquea el rol Bombardera aérea para princesas. Otorga Bombardeo aéreo (2000% daño, 90% precisión, 7 objetivos; la hormiga muere). Requiere Apoyo aéreo, Bombardera y Escupitajo ácido.","Desbloqueia a função Bombardeira aérea para princesas. Concede Bombardeamento aéreo (2000% dano, 90% precisão, 7 alvos; a formiga morre). Requer Apoio aéreo, Bombardeira e Cuspe ácido.","Débloque le rôle Bombardière aérienne pour les princesses. Accorde Bombardement aérien (2000 % dégâts, 90 % précision, 7 cibles ; la fourmi meurt). Nécessite Appui aérien, Bombardière et Crachat d'acide.",,,
DIALOG_HATCH_RATES_TITLE,Manage Pupa Hatch Rates,Gestionar Tasas de Eclosión,Taxas de eclosão,Taux d'éclosion des nymphes,,,
HATCH_DESC,Set hatch chance for new ants:,Establecer probabilidad de eclosión:,Definir probabilidade de eclosão:,Probabilité d'éclosion pour les nouvelles fourmis :,,,
HATCH_TOTAL,Total: %s%%,Total: %s%%,Total: %s%%,Total : %s%%,,,
HATCH_WARNING_TOTAL,Warning: Total is not 100%%.,Advertencia: El total no es 100%%.,Aviso: o total não é 100%%.,Attention : le total n'est pas 100%%.,,,
HATCH_TOTAL_OK,Total is 100%,El total es 100%,O total é 100%,Le total est 100%,,,
HATCH_SUBTYPE_HEAD_SECTION,Head subtypes:,Subtipos de cabeza:,Subtipos de cabeça:,Sous-types de tête :,,,
HATCH_SUBTYPE_ABDOMEN_SECTION,Abdomen subtypes:,Subtipos de abdomen:,Subtipos de abdômen:,Sous-types d'abdomen :,,,
HATCH_SUBTYPE_ROW_TOTAL,Row total,Total fila,Total linha,Total ligne,,,
SUBTYPE_FOOD_COST_PER_TRAIT,(+50% food consumption per active subtype part),(+50% consumo de alimento por parte activa del subtipo),(+50% consumo de alimento por parte ativa do subtipo),(+50 % de consommation alimentaire par partie active du sous-type),,,
SUBTYPE_NOTHING,Nothing,Ninguno,Nenhum,Aucun,,,
SUBTYPE_NOTHING_DESC,No special effect.,Sin efecto especial.,Sem efeito especial.,Aucun effet spécial.,,,
SUBTYPE_HEAD_TRAPJAW,Trapjaw,Mandíbula trampa,Mandíbula-armadilha,Mâchoire-piège,,,
SUBTYPE_HEAD_DOORHEAD,Doorhead,Cabeza escudo,Cabeça-escudo,Tête-bouclier,,,
SUBTYPE_HEAD_FARSIGHT,Far Sight,Vista lejana,Visão longa,Longue vue,,,
SUBTYPE_ABDOMEN_STINGER,Stinger,Aguijón,Ferrão,Dard,,,
SUBTYPE_ABDOMEN_HONEYPOT,Honeypot,Mielera,Melífera,Pot-de-miel,,,
SUBTYPE_HEAD_TRAPJAW_DESC,"Trapjaw head: 1.5x attack on infantry skills. Adds together with other subtype attack bonuses (with Stinger: 3x total, not 2.25x).","Cabeza mandíbula-trampa: 1.5x ataque en habilidades de infantería. Se suma a otros bonus de ataque de subtipo (con Aguijón: 3x total, no 2.25x).","Cabeça mandíbula-armadilha: 1.5x ataque em habilidades de infantaria. Soma-se a outros bônus de ataque de subtipo (com Ferrão: 3x no total, não 2.25x).","Tête mâchoire-piège : 1,5x attaque sur les compétences d'infanterie. S'additionne aux autres bonus d'attaque de sous-type (avec Dard : 3x au total, pas 2,25x).",,,
SUBTYPE_HEAD_DOORHEAD_DESC,Doorhead: +20% defense.,Cabeza-escudo: +20% defensa.,Cabeça-escudo: +20% defesa.,Tête-bouclier : +20 % de défense.,,,
SUBTYPE_HEAD_FARSIGHT_DESC,Far Sight head: +15% accuracy to all skills (capped at 100%).,Cabeza Vista lejana: +15% precisión a todas las habilidades (máximo 100%).,Cabeça Visão longa: +15% precisão a todas as habilidades (máximo 100%).,Tête Longue vue : +15 % de précision à toutes les compétences (plafond 100 %).,,,
SUBTYPE_ABDOMEN_STINGER_DESC,"Stinger abdomen: 1.5x attack on infantry skills. Adds together with other subtype attack bonuses (with Trapjaw: 3x total, not 2.25x).","Abdomen aguijón: 1.5x ataque en habilidades de infantería. Se suma a otros bonus de ataque de subtipo (con Mandíbula-trampa: 3x total, no 2.25x).","Abdômen ferrão: 1.5x ataque em habilidades de infantaria. Soma-se a outros bônus de ataque de subtipo (com Mandíbula-armadilha: 3x no total, não 2.25x).","Abdomen dard : 1,5x attaque sur les compétences d'infanterie. S'additionne aux autres bonus d'attaque de sous-type (avec Mâchoire-piège : 3x au total, pas 2,25x).",,,
SUBTYPE_ABDOMEN_HONEYPOT_DESC,Honeypot abdomen: 4x foraging power and carry capacity; 0.75x movement speed; +15% regeneration.,Abdomen mielera: 4x recolección y capacidad de carga; 0.75x velocidad; +15% regeneración.,Abdômen melífera: 4x coleta e capacidade de carga; 0.75x velocidade; +15% regeneração.,"Abdomen pot-de-miel : 4x collecte et capacité de port ; 0,75x vitesse ; +15 % régénération.",,,
SKILL_BASIC_BITE,Basic Bite,Mordida básica,Mordida básica,Morsure basique,,,
SKILL_POWERFUL_BITE,Powerful Bite,Mordida poderosa,Mordida poderosa,Morsure puissante,,,
SKILL_STINGING,Stinging,Aguijón,Ferrão,Piqûre,,,
SKILL_SHIELDING,Shielding,Escudo,Escudo,Bouclier,,,
SKILL_BOOST_REGEN,Boost Regen,Regeneración reforzada,Regeneração reforçada,Régénération renforcée,,,
SKILL_ACID_SPITTING,Acid Spitting,Escupitajo ácido,Cuspe ácido,Crachat d'acide,,,
SKILL_ACID_ARTILLERY,Acid Artillery,Artillería ácida,Artilharia ácida,Artillerie acide,,,
SKILL_SELFDESTRUCT,Selfdestruct,Autodestrucción,Autodestruição,Autodestruction,,,
SKILL_ACIDIC_SELFDESTRUCT,Acidic Selfdestruct,Autodestrucción ácida,Autodestruição ácida,Autodestruction acide,,,
SKILL_ARTILLERY_LEADER,Artillery Leader,Líder de artillería,Líder de artilharia,Chef d'artillerie,,,
SKILL_INFANTRY_LEADER,Infantry Leader,Líder de infantería,Líder de infantaria,Chef d'infanterie,,,
SKILL_CLOSE_ANT_SUPPORT,Close Ant Support,Apoyo ant cercano,Apoio formiga próximo,Appui fourmi rapproché,,,
SKILL_AIR_BOMBING,Air Bombing,Bombardeo aéreo,Bombardeamento aéreo,Bombardement aérien,,,
BATTLE_LINE_INFANTRY,Infantry,Infantería,Infantaria,Infanterie,,,
BATTLE_LINE_ARTILLERY,Artillery,Artillería,Artilharia,Artillerie,,,
BATTLE_LINE_AIR_SUPPORT,Air Support,Apoyo aéreo,Apoio aéreo,Appui aérien,,,
DIALOG_ABILITIES_TITLE,Colony Operations,Operaciones de Colonia,Operações da colônia,Opérations de colonie,,,
ABILITY_RP_LABEL,Research Points: %s,Puntos de Investigación: %s,Pontos de pesquisa: %s,Points de recherche : %s,,,
ABILITY_NO_ABILITIES,No active abilities unlocked yet.,No hay habilidades activas desbloqueadas aún.,Nenhuma habilidade ativa desbloqueada ainda.,Aucune capacité active débloquée pour l'instant.,,,
ABILITY_FORCED_FLIGHT,Forced Nuptial Flight,Vuelo Nupcial Forzado,Voo nupcial forçado,Essaim nuptial forcé,,,
ABILITY_FORCED_FLIGHT_DESC,"Spend %s RP to immediately trigger a nuptial flight.
Requires Drones and Breeder Princesses.","Gasta %s PI para activar inmediatamente un vuelo nupcial.
Requiere Zánganos y Princesas Criadoras.","Gaste %s PP para ativar imediatamente um voo nupcial.
Requer zangões e princesas reprodutoras.","Dépensez %s PR pour déclencher immédiatement un essaim nuptial.
Nécessite des mâles et des princesses reproductrices.",,,
ABILITY_MASS_FLIGHT,Mass Nuptial Flights,Vuelos Nupciales Masivos,Voos nupciais em massa,Essaims nuptiaux de masse,,,
ABILITY_MASS_FLIGHT_DESC,Spend %s RP to trigger nuptial flights in ALL capable colonies across your dynasty.,Gasta %s PI para activar vuelos nupciales en TODAS las colonias capaces de tu dinastía.,Gaste %s PP para ativar voos nupciais em TODAS as colônias capazes da sua dinastia.,Dépensez %s PR pour déclencher des essaims dans TOUTES les colonies capables de votre dynastie.,,,
ABILITY_ERROR_NOT_ENOUGH_RP,Not enough Research Points (%s needed).,No hay suficientes Puntos de Investigación (se necesitan %s).,Pontos de pesquisa insuficientes (são necessários %s).,Pas assez de points de recherche (%s requis).,,,
ABILITY_ERROR_NO_DRONES,No Drones available in the colony.,No hay Zánganos disponibles en la colonia.,Não há zangões disponíveis na colônia.,Aucun mâle disponible dans la colonie.,,,
ABILITY_ERROR_NO_BREEDERS,No Breeder Princesses available.,No hay Princesas Criadoras disponibles.,Não há princesas reprodutoras disponíveis.,Aucune princesse reproductrice disponible.,,,
ABILITY_ERROR_LOCATE_COLONY,Error: Could not locate colony on the world map.,Error: No se pudo localizar la colonia en el mapa mundial.,Erro: não foi possível localizar a colônia no mapa mundial.,Erreur : impossible de localiser la colonie sur la carte du monde.,,,
ABILITY_ERROR_ALREADY_ACTIVE,This ability is already active.,Esta habilidad ya está activa.,Esta habilidade já está ativa.,Cette capacité est déjà active.,,,
ABILITY_ERROR_NOT_ENOUGH_RESOURCE,Not enough %2$s (%1$d needed).,No hay suficiente %2$s (se necesitan %1$d).,Não há %2$s suficiente (%1$d necessário).,Pas assez de %2$s (%1$d requis).,,,
ABILITY_COST_RESOURCE_FMT,Cost: %s %s,Costo: %s %s,Custo: %s %s,Coût : %s %s,,,
ABILITY_PHEROMONE_STORM,Pheromone Storm,Tormenta de Feromonas,Tempestade de Feromônios,Tempête de Phéromones,,,
ABILITY_PHEROMONE_STORM_FLAVOR,Scented Unity,Unidad Aromática,Unidade Aromática,Unité Parfumée,,,
ABILITY_PHEROMONE_STORM_DESC,Spend 500 syrups to boost colony loyalty by 10 for one year (12 months).,Gasta 500 jarabes para aumentar la lealtad de la colonia en 10 durante un año (12 meses).,Gaste 500 xaropes para aumentar a lealdade da colônia em 10 por um ano (12 meses).,Dépensez 500 sirops pour augmenter la loyauté de la colonie de 10 pendant un an (12 mois).,,,
ABILITY_CREATINE_DIET,Creatine Diet,Dieta de Creatina,Dieta de Creatina,Régime Créatine,,,
ABILITY_CREATINE_DIET_FLAVOR,Muscle Fuel,Combustible Muscular,Combustível Muscular,Carburant Musculaire,,,
ABILITY_CREATINE_DIET_DESC,Spend 300 protein to double ant movement speed for half a year (6 months).,Gasta 300 proteína para duplicar la velocidad de movimiento de las hormigas durante medio año (6 meses).,Gaste 300 proteína para dobrar a velocidade de movimento das formigas por meio ano (6 meses).,Dépensez 300 protéines pour doubler la vitesse de déplacement des fourmis pendant six mois (6 mois).,,,
ABILITY_JUMPING,Jumping,Salto,Salto,Saut,,,
ABILITY_JUMPING_FLAVOR,Leap Strikes,Saltos de Ataque,Saltos de Ataque,Frappes Sautées,,,
ABILITY_JUMPING_DESC,Infantry melee attacks can reach the artillery battle line and deal 1.2x damage.,Los ataques cuerpo a cuerpo de infantería pueden alcanzar la línea de artillería e infligen 1.2x de daño.,Ataques corpo a corpo de infantaria podem alcançar a linha de artilharia e causam 1.2x de dano.,Les attaques de mêlée d'infanterie peuvent atteindre la ligne d'artillerie et infligent 1.2x dégâts.,,,
ABILITY_SWARMING,Swarming,Enjambre,Enxame,Essaimage,,,
ABILITY_SWARMING_FLAVOR,Raid Swarms,Enjambres de Incursión,Enxames de Incursão,Essaims de Raid,,,
ABILITY_SWARMING_DESC,Increases combat capacity by 50% (more ants active per battle line).,Aumenta la capacidad de combate un 50% (más hormigas activas por línea de batalla).,Aumenta a capacidade de combate em 50% (mais formigas ativas por linha de batalha).,Augmente la capacité de combat de 50 % (plus de fourmis actives par ligne de bataille).,,,
DIALOG_STATS_TITLE,Statistics,Estadísticas,Estatísticas,Statistiques,,,
STATS_DYNASTY_MODE,Dynasty Mode,Modo Dinastía,Modo dinastia,Mode dynastie,,,
STATS_TAB_GENERAL,General & World,General y Mundo,Geral e mundo,Général et monde,,,
STATS_TAB_DYNASTY,Dynasty Overview,Resumen de Dinastía,Visão da dinastia,Aperçu dynastie,,,
STATS_TAB_ECONOMY,Economy,Economía,Economia,Économie,,,
STATS_TAB_POPULATION,Population,Población,População,Population,,,
STATS_TAB_LOCAL_HEX,Local Hex,Hexágono Local,Hexágono local,Hex local,,,
STATS_TAB_RATES,Rates & Jobs,Tasas y Trabajos,Taxas e trabalhos,Taux et emplois,,,
STATS_TAB_INSECTS,Insects,Insectos,Insetos,Insectes,,,
STATS_TAB_UNIT_STATS,Unit Stats,Estad. de Unidades,Estat. de unidades,Stats d'unités,,,
STATS_TAB_MORTALITY,Mortality,Mortalidad,Mortalidade,Mortalité,,,
STATS_TAB_WORLD_HISTORY,World History,Historia del Mundo,História do Mundo,Histoire du monde,,,
STAT_BIRTH_RATE,Birth Rate,Tasa de natalidad,Taxa de natalidade,Taux de natalité,,,
HISTORY_FILTER_ALL,All events,Todos los eventos,Todos os eventos,Tous les événements,,,
HISTORY_FILTER_OWN_ONLY,Only my dynasty,Solo mi dinastía,Só a minha dinastia,Ma dynastie seulement,,,
HISTORY_FILTER_COLONY,Colonies,Colonias,Colónias,Colonies,,,
HISTORY_FILTER_DYNASTY,Dynasties,Dinastías,Dinastias,Dynasties,,,
HISTORY_FILTER_WAR,Wars,Guerras,Guerras,Guerres,,,
HISTORY_FILTER_BATTLE,Battles,Batallas,Batalhas,Batailles,,,
HISTORY_FILTER_REBELLION,Rebellions,Rebeliones,Rebeliões,Rébellions,,,
HISTORY_FILTER_NUPTIAL,Nuptial flights,Vuelos nupciales,Voos nupciais,Essaims nuptiaux,,,
HISTORY_FILTER_ASSIMILATION,Assimilations,Asimilaciones,Assimilações,Assimilations,,,
HISTORY_COL_DATE,Date,Fecha,Data,Date,,,
HISTORY_COL_CATEGORY,Category,Categoría,Categoria,Catégorie,,,
HISTORY_COL_EVENT,Event,Evento,Evento,Événement,,,
HISTORY_EMPTY,No world history recorded yet.,Aún no hay historia del mundo registrada.,Ainda não há história do mundo registada.,Aucune histoire du monde enregistrée pour l'instant.,,,
HISTORY_UNKNOWN_DYNASTY_FMT,Dynasty #%s,Dinastía #%s,Dinastia #%s,Dynastie #%s,,,
HISTORY_UNKNOWN_COLONY_FMT,Colony #%s,Colonia #%s,Colónia #%s,Colonie #%s,,,
HISTORY_UNKNOWN_ASSIMILATION_FMT,Assimilation #%s,Asimilación #%s,Assimilação #%s,Assimilation #%s,,,
HISTORY_COLONY_FOUNDED_FMT,%s founded by %s,%s fundada por %s,%s fundada por %s,%s fondée par %s,,,
HISTORY_COLONY_DIED_FMT,%s of %s collapsed (%s),%s de %s colapsó (%s),%s de %s colapsou (%s),%s de %s s'est effondrée (%s),,,
HISTORY_DYNASTY_FORMED_FMT,%s was founded,%s fue fundada,%s foi fundada,%s a été fondée,,,
HISTORY_DYNASTY_DIED_FMT,%s fell (%s),%s cayó (%s),%s caiu (%s),%s est tombée (%s),,,
HISTORY_DYNASTY_ABSORBED_FMT,%s absorbed %s,%s absorbió a %s,%s absorveu %s,%s a absorbé %s,,,
HISTORY_DYNASTY_RANK_UP_FMT,%s rose from %s to %s,%s ascendió de %s a %s,%s subiu de %s para %s,%s est passée de %s à %s,,,
HISTORY_CAPITAL_MOVED_FMT,%s crowned a new capital: %s,%s coronó nueva capital: %s,%s coroou nova capital: %s,%s a couronné une nouvelle capitale : %s,,,
HISTORY_WAR_STARTED_FMT,%s declared war on %s (war #%s),%s declaró la guerra a %s (guerra #%s),%s declarou guerra a %s (guerra #%s),%s a déclaré la guerre à %s (guerre #%s),,,
HISTORY_WAR_ENDED_FMT,War #%s ended — winner: %s (%s),Guerra #%s terminó — ganador: %s (%s),Guerra #%s terminou — vencedor: %s (%s),Guerre #%s terminée — vainqueur : %s (%s),,,
HISTORY_BATTLE_FMT,%s won a battle at %s (war #%s),%s ganó una batalla en %s (guerra #%s),%s venceu uma batalha em %s (guerra #%s),%s a gagné une bataille à %s (guerre #%s),,,
HISTORY_BATTLE_CAPTURE_FMT,%s captured %s (war #%s),%s capturó %s (guerra #%s),%s capturou %s (guerra #%s),%s a capturé %s (guerre #%s),,,
HISTORY_REBELLION_FORMED_FMT,%s rebelled from %s with %s colonies,%s se rebeló de %s con %s colonias,%s rebelou-se de %s com %s colónias,%s s'est rebellée contre %s avec %s colonies,,,
HISTORY_REBELLION_FIGHT_FMT,%s chose to fight the rebellion of %s,%s eligió luchar contra la rebelión de %s,%s escolheu lutar contra a rebelião de %s,%s a choisi de combattre la rébellion de %s,,,
HISTORY_REBELLION_INDEPENDENCE_FMT,%s granted independence to %s,%s concedió independencia a %s,%s concedeu independência a %s,%s a accordé l'indépendance à %s,,,
HISTORY_NUPTIAL_FLIGHT_FMT,"Nuptial flight at %s (+%s queens, %s left to found)","Vuelo nupcial en %s (+%s reinas, %s partieron a fundar)","Voo nupcial em %s (+%s rainhas, %s partiram para fundar)","Essaim nuptial à %s (+%s reines, %s parties fonder)",,,
HISTORY_ASSIMILATION_COMPLETED_FMT,%s completed assimilation: %s,%s completó la asimilación: %s,%s concluiu a assimilação: %s,%s a terminé l'assimilation : %s,,,
HISTORY_CAUSE_NO_QUEEN,no queen,sin reina,sem rainha,sans reine,,,
HISTORY_CAUSE_ZERO_ANTS,no living ants,sin hormigas vivas,sem formigas vivas,sans fourmis vivantes,,,
HISTORY_CAUSE_ALL_COLONIES_DEAD,all colonies dead,todas las colonias muertas,todas as colónias mortas,toutes les colonies mortes,,,
HISTORY_CAUSE_EXTINCT,extinct,extinta,extinta,éteinte,,,
HISTORY_CAUSE_EXTINCT_DEHYDRATION,extinct (dehydration),extinta (deshidratación),extinta (desidratação),éteinte (déshydratation),,,
HISTORY_CAUSE_EXTINCT_EXHAUSTION,extinct (resource exhaustion),extinta (agotamiento de recursos),extinta (esgotamento de recursos),éteinte (épuisement des ressources),,,
COL_CATEGORY,Category,Categoría,Categoria,Catégorie,,,
COL_PROPERTY,Property,Propiedad,Propriedade,Propriété,,,
COL_VALUE,Value,Valor,Valor,Valeur,,,
COL_SCOPE,Scope,Alcance,Escopo,Portée,,,
COL_METRIC,Metric,Métrica,Métrica,Métrique,,,
COL_RESOURCE,Resource,Recurso,Recurso,Ressource,,,
COL_CURRENT,Current,Actual,Atual,Actuel,,,
COL_CAPACITY,Capacity,Capacidad,Capacidade,Capacité,,,
COL_SOURCES,Sources,Fuentes,Fontes,Sources,,,
COL_PROD_DAY,Prod/Day,Prod/Día,Prod./dia,Prod/jour,,,
COL_CONS_DAY,Cons/Day,Cons/Día,Cons./dia,Cons/jour,,,
COL_NET,Net,Neto,Líquido,Net,,,
COL_TYPE,Type,Tipo,Tipo,Type,,,
COL_ROLE,Role,Rol,Função,Rôle,,,
COL_COUNT,Count,Cantidad,Quantidade,Nombre,,,
COL_ACTIVITY,Activity,Actividad,Atividade,Activité,,,
COL_ASSIGNED,Assigned,Asignados,Atribuídas,Assignées,,,
COL_RATE_CAP,Rate/Capacity,Tasa/Capacidad,Taxa/capacidade,Taux/capacité,,,
COL_COV_OUT,Coverage/Output,Cobertura/Salida,Cobertura/saída,Couverture/sortie,,,
COL_STAT,Stat,Estad.,Estat.,Stat,,,
COL_BASE_VAL,Base Value,Valor Base,Valor base,Valeur de base,,,
COL_DESCRIPTION,Description,Descripción,Descrição,Description,,,
COL_CAUSE,Cause,Causa,Causa,Cause,,,
COL_TOTAL,Total,Total,Total,Total,,,
COL_CARETAKERS,Caretakers,Cuidadores,Cuidadores,Gardiens,,,
STAT_STATUS_NO_HEX,No Active Hex,Sin Hexágono Activo,Sem hexágono ativo,Aucun hex actif,,,
STAT_COORDS,"Coordinates (Q, R)","Coordenadas (Q, R)","Coordenadas (Q, R)","Coordonnées (Q, R)",,,
STAT_LOCAL_WEATHER,Local Weather,Clima Local,Clima local,Météo locale,,,
STAT_USING_GLOBAL,Using Global,Usando Global,Usando global,Utilise global,,,
STAT_BASE_TEMP,Base Temp,Temp. Base,Temp. base,Temp. de base,,,
STAT_HUMIDITY_LEVEL,Humidity Level,Nivel de Humedad,Nível de umidade,Niveau d'humidité,,,
STAT_ABUNDANCES,Abundances,Abundancias,Abundâncias,Abondances,,,
STAT_NEIGHBORS,Neighbors,Vecinos,Vizinhos,Voisins,,,
STAT_EDGE_WORLD,Edge of World,Borde del Mundo,Borda do mundo,Bord du monde,,,
STAT_UNKNOWN,Unknown,Desconocido,Desconhecido,Inconnu,,,
STAT_DYNASTY,Dynasty,Dinastía,Dinastia,Dynastie,,,
STAT_GLOBAL_POP,Global Population,Población Global,População global,Population mondiale,,,
STAT_GLOBAL_QUEENS,Global Queens,Reinas Globales,Rainhas globais,Reines mondiales,,,
STAT_SPECIES_SCIENTIFIC,Species (Scientific),Especie (Científico),Espécie (científico),Espèce (scientifique),,,
STAT_AGE,Age,Edad,Idade,Âge,,,
STAT_DAYS_SUFFIX, days, días, dias, jours,,,
STAT_QUEEN_STATUS,Queen Status,Estado de la Reina,Estado da rainha,État de la reine,,,
STAT_AUTOMATION,Automation,Automatización,Automação,Automatisation,,,
STAT_AUTO_BUILD,Auto-Build,Auto-Construcción,Auto-construção,Auto-construction,,,
STAT_AUTO_TUNNELS,Auto-Tunnels,Auto-Túneles,Auto-Túneis,Auto-tunnels,,,
STAT_AUTO_LOGISTICS,Auto-Logistics,Auto-Logística,Auto-Logística,Auto-logistique,,,
DYNASTY_DEFAULT_AUTO_TUNNELS,Default Auto-Tunnels,Auto-Túneles por defecto,Auto-Túneis padrão,Auto-tunnels par défaut,,,
DYNASTY_DEFAULT_AUTO_LOGISTICS,Default Auto-Logistics,Auto-Logística por defecto,Auto-Logística padrão,Auto-logistique par défaut,,,
DYNASTY_DEFAULT_AUTO_LOGISTICS_TOOLTIP,Enable Auto-Logistics on newly founded colonies.,Activa Auto-Logística en colonias nuevas.,Ativa Auto-Logística em colónias novas.,Active l'auto-logistique sur les nouvelles colonies.,,,
DYNASTY_DEFAULT_AUTO_TUNNELS_TOOLTIP,Enable Auto-Tunnels on newly founded colonies.,Activa Auto-Túneles en colonias nuevas.,Ativa Auto-Túneis em colónias novas.,Active les auto-tunnels sur les nouvelles colonies.,,,
DYNASTY_AUTO_DIPLOMACY,Auto-Diplomacy,Auto-Diplomacia,Auto-Diplomacia,Auto-Diplomatie,,,
DYNASTY_AUTO_DIPLOMACY_TOOLTIP,Capital and militant colonies automatically send diplomats to raise satellite loyalty.,La capital y las colonias militantes envían diplomáticas automáticamente para subir la lealtad de los satélites.,A capital e colónias militantes enviam diplomatas automaticamente para elevar a lealdade dos satélites.,La capitale et les colonies militantes envoient automatiquement des diplomates pour relever la loyauté des satellites.,,,
LOYALTY_MODIFIER_DIPLOMAT_MISSION,Diplomatic mission,Misión diplomática,Missão diplomática,Mission diplomatique,,,
DIPLO_MODIFIER_DIPLOMAT_MISSION,Diplomatic mission,Misión diplomática,Missão diplomática,Mission diplomatique,,,
STAT_DATE_TIME,Date & Time,Fecha y Hora,Data e hora,Date et heure,,,
STAT_TIME_DAY,Time of Day,Momento del Día,Momento do dia,Moment de la journée,,,
STAT_MOON_PHASE,Moon Phase,Fase Lunar,Fase lunar,Phase lunaire,,,
STAT_ENVIRONMENT,Environment,Entorno,Ambiente,Environnement,,,
STAT_NO_DYNASTY,No Dynasty Linked,Sin Dinastía Vinculada,Sem dinastia vinculada,Aucune dynastie liée,,,
STAT_CAPITAL,Capital,Capital,Capital,Capitale,,,
STAT_TOTAL_COLONIES,Total Colonies,Total de Colonias,Total de colônias,Total des colonies,,,
STAT_NUPTIAL_FLIGHTS,Total Nuptial Flights,Total Vuelos Nupciales,Total de voos nupciais,Total des essaims nuptiaux,,,
STAT_DEFEATED_SPECIES,Defeated Species,Especies Derrotadas,Espécies derrotadas,Espèces vaincues,,,
STAT_UPGRADES_RES,Upgrades Researched,Mejoras Investigadas,Melhorias pesquisadas,Améliorations recherchées,,,
STAT_ASSIM_COMP,Completed Assimilations,Asimilaciones Completadas,Assimilações concluídas,Assimilations terminées,,,
STAT_BUILDINGS_BUILT,Total Buildings Built,Total Edificios Construidos,Total de edifícios construídos,Total des bâtiments construits,,,
STAT_STORED_POINTS,Stored Points,Puntos Almacenados,Pontos armazenados,Points stockés,,,
STAT_GLOBAL_RATE,Global Rate,Tasa Global,Taxa global,Taux global,,,
STAT_PTS_DAY_FORMAT,+%s pts/day,+%s pts/día,+%s pts/dia,+%s pts/jour,,,
STAT_MORTALITY,Mortality,Mortalidad,Mortalidade,Mortalité,,,
STAT_GLOBAL_DEATHS,Global Deaths,Muertes Globales,Mortes globais,Morts mondiales,,,
STAT_GENETIC_INTEGRITY,Genetic Integrity,Integridad Genética,Integridade genética,Intégrité génétique,,,
STAT_TOTAL_FOOD,Total Food,Alimento Total,Alimento total,Aliment total,,,
STAT_SUBTYPE_FOOD_OVERHEAD,Subtype food overhead,Extra de alimento por subtipos,Extra de alimento por subtipos,Surcoût alimentaire des sous-types,,,
STAT_ADULTS,Total Adults,Adultos Totales,Adultos totais,Adultes totaux,,,
STAT_JUVENILES,Total Juveniles,Juveniles Totales,Jovens totais,Juvéniles totaux,,,
STAT_COLONY_TOTAL,Colony Total,Total Colonia,Total da colônia,Total colonie,,,
STAT_DYNASTY_TOTAL,Dynasty Total,Total Dinastía,Total da dinastia,Total dynastie,,,
STAT_NO_DEATHS,No deaths recorded,No se registraron muertes,Nenhuma morte registrada,Aucune mort enregistrée,,,
UNIT_STAT_HEALTH,Base Health,Salud Base,Vida base,Santé de base,,,
UNIT_STAT_HEALTH_DESC,Hitpoints per worker,Puntos de vida por obrera,Pontos de vida por operária,Points de vie par ouvrière,,,
UNIT_STAT_DEFENSE,Base Defense,Defensa Base,Defesa base,Défense de base,,,
UNIT_STAT_DEFENSE_DESC,Percent damage reduction,Porcentaje de reducción de daño,Redução percentual de dano,Réduction des dégâts en %,,,
UNIT_STAT_ATTACK,Base Attack,Ataque Base,Ataque base,Attaque de base,,,
UNIT_STAT_ATTACK_DESC,Damage per hit,Daño por golpe,Dano por golpe,Dégâts par coup,,,
UNIT_STAT_SPEED,Movement Speed,Velocidad de Movimiento,Velocidade de movimento,Vitesse de déplacement,,,
UNIT_STAT_SPEED_DESC,Pixels per tick,Píxeles por tick,Pixels por tick,Pixels par tic,,,
UNIT_STAT_REGEN,Regeneration,Regeneración,Regeneração,Régénération,,,
UNIT_STAT_REGEN_DESC,Percent of max HP recovered per tick,Porcentaje de HP máximo recuperado por tick,Percentual do HP máximo recuperado por tick,Pourcentage des PV max récupérés par tic,,,
UNIT_STAT_TEMP_RES,Temp. Resist,Resist. Temp.,Resist. térm.,Résist. therm.,,,
UNIT_STAT_TEMP_RES_DESC,Degrees tolerance,Grados de tolerancia,Graus de tolerância,Degrés de tolérance,,,
UNIT_STAT_CONSUMPTION,Base Consumption,Consumo Base,Consumo base,Consommation de base,,,
UNIT_STAT_CONSUMPTION_DESC,Food units per day per ant,Unidades de alimento por día por hormiga,Unidades de alimento por dia por formiga,Unités de nourriture par jour et par fourmi,,,
UNIT_STAT_DETECTION,Parasite Ant Detection,Detección de hormigas parásitas,Detecção de formigas parasitas,Détection des fourmis parasites,,,
UNIT_STAT_DETECTION_DESC,Chance to find parasite ants,Probabilidad de encontrar hormigas parásitas,Chance de encontrar formigas parasitas,Chance de trouver des fourmis parasites,,,
UNIT_STAT_IMMUNITY,Immunity,Inmunidad,Imunidade,Immunité,,,
UNIT_STAT_IMMUNITY_DESC,Contamination mitigation,Mitigación de contaminación,Mitigação de contaminação,Atténuation de la contamination,,,
DIALOG_ROLES_TITLE,Manage Ant Roles,Gestionar Roles de Hormigas,Funções das formigas,Rôles des fourmis,,,
ROLE_TOTAL_PREFIX,Total %ss: %s,Total %ss: %s,Total %ss: %s,Total %ss : %s,,,
ROLE_ASSIGNED_PREFIX,Total Assigned: %s,Total Asignados: %s,Total atribuídas: %s,Total assignées : %s,,,
ROLE_UNASSIGNED_PREFIX,Unassigned: %s,Sin asignar: %s,Sem atribuir: %s,Non assignées : %s,,,
ROLE_ERROR_OVER_ASSIGNED,You have assigned more roles than you have ants.,Has asignado más roles de los que tienes hormigas.,Você atribuiu mais funções do que tem formigas.,Vous avez assigné plus de rôles que de fourmis.,,,
ROLE_WAR_ECONOMY_TOGGLE,War economy roles,Roles de economía de guerra,Funções de economia de guerra,Rôles d'économie de guerre,,,
ROLE_WAR_ECONOMY_TOGGLE_TIP,View and edit the wartime role distribution. Active only while your dynasty is at war.,Ver y editar la distribución de roles en guerra. Solo activa mientras tu dinastía esté en guerra.,Ver e editar a distribuição de funções de guerra. Ativa apenas enquanto a dinastia estiver em guerra.,Afficher et modifier la répartition des rôles de guerre. Actifs seulement pendant une guerre.,,,
ROLE_COPY_PEACE_TO_WAR,Copy from peacetime,Copiar de tiempos de paz,Copiar da paz,Copier depuis la paix,,,
ROLE_AVAILABLE_SUBTYPES_PREFIX,Available ants:,Hormigas disponibles:,Formigas disponíveis:,Fourmis disponibles :,,,
ROLE_SUBTYPE_ALLOW_TIP,Allow %s ants in this role,Permitir hormigas %s en este rol,Permitir formigas %s nesta função,Autoriser les fourmis %s dans ce rôle,,,
COLONY_AT_PEACE,At peace,En paz,Em paz,En paix,,,
COLONY_AT_WAR,At war,En guerra,Em guerra,En guerre,,,
DIALOG_MAP_TITLE,World Map,Mapa Mundial,Mapa mundial,Carte du monde,,,
MAP_HOME_BUTTON,Go Back Home,Volver al Hogar,Voltar para casa,Retour au nid,,,
MAP_LEGEND_TITLE,Dynasty Legend,Leyenda de Dinastía,Legenda da dinastia,Légende dynastie,,,
MAP_CLICK_VIEW_CAPITAL,Click to travel to the %s capital,Clic para viajar a la capital de %s,Clique para viajar até a capital de %s,Cliquer pour voyager vers la capitale de %s,,,
MAP_YOU_PLAYER, (You), (Tú), (Você), (Vous),,,
MAP_POPULATION_FORMAT,<br><b>Population:</b> %s,<br><b>Población:</b> %s,<br><b>População:</b> %s,<br><b>Population :</b> %s,,,
MAP_TOOLTIP_DYNASTY_CAPITAL,<br><b>Capital:</b> %s,<br><b>Capital:</b> %s,<br><b>Capital:</b> %s,<br><b>Capitale :</b> %s,,,
MAP_TOOLTIP_BIOME,<b>Biome:</b> ,<b>Bioma:</b> ,<b>Bioma:</b> ,<b>Biome :</b> ,,,
MAP_TOOLTIP_COLONY_NAME,<b>Colony:</b> ,<b>Colonia:</b> ,<b>Colónia:</b> ,<b>Colonie :</b> ,,,
MAP_TOOLTIP_RANK,<br><b>Rank:</b> ,<br><b>Rango:</b> ,<br><b>Posto:</b> ,<br><b>Rang :</b> ,,,
MAP_TOOLTIP_SPECIES,<br><b>Species:</b> ,<br><b>Especie:</b> ,<br><b>Espécie:</b> ,<br><b>Espèce :</b> ,,,
MAP_TOOLTIP_DYNASTY,<br><b>Dynasty:</b> ,<br><b>Dinastía:</b> ,<br><b>Dinastia:</b> ,<br><b>Dynastie :</b> ,,,
MAP_TOOLTIP_DYNASTY_RANK,<br><b>Dynasty Rank:</b> ,<br><b>Rango de Dinastía:</b> ,<br><b>Posto da dinastia:</b> ,<br><b>Rang dynastie :</b> ,,,
MAP_TOOLTIP_MILITARY_POWER,<br><b>Colony Military Power:</b> ,<br><b>Poder militar de colonia:</b> ,<br><b>Poder militar da colónia:</b> ,<br><b>Puissance militaire de colonie :</b> ,,,
MAP_TOOLTIP_DYNASTY_MILITARY_POWER,<br><b>Dynasty Military Power:</b> ,<br><b>Poder militar de dinastía:</b> ,<br><b>Poder militar da dinastia:</b> ,<br><b>Puissance militaire de dynastie :</b> ,,,
MAP_LEGEND_MILITARY,Power,Poder,Poder,Puiss.,,,
MAP_TOOLTIP_EMPTY,<br><i>Empty</i>,<br><i>Vacío</i>,<br><i>Vazio</i>,<br><i>Vide</i>,,,
MAP_DYNASTY_DIPLO_FORMAT,%s · %s,%s · %s,%s · %s,%s · %s,,,
MAP_SORT_BY_POPULATION,Sort: Population,Orden: Población,Ordenar: População,Tri : Population,,,
MAP_SORT_BY_DIPLOMACY,Sort: Diplomacy (hostile → friendly),Orden: Diplomacia (hostil → amistoso),Ordenar: Diplomacia (hostil → amigável),Tri : Diplomatie (hostile → amicale),,,
MAP_SORT_BY_MILITARY,Sort: Military Power,Orden: Poder militar,Ordenar: Poder militar,Tri : Puissance militaire,,,
MAP_LEGEND_SHOW,Show legend,Mostrar leyenda,Mostrar legenda,Afficher la légende,,,
MAP_LEGEND_HIDE,Hide legend,Ocultar leyenda,Ocultar legenda,Masquer la légende,,,
MAP_ACTIVE_WARS_TITLE_FMT,Active wars (%s),Guerras activas (%s),Guerras ativas (%s),Guerres actives (%s),,,
MAP_ACTIVE_WAR_PAIR_FMT,%s vs %s,%s vs %s,%s vs %s,%s vs %s,,,
MAP_ACTIVE_WARS_SHOW,Show active wars,Mostrar guerras activas,Mostrar guerras ativas,Afficher les guerres actives,,,
MAP_ACTIVE_WARS_HIDE,Hide active wars,Ocultar guerras activas,Ocultar guerras ativas,Masquer les guerres actives,,,
MAP_ACTIVE_WAR_OPEN,Click to manage your wars,Clic para gestionar tus guerras,Clique para gerir as suas guerras,Cliquer pour gérer vos guerres,,,
MAP_LAYERS,Layers,Capas,Camadas,Calques,,,
MAP_LAYER_BORDERS,Dynasty borders,Bordes de dinastía,Bordas de dinastia,Bordures de dynastie,,,
MAP_LAYER_BIOME_ICONS,Biome icons,Iconos de bioma,Ícones de bioma,Icônes de biome,,,
MAP_LAYER_COLONY_RANKS,Colony ranks,Rangos de colonia,Postos de colónia,Rangs de colonie,,,
MAP_LAYER_TRADES,Trades,Comercio,Comércio,Commerce,,,
MAP_LAYER_TUNNELS,Tunnels,Túneles,Túneis,Tunnels,,,
MAP_LAYER_BATTLES,Active battles,Batallas activas,Batalhas ativas,Batailles actives,,,
MAP_CONQUER_COLONY,Conquer,Conquistar,Conquistar,Conquérir,,,
MAP_CONQUER_COLONY_TT,"Click a foreign colony or an empty land hex, then Conquer.",Haz clic en una colonia ajena o un hexágono vacío y luego en Conquistar.,Clique em uma colônia estrangeira ou um hexágono vazio e depois em Conquistar.,"Cliquez sur une colonie étrangère ou un hexagone vide, puis Conquérir.",,,
MAP_CONQUER_COLONY_SELECT_TT,Select a foreign colony or an empty land hex first.,Primero selecciona una colonia ajena o un hexágono vacío.,Primeiro selecione uma colônia estrangeira ou um hexágono vazio.,Sélectionnez d'abord une colonie étrangère ou un hexagone vide.,,,
MAP_ZOOM_IN_TT,Zoom in (mouse wheel on the map),Acercar (rueda del ratón en el mapa),Aproximar (roda do mouse no mapa),Zoom avant (molette sur la carte),,,
MAP_ZOOM_OUT_TT,Zoom out (mouse wheel on the map),Alejar (rueda del ratón en el mapa),Afastar (roda do mouse no mapa),Zoom arrière (molette sur la carte),,,
DIALOG_WAR_TITLE,Wars,Guerras,Guerras,Guerres,,,
DIALOG_BATTLE_TITLE,Battle,Batalla,Batalha,Bataille,,,
TAB_WARS,Wars,Guerras,Guerras,Guerres,,,
TAB_WAR_ACTIVE,Active,Activas,Ativas,Actives,,,
TAB_WAR_HISTORY,History,Historial,Histórico,Historique,,,
WAR_NAME_FMT,%s %s - %s War,Guerra %s %s - %s,Guerra %s %s - %s,Guerre %s %s - %s,,,
WAR_ORDINAL_1,First,Primera,Primeira,Première,,,
WAR_ORDINAL_2,Second,Segunda,Segunda,Deuxième,,,
WAR_ORDINAL_3,Third,Tercera,Terceira,Troisième,,,
WAR_ORDINAL_4,Fourth,Cuarta,Quarta,Quatrième,,,
WAR_ORDINAL_5,Fifth,Quinta,Quinta,Cinquième,,,
WAR_ORDINAL_N_FMT,%s,%sª,%sª,%sᵉ,,,
COLONY_NAME_DEFAULT_THEME,Player,Jugador,Jogador,Joueur,,,
COLONY_NAME_ORDINAL_N_FMT,%s %s,%s %s,%s %s,%s %s,,,
WAR_WORLD_MONTH_FMT,"Year %s, Month %s","Año %s, Mes %s","Ano %s, Mês %s","Année %s, Mois %s",,,
WORLD_DATE_FMT,%s/%s/%s,%s/%s/%s,%s/%s/%s,%s/%s/%s,,,
WAR_COL_NAME,War,Guerra,Guerra,Guerre,,,
WAR_COL_OPPONENT,Opponent,Oponente,Oponente,Adversaire,,,
WAR_COL_DECLARED_BY,Declared by,Declarada por,Declarada por,Déclarée par,,,
WAR_COL_STARTED,Started,Inicio,Início,Début,,,
WAR_COL_ENDED,Ended,Fin,Fim,Fin,,,
WAR_COL_DURATION,Duration (months),Duración (meses),Duração (meses),Durée (mois),,,
WAR_COL_STANDING,Standing,Situación,Situação,Situation,,,
WAR_COL_CONCLUSION,Conclusion,Conclusión,Conclusão,Conclusion,,,
WAR_COL_WINNER,Winner,Vencedor,Vencedor,Vainqueur,,,
WAR_EMPTY,Your dynasty has no active wars.,Tu dinastía no tiene guerras activas.,A sua dinastia não tem guerras ativas.,Votre dynastie n'a pas de guerre active.,,,
WAR_ALL_EMPTY,There are no active wars in the world.,No hay guerras activas en el mundo.,Não há guerras ativas no mundo.,Il n'y a aucune guerre active dans le monde.,,,
WAR_SHOW_ALL_ACTIVE,Show all active wars,Mostrar todas las guerras activas,Mostrar todas as guerras ativas,Afficher toutes les guerres actives,,,
WAR_SHOW_ALL_ACTIVE_TIP,"List every war in the world. When unchecked, only wars your dynasty is fighting are shown.","Lista todas las guerras del mundo. Desmarcado, solo se muestran las guerras de tu dinastía.","Lista todas as guerras do mundo. Desmarcado, só aparecem as guerras da sua dinastia.","Liste toutes les guerres du monde. Décoché, seules les guerres de votre dynastie sont affichées.",,,
WAR_SHOW_ALL_HISTORIC,Show all past wars,Mostrar todas las guerras pasadas,Mostrar todas as guerras passadas,Afficher toutes les guerres passées,,,
WAR_SHOW_ALL_HISTORIC_TIP,"List every concluded war in the world. When unchecked, only wars your dynasty fought are shown.","Lista todas las guerras concluidas del mundo. Desmarcado, solo se muestran las guerras de tu dinastía.","Lista todas as guerras concluídas do mundo. Desmarcado, só aparecem as guerras da sua dinastia.","Liste toutes les guerres terminées du monde. Décoché, seules les guerres de votre dynastie sont affichées.",,,
WAR_HISTORY_EMPTY,No past wars recorded for your dynasty.,No hay guerras pasadas registradas para tu dinastía.,Não há guerras passadas registadas para a sua dinastia.,Aucune guerre passée enregistrée pour votre dynastie.,,,
WAR_ALL_HISTORY_EMPTY,There are no past wars recorded in the world.,No hay guerras pasadas registradas en el mundo.,Não há guerras passadas registadas no mundo.,Aucune guerre passée enregistrée dans le monde.,,,
WAR_ONGOING,Ongoing,En curso,Em curso,En cours,,,
WAR_DECLARED_BY_YOU,You,Tú,Você,Vous,,,
WAR_STANDING_WINNING,Winning,Ganando,A ganhar,Gagne,,,
WAR_STANDING_LOSING,Losing,Perdiendo,A perder,Perd,,,
WAR_STANDING_EVEN,Even,Empate,Empate,Égalité,,,
WAR_STANDING_LEADER_FMT,%s (%s),%s (%s),%s (%s),%s (%s),,,
WAR_WINNER_YOU,You,Tú,Você,Vous,,,
WAR_WINNER_NONE,None,Ninguno,Nenhum,Aucun,,,
WAR_CONCLUSION_UNKNOWN,Unknown,Desconocida,Desconhecida,Inconnue,,,
WAR_CONCLUSION_PEACE_TREATY,Peace treaty,Tratado de paz,Tratado de paz,Traité de paix,,,
WAR_CONCLUSION_DEFEAT,Dynasty defeated,Dinastía derrotada,Dinastia derrotada,Dynastie vaincue,,,
WAR_CONCLUSION_ABSOLUTE_VICTORY,Absolute victory,Victoria absoluta,Vitória absoluta,Victoire absolue,,,
WAR_INHERITED_ASSIMILATIONS_FMT,Inherited %2$s genetic unlocks from %1$s.,Heredados %2$s desbloqueos genéticos de %1$s.,Herdados %2$s desbloqueios genéticos de %1$s.,%2$s déblocages génétiques hérités de %1$s.,,,
WAR_COL_PROGRESS,Progress,Progreso,Progresso,Progression,,,
WAR_PROGRESS_FMT,%s%%,%s%%,%s%%,%s %%,,,
WAR_ACTION_FALLBACK,Fallback (forfeit stage),Retirada (ceder etapa),Recuar (ceder etapa),Repli (abandonner l'étape),,,
WAR_FALLBACK_CONFIRM_FMT,Forfeit the current stage against %s? You cede this hex without fighting it out.,¿Ceder la etapa actual contra %s? Entregas este hexágono sin pelearlo hasta el final.,Ceder a etapa atual contra %s? Você entrega este hexágono sem combater até o fim.,Abandonner l'étape en cours contre %s ? Vous cédez cet hexagone sans le combattre jusqu'au bout.,,,
WAR_ACTION_WITHDRAW_HEX,Withdraw to hex defense,Retirarse a defensa de hexágono,Retirar para defesa de hexágono,Se replier en défense d'hexagone,,,
WAR_WITHDRAW_HEX_CONFIRM_FMT,Pull out of the border clash at %s and fight the hex assault at home? Your border army is preserved; defending ants gain hex-defense boosts.,¿Abandonar el choque fronterizo en %s y pelear el asalto en casa? Tu ejército fronterizo se conserva; los defensores reciben bonos de defensa de hexágono.,Sair do choque fronteiriço em %s e defender o hexágono em casa? Seu exército de fronteira é preservado; defensores recebem bônus de defesa de hexágono.,Quitter l'affrontement frontalier à %s pour défendre l'hexagone chez vous ? Votre armée de frontière est préservée ; les défenseurs reçoivent les bonus de défense d'hexagone.,,,
WAR_STAGE_HEX_BAIT_FMT,%s withdrew to hex defense at %s.,%s se retiró a defensa de hexágono en %s.,%s retirou-se para defesa de hexágono em %s.,%s s'est replié en défense d'hexagone à %s.,,,
WAR_STAGE_CAPTURED_FMT,%1$s captured %2$s.,%1$s capturó %2$s.,%1$s capturou %2$s.,%1$s a capturé %2$s.,,,
WAR_STAGE_DEFENDER_HELD_FMT,%1$s held %2$s.,%1$s mantuvo %2$s.,%1$s manteve %2$s.,%1$s a tenu %2$s.,,,
WAR_STAGE_FORFEITED_FMT,%1$s won the stage at %2$s after a retreat.,%1$s ganó la etapa en %2$s tras una retirada.,%1$s venceu a etapa em %2$s após uma retirada.,%1$s a remporté l'étape à %2$s après une retraite.,,,
WAR_STAGE_REDEPLOY_FMT,Forces redeploying for the next stage (%1$s hours). Next target: %2$s.,Fuerzas redeployando para la siguiente etapa (%1$s horas). Próximo objetivo: %2$s.,Forças a redeployar para a próxima etapa (%1$s horas). Próximo alvo: %2$s.,Redéploiement des forces pour la prochaine étape (%1$s heures). Prochaine cible : %2$s.,,,
WAR_STAGE_CLASH_FMT,Battle resumed at %1$s.,La batalla reanudó en %1$s.,A batalha retomou em %1$s.,La bataille reprend à %1$s.,,,
WAR_STAGE_WON_TITLE,Battle Won,Batalla ganada,Batalha ganha,Bataille gagnée,,,
WAR_STAGE_LOST_TITLE,Battle Lost,Batalla perdida,Batalha perdida,Bataille perdue,,,
WAR_CAPITAL_COLONIZED_CAPTURES_FMT,Sent %s breeder pair(s) from the capital to establish queens in captured colonies.,Se enviaron %s parejas reproductoras desde la capital para establecer reinas en las colonias capturadas.,Enviadas %s par(es) reprodutora(s) da capital para estabelecer rainhas nas colónias capturadas.,%s paire(s) reproductrice(s) envoyée(s) depuis la capitale pour établir des reines dans les colonies capturées.,,,
WAR_QUEEN_FROM_CAPITAL_FMT,A queen from %s was established here after the war.,Una reina de %s fue establecida aquí tras la guerra.,Uma rainha de %s foi estabelecida aqui após a guerra.,Une reine de %s a été établie ici après la guerre.,,,
WAR_ACTION_GO_TO_CAPITAL,Go to capital,Ir a la capital,Ir para a capital,Aller à la capitale,,,
WAR_ACTION_DIPLOMACY,Open diplomacy,Abrir diplomacia,Abrir diplomacia,Ouvrir la diplomatie,,,
WAR_ACTION_WAR_ROLES,War economy roles,Roles de economía de guerra,Funções de economia de guerra,Rôles d'économie de guerre,,,
WAR_ACTION_OFFER_PEACE,Offer peace,Ofrecer paz,Oferecer paz,Offrir la paix,,,
WAR_ACTION_ACCEPT_PEACE,Accept peace,Aceptar paz,Aceitar paz,Accepter la paix,,,
WAR_ACTION_DECLINE_PEACE,Decline peace,Rechazar paz,Recusar paz,Refuser la paix,,,
WAR_ACTION_VIEW_BATTLE,View battle,Ver batalla,Ver batalha,Voir la bataille,,,
BATTLE_NOT_AVAILABLE,This war has no active battle stage to display.,Esta guerra no tiene una etapa de batalla activa para mostrar.,Esta guerra não tem uma fase de batalha ativa para mostrar.,Cette guerre n'a pas d'étape de bataille active à afficher.,,,
BATTLE_LOCATION_FMT,At %s,En %s,Em %s,À %s,,,
BATTLE_POWER_FMT,%s: %s,%s: %s,%s: %s,%s : %s,,,
BATTLE_FORCES_FMT,Forces: %s vs %s ants,Fuerzas: %s vs %s hormigas,Forças: %s vs %s formigas,Forces : %s vs %s fourmis,,,
BATTLE_PHASE_CLASH,Border Clash,Choque fronterizo,Choque fronteiriço,Affrontement frontalier,,,
BATTLE_PHASE_RESERVE,Colony Siege,Asedio de colonia,Cerco de colônia,Siège de colonie,,,
BATTLE_PHASE_REDEPLOY,Redeployment,Redespliegue,Redistribuição,Redéploiement,,,
BATTLE_REDEPLOY_FMT,Redeploying (%s h remaining),Redespliegue (%s h restantes),Redeploy (%s h restantes),Redéploiement (%s h restantes),,,
DIALOG_CONVOY_TITLE,Convoy,Convoy,Comboio,Convoi,,,
CONVOY_ACTION_VIEW,See convoy,Ver convoy,Ver comboio,Voir le convoi,,,
CONVOY_ACTION_VIEW_LEG_FMT,See convoy (%s → %s),Ver convoy (%s → %s),Ver comboio (%s → %s),Voir le convoi (%s → %s),,,
CONVOY_NOT_AVAILABLE,This route has no convoy in transit to display.,Esta ruta no tiene un convoy en tránsito para mostrar.,Esta rota não tem comboio em trânsito para exibir.,Cette route n'a pas de convoi en transit à afficher.,,,
CONVOY_ROUTE_FMT,%s → %s,%s → %s,%s → %s,%s → %s,,,
CONVOY_PROGRESS_FMT,%s — %s / %s h (%s%%),%s — %s / %s h (%s%%),%s — %s / %s h (%s%%),%s — %s / %s h (%s%%),,,
CONVOY_FORCES_FMT,Convoy: %s ants,Convoy: %s hormigas,Comboio: %s formigas,Convoi : %s fourmis,,,
WAR_OFFER_PEACE_CONFIRM_FMT,Offer peace to %s? They must accept while you hold the advantage.,¿Ofrecer paz a %s? Deben aceptar mientras tú tengas ventaja.,Oferecer paz a %s? Eles devem aceitar enquanto tiver vantagem.,Offrir la paix à %s ? Ils doivent accepter tant que vous avez l'avantage.,,,
WAR_ACCEPT_PEACE_CONFIRM_FMT,Accept the peace offer from %s?,¿Aceptar la oferta de paz de %s?,Aceitar a oferta de paz de %s?,Accepter l'offre de paix de %s ?,,,
WAR_PEACE_OFFERED_TITLE,Peace Offered,Paz ofrecida,Paz oferecida,Paix proposée,,,
WAR_PEACE_OFFERED_MSG_FMT,%s has offered peace in %s.,%s ha ofrecido paz en %s.,%s ofereceu paz em %s.,%s a proposé la paix dans %s.,,,
WAR_PEACE_ACCEPTED_TITLE,Peace Accepted,Paz aceptada,Paz aceite,Paix acceptée,,,
WAR_PEACE_ACCEPTED_MSG_FMT,%s accepted your peace offer.,%s aceptó tu oferta de paz.,%s aceitou a sua oferta de paz.,%s a accepté votre offre de paix.,,,
WAR_ERROR_CANNOT_OFFER_PEACE,You must be clearly winning this war to offer peace.,Debes ir claramente ganando para ofrecer paz.,Tem de estar claramente a ganhar para oferecer paz.,Vous devez clairement gagner cette guerre pour offrir la paix.,,,
DIALOG_DYNASTY_TITLE,Dynasty Management,Gestión de Dinastía,Gestão da dinastia,Gestion de dynastie,,,
TAB_OVERVIEW,Overview,Resumen,Visão geral,Aperçu,,,
TAB_DIPLOMACY,Diplomacy,Diplomacia,Diplomacia,Diplomatie,,,
TAB_LOGISTICS,Logistics,Logística,Logística,Logistique,,,
DYNASTY_MANAGE_LOGISTICS,Managing Logistics for: ,Gestionando Logística para: ,Gerenciando logística para: ,Logistique pour : ,,,
DYNASTY_DIRECTION,Direction,Dirección,Direção,Direction,,,
DYNASTY_NEIGHBOR,Neighbor Colony,Colonia Vecina,Colônia vizinha,Colonie voisine,,,
DYNASTY_TUNNEL_STATUS,Tunnel Status,Estado del Túnel,Estado do túnel,État du tunnel,,,
DYNASTY_OUTGOING,Outgoing Route,Ruta de Salida,Rota de saída,Route sortante,,,
DYNASTY_INCOMING,Incoming Route,Ruta de Entrada,Rota de entrada,Route entrante,,,
DYNASTY_ACTIONS,Actions,Acciones,Ações,Actions,,,
DYNASTY_TRANSIT_FORMAT,%s (%sh)%s,%s (%sh)%s,%s (%sh)%s,%s (%sh)%s,,,
DYNASTY_BUILD_TUNNEL,Build Tunnel,Construir Túnel,Construir túnel,Construire un tunnel,,,
DYNASTY_TUNNEL_SPONSORING,This colony is already sponsoring a tunnel project.,Esta colonia ya está patrocinando un proyecto de túnel.,Esta colônia já patrocina um projeto de túnel.,Cette colonie parraine déjà un projet de tunnel.,,,
DYNASTY_BUILT,Built,Construido,Construído,Construit,,,
DYNASTY_PROGRESS_PERCENT,%s%%,%s%%,%s%%,%s%%,,,
DYNASTY_ERROR_NO_ENGINEERS,No Engineers or Borers assigned to progress construction!,¡No hay Ingenieras o Perforadoras asignadas para progresar en la construcción!,Nenhuma engenheira ou perfuradora atribuída para avançar a construção!,Aucune ingénieuse ou foreuse assignée pour faire progresser la construction !,,,
DYNASTY_ERROR_LABOR_REQUIRED,Labor Required,Trabajo Requerido,Trabalho necessário,Travail requis,,,
DYNASTY_ERROR_ASSIGN_BORERS,You must assign at least one Engineer or Tunnel Borer to this colony to start tunnel construction.,Debes asignar al menos una Ingeniera o Perforadora a esta colonia para comenzar la construcción del túnel.,Atribua pelo menos uma engenheira ou perfuradora a esta colônia para iniciar o túnel.,Assignez au moins une ingénieuse ou une foreuse à cette colonie pour démarrer le tunnel.,,,
DYNASTY_MANAGE_TRADE_TITLE,Trade Management,Gestión de Comercio,Gestão de comércio,Gestion du commerce,,,
DYNASTY_MANAGE_TRADE_MSG,Manage trade route to %s,Gestionar ruta comercial hacia %s,Gerenciar rota comercial para %s,Gérer la route commerciale vers %s,,,
DYNASTY_MODIFY,Modify,Modificar,Modificar,Modifier,,,
DYNASTY_CANCEL_ROUTE,Cancel Route,Cancelar Ruta,Cancelar rota,Annuler la route,,,
DYNASTY_ERROR_LOCATE,Internal error: could not locate colonies on map.,Error interno: no se pudieron localizar las colonias en el mapa.,Erro interno: não foi possível localizar as colônias no mapa.,Erreur interne : impossible de localiser les colonies sur la carte.,,,
DYNASTY_SORT_BY,Sort by:,Ordenar por:,Ordenar por:,Trier par :,,,
DYNASTY_DEFAULT_AUTO_BUILD,Default Auto-Build,Auto-Construcción por Defecto,Auto-construção padrão,Auto-construction par défaut,,,
DYNASTY_DEFAULT_AUTO_BUILD_TOOLTIP,Automatically enable Auto-Build for all new colonies established by this dynasty.,Activar automáticamente la Auto-Construcción para todas las nuevas colonias de esta dinastía.,Ativar automaticamente a auto-construção para todas as novas colônias desta dinastia.,Activer automatiquement l'auto-construction pour toutes les nouvelles colonies de cette dynastie.,,,
DYNASTY_DEFAULT_AUTOMATION,Default Automation,Automatización por Defecto,Automação padrão,Automatisation par défaut,,,
DYNASTY_DEFAULT_AUTOMATION_TOOLTIP,Automatically enable Automation for all new colonies established by this dynasty.,Activar automáticamente la Automatización para todas las nuevas colonias de esta dinastía.,Ativar automaticamente a automação para todas as novas colônias desta dinastia.,Activer automatiquement l'automatisation pour toutes les nouvelles colonies de cette dynastie.,,,
DYNASTY_SATELLITE,Satellite,Satélite,Satélite,Satellite,,,
STAT_LOYALTY,Loyalty,Lealtad,Lealdade,Loyauté,,,
STAT_MILITARY_POWER,Military Power,Poder militar,Poder militar,Puissance militaire,,,
STAT_MILITARY_POWER_DESC,"Adult type counts weighted by combat base stats. During war, wartime role assignments split active (front-line) and reserve strength. Updated once per world day.","Recuento de tipos adultos ponderado por estadísticas de combate base. En guerra, las asignaciones de roles de guerra dividen la fuerza activa (primera línea) y de reserva. Se actualiza una vez al día.","Contagem de tipos adultos ponderada pelas estatísticas de combate base. Em guerra, as atribuições de papéis de guerra separam a força ativa (linha de frente) e de reserva. Atualizado uma vez por dia.","Effectifs par type adulte pondérés par les stats de combat de base. En guerre, les rôles de guerre séparent la force active (première ligne) et de réserve. Mis à jour une fois par jour.",,,
STAT_COMBAT_CAPACITY,Combat Capacity,Capacidad de combate,Capacidade de combate,Capacité de combat,,,
STAT_COMBAT_CAPACITY_DESC,"How many combatants your dynasty can field as active per battle line. Starts at 1,000; assigning a Queen as Commander (max 1 per colony; requires another queen off combat) raises it to 2,500 once for the dynasty. Extra assigned military wait as reserves and step into the line when active ants fall.",Cuántos combatientes puede desplegar tu dinastía como activos por línea de batalla. Empieza en 1.000; asignar una Reina como Comandante (máx. 1 por colonia; requiere otra reina fuera de combate) la sube a 2.500 una sola vez. El resto queda en reserva y entra a la línea cuando caen activos.,Quantos combatentes a tua dinastia pode enviar como ativos por linha de batalha. Começa em 1.000; atribuir uma Rainha como Comandante (máx. 1 por colónia; requer outra rainha fora de combate) sobe para 2.500 uma só vez. O resto fica na reserva e entra na linha quando ativos caem.,Combien de combattants votre dynastie peut déployer comme actifs par ligne de bataille. Commence à 1 000 ; assigner une Reine comme Commandante (max. 1 par colonie ; une autre reine doit rester hors combat) la porte à 2 500 une seule fois. Le surplus reste en réserve et rejoint la ligne quand des actifs tombent.,,,
STAT_ACTIVE_MILITARY_POWER,Active Military Power,Poder militar activo,Poder militar ativo,Puissance militaire active,,,
STAT_RESERVE_MILITARY_POWER,Reserve Military Power,Poder militar de reserva,Poder militar de reserva,Puissance militaire de réserve,,,
DYNASTY_REPUTATION,Reputation,Reputación,Reputação,Réputation,,,
DIPLOMATIC_REPUTATION,Diplomatic Reputation,Reputación diplomática,Reputação diplomática,Réputation diplomatique,,,
DYNASTY_REPUTATION_STANCE,Stance,Postura,Postura,Position,,,
SCORE_TIER_FORMAT,%s · %s,%s · %s,%s · %s,%s · %s,,,
DYNASTY_STATUS,Actions/Status,Acciones/Estado,Ações/estado,Actions/État,,,
DYNASTY_7_DAYS,%s / 7 Days,%s / 7 Días,%s / 7 dias,%s / 7 jours,,,
DYNASTY_RENAME_TITLE,Enter new name for %s,Ingrese nuevo nombre para %s,Digite o novo nome para %s,Nouveau nom pour %s,,,
TRADE_ESTABLISH_TITLE,Establish Trade Route,Establecer Ruta Comercial,Estabelecer rota comercial,Établir une route commerciale,,,
TRADE_MODIFY_TITLE,Modify Trade Route,Modificar Ruta Comercial,Modificar rota comercial,Modifier la route commerciale,,,
TRADE_CAPACITY_FORMAT,Capacity: %s / %s,Capacidad: %s / %s,Capacidade: %s / %s,Capacité : %s / %s,,,
TRADE_SPEED_FORMAT,Transit Speed: %sx,Velocidad de Tránsito: %sx,Velocidade de trânsito: %sx,Vitesse de transit : %sx,,,
TRADE_TIME_FORMAT,Travel Time: %sh,Tiempo de Viaje: %sh,Tempo de viagem: %sh,Temps de voyage : %sh,,,
TRADE_SECURITY_FORMAT,Security: %s%%,Seguridad: %s%%,Segurança: %s%%,Sécurité : %s%%,,,
TRADE_ROUTE_PREFIX,Route: %s -> %s,Ruta: %s -> %s,Rota: %s -> %s,Route : %s -> %s,,,
TRADE_CARGO_LOAD,Cargo (Load),Carga (Salida),Carga (saída),Cargaison (aller),,,
TRADE_CARGO_RETURN,Cargo (Return Load),Carga (Retorno),Carga (retorno),Cargaison (retour),,,
TRADE_PERSONNEL,Personnel (Assigned Logistics Roles),Personal (Roles de Logística Asignados),Pessoal (funções logísticas atribuídas),Personnel (rôles logistiques assignés),,,
TRADE_COURIERS,Couriers,Mensajeras,Mensageiras,Messagères,,,
TRADE_TRANSPORTS,Transports,Transportes,Transportes,Transports,,,
TRADE_ESCORTS,Escorts,Escoltas,Escoltas,Escortes,,,
TRADE_FLYERS,Flyers,Voladoras,Voadoras,Volantes,,,
TRADE_METHOD,Method:,Método:,Método:,Méthode :,,,
TRADE_RECURRENT,Recurrent Route,Ruta Recurrente,Rota recorrente,Route récurrente,,,
TRADE_SHOW_ALL_CONNECTIONS,Show all connections,Mostrar todas las conexiones,Mostrar todas as ligações,Afficher toutes les connexions,,,
TRADE_SHOW_ALL_CONNECTIONS_TIP,"List every adjacent trade link in your dynasty. When unchecked, only neighbors of the map-active colony are shown.","Lista todos los enlaces comerciales adyacentes de tu dinastía. Desmarcado, solo se muestran los vecinos de la colonia activa en el mapa.","Lista todas as ligações comerciais adjacentes da tua dinastia. Desmarcado, só aparecem os vizinhos da colónia ativa no mapa.","Liste chaque liaison commerciale adjacente de votre dynastie. Décoché, seuls les voisins de la colonie active sur la carte sont affichés.",,,
TRADE_ALL_DYNASTY_CONNECTIONS,All dynasty connections,Todas las conexiones de la dinastía,Todas as ligações da dinastia,Toutes les connexions de la dynastie,,,
TRADE_BILATERAL,Bilateral Trade,Comercio Bilateral,Comércio bilateral,Commerce bilatéral,,,
TRADE_CONFIRM,Confirm Trade Route,Confirmar Ruta Comercial,Confirmar rota comercial,Confirmer la route,,,
TRADE_UPDATE,Update Trade Route,Actualizar Ruta Comercial,Atualizar rota comercial,Mettre à jour la route,,,
TRADE_OPTIMIZE,Bilateral Optimization,Optimización Bilateral,Otimização bilateral,Optimisation bilatérale,,,
TRADE_MAKE_TWO_WAY,Make Two-Way Trade,Comercio de doble sentido,Comércio de mão dupla,Commerce bidirectionnel,,,
TRADE_TWO_WAY_REQUIRES_INCOMING,Requires an incoming one-way route from this neighbor.,Requiere una ruta entrante de un solo sentido desde este vecino.,Requer uma rota de entrada unidirecional deste vizinho.,Nécessite une route entrante à sens unique depuis ce voisin.,,,
TRADE_OPTIMIZE_REQUIRES_INCOMING,Requires an incoming one-way route from this neighbor while bilateral mode is off.,Requiere una ruta entrante de un solo sentido desde este vecino con el modo bilateral desactivado.,Requer uma rota de entrada unidirecional deste vizinho com o modo bilateral desligado.,"Nécessite une route entrante à sens unique depuis ce voisin, mode bilatéral désactivé.",,,
TRADE_ERROR_OVER_CAP,Cargo exceeds transport capacity!,¡La carga excede la capacidad de transporte!,A carga excede a capacidade de transporte!,La cargaison dépasse la capacité de transport !,,,
TRADE_ERROR_NO_ANTS,No ants assigned to transport!,¡No hay hormigas asignadas al transporte!,Nenhuma formiga atribuída ao transporte!,Aucune fourmi assignée au transport !,,,
TRADE_ERROR_NO_LOAD,No resources selected for trade!,¡No se seleccionaron recursos para comerciar!,Nenhum recurso selecionado para trocar!,Aucune ressource sélectionnée pour le commerce !,,,
TRADE_OPTIMIZE_MSG,"Merge incoming route from %s into this bilateral convoy?
The other convoy will be cancelled and this one will handle both ways.","¿Fusionar la ruta entrante de %s en este convoy bilateral?
La otra ruta se cancelará y esta gestionará ambos sentidos.","Mesclar a rota recebida de %s neste comboio bilateral?
A outra rota será cancelada e esta gerirá os dois sentidos.","Fusionner la route entrante de %s avec ce convoi bilatéral ?
L'autre convoi sera annulé et celui-ci gérera les deux sens.",,,
TRADE_ERROR_EMPTY,Cargo cannot be empty.,La carga no puede estar vacía.,A carga não pode estar vazia.,La cargaison ne peut pas être vide.,,,
TRADE_ERROR_NO_PERSONNEL,Must assign at least one ant for transport.,Debe asignar al menos una hormiga para el transporte.,Atribua pelo menos uma formiga ao transporte.,Assignez au moins une fourmi au transport.,,,
TRADE_ERROR_NO_METHOD,No valid logistics method available.,No hay un método logístico válido disponible.,Nenhum método logístico válido disponível.,Aucune méthode logistique valide disponible.,,,
TRADE_QUEUED_MSG,Modifications queued. They will apply once the convoy returns to home base.,Modificaciones en cola. Se aplicarán cuando el convoy regrese a la base.,Modificações na fila. Serão aplicadas quando o comboio voltar à base.,Modifications en file. Elles s'appliqueront au retour du convoi à la base.,,,
TRADE_ERROR_START,Failed to start trade trip. Check colony logs for details.,Error al iniciar el viaje comercial. Consulte los registros de la colonia.,Falha ao iniciar viagem comercial. Veja os registros da colônia.,Échec du départ du convoi. Voir les journaux de la colonie.,,,
DEATH_OPTIONS_RELOAD,Reload Last Save,Cargar Último Guardado,Recarregar último save,Recharger la dernière sauvegarde,,,
DEATH_OPTIONS_MENU,Go to Main Menu,Ir al Menú Principal,Ir ao menu principal,Aller au menu principal,,,
DEATH_TITLE,Your Colony Has Perished,Tu Colonia ha Perecido,Sua colônia pereceu,Votre colonie a péri,,,
DEATH_MESSAGE,"Your last queen has died, and the colony cannot continue.
What would you like to do?","Tu última reina ha muerto y la colonia no puede continuar.
¿Qué te gustaría hacer?","Sua última rainha morreu e a colônia não pode continuar.
O que deseja fazer?","Votre dernière reine est morte ; la colonie ne peut continuer.
Que souhaitez-vous faire ?",,,
DEATH_LOAD_FAILED_NEW_GAME,This was a new game with no save file. Returning to main menu.,Esta era una partida nueva sin archivo de guardado. Regresando al menú principal.,Era uma partida nova sem arquivo de save. Voltando ao menu principal.,Nouvelle partie sans fichier de sauvegarde. Retour au menu principal.,,,
DEATH_LOAD_FAILED_TITLE,Load Failed,Carga Fallida,Falha ao carregar,Échec du chargement,,,
DEATH_LOAD_FAILED_NO_AUTOSAVE,No autosave found for this slot. Returning to main menu.,No se encontró autoguardado para este espacio. Regresando al menú principal.,Nenhum autosave encontrado para este slot. Voltando ao menu principal.,Aucune sauvegarde auto pour cet emplacement. Retour au menu principal.,,,
SAVE_EMPTY_SLOT,Empty slot,Espacio vacío,Slot vazio,Emplacement vide,,,
SAVE_DAYS_FORMAT,%s — %s days,%s — %s días,%s — %s dias,%s — %s jours,,,
SAVE_ENTER_NAME,Name,Nombre,Nome,Nom,,,
SAVE_ENTER_DYNASTY_TITLE,Title,Título,Título,Titre,,,
SAVE_DYNASTY_PREVIEW,%s,%s,%s,%s,,,
SAVE_DYNASTY_CONFIRM,Are you sure you want your dynasty to be called %s?,¿Seguro que quieres que tu dinastía se llame %s?,Tens a certeza de que queres chamar à tua dinastia %s?,Voulez-vous vraiment nommer votre dynastie %s ?,,,
SAVE_CREATE_TITLE,Name your Ant Dynasty,Nombra tu Dinastía de Hormigas,Nomeia a tua Dinastia de Formigas,Nommez votre dynastie de fourmis,,,
SAVE_ERROR_CREATE,Failed to create new save file.,Error al crear nuevo archivo de guardado.,Erro ao criar novo arquivo de save.,Impossible de créer le fichier de sauvegarde.,,,
SAVE_ERROR_WRITE,Failed to save your game. Returning to the menu.,No se pudo guardar la partida. Volviendo al menú.,Falha ao salvar o jogo. Voltando ao menu.,Échec de la sauvegarde. Retour au menu.,,,
SAVE_ERROR_WRITE_TITLE,Save Failed,Error al guardar,Falha ao salvar,Échec de la sauvegarde,,,
SAVE_AUTOSAVE_NAME,Autosave,Autoguardado,Salvamento automático,Sauvegarde auto,,,
DYNASTY_PLAYER_NAME_FMT,%s Dynasty,Dinastía %s,Dinastia %s,Dynastie %s,,,
DYNASTY_WILD_NAME,Wild Dynasty,Dinastía salvaje,Dinastia selvagem,Dynastie sauvage,,,
DYNASTY_WILD_NAME_FMT,Wild %s,%s salvaje,%s selvagem,%s sauvage,,,
DYNASTY_TITLE_DYNASTY,Dynasty,Dinastía,Dinastia,Dynastie,,,
DYNASTY_TITLE_CONGLOMERATE,Conglomerate,Conglomerado,Conglomerado,Conglomérat,,,
DYNASTY_TITLE_UNION,Union,Unión,União,Union,,,
DYNASTY_TITLE_SYNDICATE,Syndicate,Sindicato,Sindicato,Syndicat,,,
DYNASTY_TITLE_TECHNOCRACY,Technocracy,Tecnocracia,Tecnocracia,Technocratie,,,
DYNASTY_TITLE_EMPIRE,Empire,Imperio,Império,Empire,,,
DYNASTY_TITLE_DOMINION,Dominion,Dominio,Domínio,Dominion,,,
DYNASTY_TITLE_NATION,Nation,Nación,Nação,Nation,,,
DYNASTY_TITLE_REPUBLIC,Republic,República,República,République,,,
CITY_TITLE_CITY,City,Ciudad,Cidade,Ville,,,
CITY_TITLE_BERG,Berg,Berg,Berg,Berg,,,
CITY_TITLE_GRAD,Grad,Grad,Grad,Grad,,,
CITY_TITLE_BURG,Burg,Burg,Burg,Burg,,,
CITY_TITLE_HAVEN,Haven,Refugio,Refúgio,Havre,,,
CITY_TITLE_NEST,Nest,Nido,Ninho,Nid,,,
CITY_TITLE_HOLD,Hold,Bastión,Reduto,Fort,,,
CITY_TITLE_FORD,Ford,Vado,Vau,Gué,,,
CITY_TITLE_FORT,Fort,Fuerte,Forte,Fort,,,
CITY_TITLE_CASTLE,Castle,Castillo,Castelo,Château,,,
CITY_TITLE_PRIME,Prime,Prime,Prime,Prime,,,
CITY_TITLE_NEW,New,Nueva,Nova,Nouvelle,,,
DYNASTY_TITLE_FMT_DYNASTY,%s Dynasty,Dinastía %s,Dinastia %s,Dynastie %s,,,
DYNASTY_TITLE_FMT_CONGLOMERATE,%s Conglomerate,Conglomerado %s,Conglomerado %s,Conglomérat %s,,,
DYNASTY_TITLE_FMT_UNION,%s Union,Unión %s,União %s,Union %s,,,
DYNASTY_TITLE_FMT_SYNDICATE,%s Syndicate,Sindicato %s,Sindicato %s,Syndicat %s,,,
DYNASTY_TITLE_FMT_TECHNOCRACY,%s Technocracy,Tecnocracia %s,Tecnocracia %s,Technocratie %s,,,
DYNASTY_TITLE_FMT_EMPIRE,%s Empire,Imperio %s,Império %s,Empire %s,,,
DYNASTY_TITLE_FMT_DOMINION,%s Dominion,Dominio %s,Domínio %s,Dominion %s,,,
DYNASTY_TITLE_FMT_NATION,%s Nation,Nación %s,Nação %s,Nation %s,,,
DYNASTY_TITLE_FMT_REPUBLIC,%s Republic,República %s,República %s,République %s,,,
SAVE_DELETE_CONFIRM,Delete save in slot %s?,¿Eliminar guardado en el espacio %s?,Excluir save no slot %s?,Supprimer la sauvegarde de l'emplacement %s ?,,,
SAVE_DELETE_TITLE,Delete Save,Eliminar Guardado,Excluir save,Supprimer la sauvegarde,,,
SAVE_DELETE_ERROR,Failed to delete save (file may not exist).,Error al eliminar guardado (el archivo puede no existir).,Erro ao excluir save (o arquivo pode não existir).,Échec de la suppression (fichier peut-être absent).,,,
SAVE_ACHIEVEMENTS_WARN_TITLE,Achievements will be disabled,Los logros se desactivarán,As conquistas serão desativadas,Les succès seront désactivés,,,
SAVE_ACHIEVEMENTS_WARN_CREATE,Sandbox ★ options are on. Creating this save will permanently disable achievements for it. Continue?,Hay opciones Sandbox ★ activas. Crear esta partida desactivará permanentemente sus logros. ¿Continuar?,Opções Sandbox ★ estão ativas. Criar este save desativará permanentemente as conquistas dele. Continuar?,Des options Sandbox ★ sont actives. Créer cette sauvegarde désactivera définitivement ses succès. Continuer ?,,,
SAVE_ACHIEVEMENTS_WARN_LOAD,Sandbox ★ options are on. Loading this save will permanently disable achievements for it. Continue?,Hay opciones Sandbox ★ activas. Cargar esta partida desactivará permanentemente sus logros. ¿Continuar?,Opções Sandbox ★ estão ativas. Carregar este save desativará permanentemente as conquistas dele. Continuar?,Des options Sandbox ★ sont actives. Charger cette sauvegarde désactivera définitivement ses succès. Continuer ?,,,
SETTINGS_SANDBOX_WARN_IN_GAME,Sandbox ★ options will permanently disable achievements for this save. Are you sure?,Las opciones Sandbox ★ desactivarán permanentemente los logros de esta partida. ¿Seguro?,Opções Sandbox ★ desativarão permanentemente as conquistas deste save. Tem a certeza?,Les options Sandbox ★ désactiveront définitivement les succès de cette sauvegarde. Êtes-vous sûr ?,,,
DYNASTY_THEME_PLAYER,Player,Jugador,Jogador,Joueur,,,
DYNASTY_THEME_OMNI,Omni,Omni,Omni,Omni,,,
DYNASTY_THEME_ANT,Ant,Hormiga,Formiga,Fourmi,,,
DYNASTY_THEME_LEAF,Leaf,Hoja,Folha,Feuille,,,
DYNASTY_THEME_PLANT,Plant,Planta,Planta,Plante,,,
DYNASTY_THEME_SEED,Seed,Semilla,Semente,Graine,,,
DYNASTY_THEME_PHARAOH,Pharaoh,Faraón,Faraó,Pharaon,,,
DYNASTY_THEME_RUBY,Ruby,Rubí,Rubi,Rubis,,,
DYNASTY_THEME_TOPAZ,Topaz,Topacio,Topázio,Topaze,,,
DYNASTY_THEME_MARAUDER,Marauder,Merodeador,Saqueador,Maraudeur,,,
DYNASTY_THEME_SCORPION,Scorpion,Escorpión,Escorpião,Scorpion,,,
DYNASTY_THEME_COCKROACH,Cockroach,Cucaracha,Barata,Cafard,,,
DYNASTY_THEME_TRAPJAW,Trapjaw,Mandíbula,Mandíbula,Piège,,,
DYNASTY_THEME_TRAP,Trap,Trampa,Armadilha,Piège,,,
DYNASTY_THEME_JAW,Jaw,Mandíbula,Mandíbula,Mâchoire,,,
DYNASTY_THEME_HONEYPOT,Honeypot,Tarro,Pote,Pot-de-miel,,,
DYNASTY_THEME_HONEY,Honey,Miel,Mel,Miel,,,
DYNASTY_THEME_BEE,Bee,Abeja,Abelha,Abeille,,,
DYNASTY_THEME_TURTLE,Turtle,Tortuga,Tartaruga,Tortue,,,
DYNASTY_THEME_SHELL,Shell,Caparazón,Casco,Carapace,,,
DYNASTY_THEME_TORTOISE,Tortoise,Tortuga,Jabuti,Tortue,,,
DYNASTY_THEME_CARPENTER,Carpenter,Carpintero,Carpinteiro,Charpentier,,,
DYNASTY_THEME_WOOD,Wood,Madera,Madeira,Bois,,,
DYNASTY_THEME_TREE,Tree,Árbol,Árvore,Arbre,,,
DYNASTY_THEME_WEAVER,Weaver,Tejedor,Tecelão,Tisserand,,,
DYNASTY_THEME_SILK,Silk,Seda,Seda,Soie,,,
DYNASTY_THEME_SPIDER,Spider,Araña,Aranha,Araignée,,,
DYNASTY_THEME_FLOODPLAIN,Floodplain,Vega,Várzea,Plaine inondable,,,
DYNASTY_THEME_RIVER,River,Río,Rio,Rivière,,,
DYNASTY_THEME_WATER,Water,Agua,Água,Eau,,,
DYNASTY_THEME_FIRE,Fire,Fuego,Fogo,Feu,,,
DYNASTY_THEME_FLAME,Flame,Llama,Chama,Flamme,,,
DYNASTY_THEME_BURN,Burn,Quema,Queima,Brûlure,,,
DYNASTY_THEME_JET,Jet,Saltadora,Saltadora,Sauteuse,,,
DYNASTY_THEME_TORNADO,Tornado,Tornado,Tornado,Tornade,,,
DYNASTY_THEME_WIND,Wind,Viento,Vento,Vent,,,
DYNASTY_THEME_BULLET,Bullet,Bala,Bala,Balle,,,
DYNASTY_THEME_STING,Sting,Aguijón,Ferrão,Dard,,,
DYNASTY_THEME_PUNCH,Punch,Puñetazo,Soco,Coup,,,
DYNASTY_THEME_ARMY,Army,Ejército,Exército,Armée,,,
DYNASTY_THEME_SOLDIER,Soldier,Soldado,Soldado,Soldat,,,
DYNASTY_THEME_WARRIOR,Warrior,Guerrero,Guerreiro,Guerrier,,,
DYNASTY_THEME_GHOST,Ghost,Fantasma,Fantasma,Fantôme,,,
DYNASTY_THEME_SHADOW,Shadow,Sombra,Sombra,Ombre,,,
DYNASTY_THEME_PHANTOM,Phantom,Fantasma,Fantasma,Fantôme,,,
DYNASTY_THEME_DRACULA,Dracula,Drácula,Drácula,Dracula,,,
DYNASTY_THEME_VAMPIRE,Vampire,Vampiro,Vampiro,Vampire,,,
DYNASTY_THEME_BLOOD,Blood,Sangre,Sangue,Sang,,,
DYNASTY_THEME_SILVER,Silver,Plata,Prata,Argent,,,
DYNASTY_THEME_METAL,Metal,Metal,Metal,Métal,,,
DYNASTY_THEME_GOLD,Gold,Oro,Ouro,Or,,,
DYNASTY_THEME_MARICOPA,Maricopa,Maricopa,Maricopa,Maricopa,,,
DYNASTY_THEME_VENOM,Venom,Veneno,Veneno,Venin,,,
DYNASTY_THEME_POISON,Poison,Veneno,Veneno,Poison,,,
DYNASTY_THEME_EXPLODING,Exploding,Explosivo,Explosivo,Explosif,,,
DYNASTY_THEME_BOMB,Bomb,Bomba,Bomba,Bombe,,,
DYNASTY_THEME_EXPLOSION,Explosion,Explosión,Explosão,Explosion,,,
DYNASTY_THEME_BULLDOG,Bulldog,Toro,Touro,Bouledogue,,,
DYNASTY_THEME_DOG,Dog,Perro,Cão,Chien,,,
DYNASTY_THEME_HOUND,Hound,Sabueso,Cão de caça,Chien de chasse,,,
DYNASTY_THEME_SHINING,Shining,Brillante,Brilhante,Brillant,,,
DYNASTY_THEME_BLACK,Black,Negro,Preto,Noir,,,
DYNASTY_THEME_DARK,Dark,Oscuro,Escuro,Sombre,,,
DYNASTY_THEME_DESERT,Desert,Desierto,Deserto,Désert,,,
DYNASTY_THEME_SAND,Sand,Arena,Areia,Sable,,,
DYNASTY_THEME_DIRT,Dirt,Tierra,Terra,Terre,,,
DYNASTY_THEME_LEAFCUTTER,Leafcutter,Cortadora,Cortadeira,Coupeuse,,,
DYNASTY_THEME_ROCK,Rock,Roca,Rocha,Roche,,,
DYNASTY_THEME_IRON,Iron,Hierro,Ferro,Fer,,,
DYNASTY_THEME_MUSHROOM,Mushroom,Hongo,Cogumelo,Champignon,,,
DYNASTY_THEME_MEAT,Meat,Carne,Carne,Viande,,,
DYNASTY_THEME_BUG,Bug,Bicho,Inseto,Insecte,,,
DYNASTY_THEME_STONE,Stone,Piedra,Pedra,Pierre,,,
DYNASTY_THEME_CLAY,Clay,Arcilla,Argila,Argile,,,
DYNASTY_THEME_STEEL,Steel,Acero,Aço,Acier,,,
DYNASTY_THEME_ICE,Ice,Hielo,Gelo,Glace,,,
DYNASTY_THEME_STORM,Storm,Tormenta,Tempestade,Tempête,,,
DYNASTY_THEME_DUST,Dust,Polvo,Poeira,Poussière,,,
DYNASTY_THEME_VINE,Vine,Enredadera,Videira,Vigne,,,
DYNASTY_THEME_ROOT,Root,Raíz,Raiz,Racine,,,
DYNASTY_THEME_POLLEN,Pollen,Polen,Pólen,Pollen,,,
DYNASTY_THEME_WEB,Web,Telaraña,Teia,Toile,,,
DYNASTY_THEME_NIGHT,Night,Noche,Noite,Nuit,,,
DYNASTY_THEME_DAY,Day,Día,Dia,Jour,,,
DYNASTY_THEME_COPPER,Copper,Cobre,Cobre,Cuivre,,,
DYNASTY_THEME_BRONZE,Bronze,Bronce,Bronze,Bronze,,,
DYNASTY_THEME_EMERALD,Emerald,Esmeralda,Esmeralda,Émeraude,,,
DYNASTY_THEME_GREEN,Green,Verde,Verde,Vert,,,
DYNASTY_THEME_ACID,Acid,Ácido,Ácido,Acide,,,
DYNASTY_THEME_SAPPHIRE,Sapphire,Zafiro,Safira,Saphir,,,
DYNASTY_THEME_QUARTZ,Quartz,Cuarzo,Quartzo,Quartz,,,
DYNASTY_THEME_GRANITE,Granite,Granito,Granito,Granit,,,
DYNASTY_THEME_SWAMP,Swamp,Pantano,Pântano,Marais,,,
DYNASTY_THEME_MARSH,Marsh,Ciénaga,Pântano,Marécage,,,
DYNASTY_THEME_OCEAN,Ocean,Océano,Oceano,Océan,,,
DYNASTY_THEME_PEAK,Peak,Cumbre,Pico,Pic,,,
DYNASTY_THEME_VALLEY,Valley,Valle,Vale,Vallée,,,
DYNASTY_THEME_CAVE,Cave,Cueva,Caverna,Grotte,,,
DYNASTY_THEME_FOREST,Forest,Bosque,Floresta,Forêt,,,
DYNASTY_THEME_JUNGLE,Jungle,Selva,Selva,Jungle,,,
SETTINGS_LANGUAGE,Language:,Idioma:,Idioma:,Langue :,,,
SETTINGS_SCREEN_SIZE,Screen Size:,Tamaño de Pantalla:,Tamanho da tela:,Taille de l'écran :,,,
SETTINGS_FULLSCREEN,Full Screen:,Pantalla Completa:,Tela cheia:,Plein écran :,,,
SETTINGS_AUTOSAVE,Autosave Frequency:,Frecuencia de Autoguardado:,Frequência do autosave:,Fréquence de sauvegarde auto :,,,
SETTINGS_TURBO,Allow Turbo Mode (May affect performance):,Permitir Modo Turbo (Puede afectar el rendimiento):,Permitir modo turbo (Pode afetar o desempenho):,Autoriser le mode turbo (Peut affecter les performances) :,,,
SETTINGS_EVERY_MONTH,Every Month,Cada Mes,Todo mês,Chaque mois,,,
SETTINGS_EVERY_3_MONTHS,Every 3 Months,Cada 3 Meses,A cada 3 meses,Tous les 3 mois,,,
SETTINGS_EVERY_6_MONTHS,Every 6 Months,Cada 6 Meses,A cada 6 meses,Tous les 6 mois,,,
SETTINGS_EVERY_YEAR,Every Year (12 Months),Cada Año (12 Meses),Todo ano (12 meses),Chaque année (12 mois),,,
SETTINGS_SAVE_APPLY,Save & Apply,Guardar y Aplicar,Salvar e aplicar,Enregistrer et appliquer,,,
SETTINGS_RESET_TAB,Reset this tab to defaults,Restablecer esta pestaña,Redefinir esta aba,Réinitialiser cet onglet,,,
SETTINGS_SAVED_MSG,Settings saved and applied.,Ajustes guardados y aplicados.,Configurações salvas e aplicadas.,Paramètres enregistrés et appliqués.,,,
SETTINGS_TAB_GENERAL,General,General,Geral,Général,,,
SETTINGS_TAB_VIDEO,Video,Vídeo,Vídeo,Vidéo,,,
SETTINGS_TAB_AUDIO,Audio,Audio,Áudio,Audio,,,
SETTINGS_TAB_ROLES,Roles,Roles,Funções,Rôles,,,
SETTINGS_TAB_SANDBOX,Sandbox,Sandbox,Sandbox,Bac à sable,,,
SETTINGS_SANDBOX_NOTE,★ options permanently disable achievements on any save used with them.,Las opciones ★ desactivan permanentemente los logros en cualquier partida que las use.,Opções ★ desativam permanentemente as conquistas em qualquer save que as use.,Les options ★ désactivent définitivement les succès sur toute sauvegarde qui les utilise.,,,
SETTINGS_SANDBOX_STAR_PREFIX,★ ,★ ,★ ,★ ,,,
SETTINGS_FREE_ABILITIES,Free abilities:,Habilidades gratis:,Habilidades grátis:,Capacités gratuites :,,,
SETTINGS_INFINITE_RESEARCH,Infinite research:,Investigación infinita:,Pesquisa infinita:,Recherche infinie :,,,
SETTINGS_INSTANT_BUILDINGS,Instant buildings:,Edificios instantáneos:,Construções instantâneas:,Bâtiments instantanés :,,,
SETTINGS_ASSIMILATE_ALL,Assimilate all:,Asimilar todo:,Assimilar tudo:,Tout assimiler :,,,
SETTINGS_EASY_CONQUERING,Easy conquering:,Conquista fácil:,Conquista fácil:,Conquête facile :,,,
SETTINGS_INSTANT_INTEGRATION,Instant integration:,Integración instantánea:,Integração instantânea:,Intégration instantanée :,,,
SETTINGS_DAYLIGHT_COLOR_OVERLAY,Daylight color overlay:,Tono de luz diurna:,Tonalidade dia/noite:,Teinte jour/nuit :,,,
SETTINGS_WEATHER_COLOR_OVERLAY,Weather color overlay:,Tono del clima:,Tonalidade do clima:,Teinte météo :,,,
SETTINGS_ARACHNOPHOBIA,Arachnophobia Mode:,Modo Aracnofobia:,Modo aracnofobia:,Mode arachnophobie :,,,
SETTINGS_PAUSE_FOCUS,Pause on focus loss,Pausar al perder foco,Pausar ao perder o foco,Pause si perte de focus,,,
SETTINGS_CONFIRM_QUIT,Confirm on quit,Confirmar al salir,Confirmar ao sair,Confirmer à la sortie,,,
SETTINGS_ESCAPE_KEY_GAME_ACTIONS,Escape closes dialogs / opens menu,Escape cierra diálogos / abre menú,Escape fecha diálogos / abre menu,Échap ferme les dialogues / ouvre le menu,,,
SETTINGS_SHOW_TOOLTIPS,Show tooltips,Mostrar consejos,Mostrar dicas,Afficher les infobulles,,,
SETTINGS_FUZZ_PARASITE_ANTS,Fuzz parasite ant numbers,Cifras de hormigas parásitas imprecisas,Aproximar números de formigas parasitas,Chiffres de fourmis parasites approximatifs,,,
SETTINGS_SHOW_AUDIT_MENU,Show mechanics audit on main menu,Mostrar auditoría de mecánicas en el menú principal,Mostrar auditoria de mecânicas no menu principal,Afficher l'audit des mécaniques dans le menu principal,,,
SETTINGS_OVERWORLD_AUTO_RECENTER,Auto-recenter overworld on colony entrance,Recentrar automáticamente el exterior en la entrada de la colonia,Recentrar automaticamente o exterior na entrada da colônia,Recentrer automatiquement la surface sur l'entrée de la colonie,,,
SETTINGS_DARK_MODE,Dark mode,Modo oscuro,Modo escuro,Mode sombre,,,
SETTINGS_FRAME_RATE,Frame rate cap:,Límite de fotogramas:,Limite de taxa de quadros:,Limite d'images :,,,
SETTINGS_FRAME_RATE_UNCAPPED,Uncapped,Sin límite,Sem limite,Sans limite,,,
SETTINGS_MASTER_VOL,Master Volume:,Volumen Maestro:,Volume principal:,Volume principal :,,,
SETTINGS_MUSIC_VOL,Music Volume:,Volumen Música:,Volume da música:,Volume musique :,,,
SETTINGS_SFX_VOL,Sound Effects:,Efectos de Sonido:,Efeitos sonoros:,Effets sonores :,,,
SETTINGS_LANGUAGE_TT,"Display language for menus, dialogs, and in-game text.","Idioma de menús, diálogos y textos del juego.","Idioma de menus, diálogos e textos do jogo.","Langue d'affichage des menus, dialogues et textes du jeu.",,,
SETTINGS_AUTOSAVE_TT,How often the game saves automatically during play. Disabled turns autosave off.,Con qué frecuencia el juego guarda automáticamente. Desactivado deshabilita el autoguardado.,Com que frequência o jogo salva automaticamente. Desativado desliga o autosave.,Fréquence de sauvegarde automatique en jeu. Désactivé coupe la sauvegarde auto.,,,
SETTINGS_TURBO_TT,Unlocks the Turbo speed step on the control bar (fastest tick rate).,Desbloquea el nivel Turbo en la barra de control (tick más rápido).,Desbloqueia o nível Turbo na barra de controle (tick mais rápido).,Débloque le palier Turbo sur la barre de contrôle (tick le plus rapide).,,,
SETTINGS_ARACHNOPHOBIA_TT,Replaces spider-like enemy visuals with a less realistic appearance.,Sustituye los enemigos con aspecto de araña por una apariencia menos realista.,Substitui inimigos com aparência de aranha por um visual menos realista.,Remplace les ennemis ressemblant à des araignées par une apparence moins réaliste.,,,
SETTINGS_PAUSE_FOCUS_TT,Automatically pauses the game when the window loses focus.,Pausa el juego automáticamente cuando la ventana pierde el foco.,Pausa o jogo automaticamente quando a janela perde o foco.,Met automatiquement le jeu en pause quand la fenêtre perd le focus.,,,
SETTINGS_CONFIRM_QUIT_TT,Shows a confirmation before quitting during an active game session.,Muestra una confirmación antes de salir durante una partida activa.,Pede confirmação antes de sair durante uma sessão ativa.,Demande une confirmation avant de quitter une partie en cours.,,,
SETTINGS_ESCAPE_KEY_GAME_ACTIONS_TT,"When on, Escape closes the top dialog or opens the in-game menu.","Si está activo, Esc cierra el diálogo superior o abre el menú del juego.","Se ativo, Esc fecha o diálogo superior ou abre o menu do jogo.","Si activé, Échap ferme le dialogue au premier plan ou ouvre le menu en jeu.",,,
SETTINGS_SHOW_TOOLTIPS_TT,Shows hover tooltips on buttons and controls throughout the game.,Muestra consejos al pasar el cursor sobre botones y controles del juego.,Mostra dicas ao passar o mouse sobre botões e controles do jogo.,Affiche des infobulles au survol des boutons et contrôles du jeu.,,,
SETTINGS_OVERWORLD_AUTO_RECENTER_TT,"When idle on the overworld, smoothly recenters the view on the colony entrance.","En el exterior, recentra suavemente la vista en la entrada de la colonia cuando estás inactivo.","No exterior, recentra suavemente a vista na entrada da colônia quando inativo.","En surface, recentre en douceur la vue sur l'entrée de la colonie au repos.",,,
SETTINGS_FUZZ_PARASITE_ANTS_TT,Shows approximate parasite ant counts instead of exact numbers.,Muestra cifras aproximadas de hormigas parásitas en lugar de números exactos.,Mostra contagens aproximadas de formigas parasitas em vez de números exatos.,Affiche des effectifs approximatifs de fourmis parasites au lieu de chiffres exacts.,,,
SETTINGS_SHOW_AUDIT_MENU_TT,Adds a Mechanics Audit entry to the main menu and in-game ESC menu.,Añade una entrada de Auditoría de mecánicas al menú principal y al menú Esc del juego.,Adiciona Auditoria de mecânicas ao menu principal e ao menu Esc no jogo.,Ajoute une entrée Audit des mécaniques au menu principal et au menu Échap en jeu.,,,
SETTINGS_FREE_ABILITIES_TT,Unlocks and uses abilities without research-point cost. Disables achievements on saves used with this option.,Desbloquea y usa habilidades sin coste de puntos de investigación. Desactiva los logros en partidas que usen esta opción.,Desbloqueia e usa habilidades sem custo de pontos de pesquisa. Desativa conquistas em saves que usem esta opção.,Débloque et utilise les capacités sans coût en points de recherche. Désactive les succès sur les sauvegardes qui utilisent cette option.,,,
SETTINGS_INFINITE_RESEARCH_TT,Research nodes can be completed without spending research points and unlocks the Research tab. Disables achievements on saves used with this option.,Los nodos de investigación se completan sin gastar puntos y desbloquea la pestaña Investigación. Desactiva los logros en partidas que usen esta opción.,Nós de pesquisa podem ser concluídos sem gastar pontos e desbloqueia a aba Pesquisa. Desativa conquistas em saves que usem esta opção.,Les nœuds de recherche se terminent sans dépenser de points et débloque l'onglet Recherche. Désactive les succès sur les sauvegardes qui utilisent cette option.,,,
SETTINGS_INSTANT_BUILDINGS_TT,Buildings complete immediately when started and unlocks the Construction tab. Disables achievements on saves used with this option.,Los edificios se completan al instante al iniciarlos y desbloquea la pestaña Construcción. Desactiva los logros en partidas que usen esta opción.,Construções terminam imediatamente ao iniciar e desbloqueia a aba Construção. Desativa conquistas em saves que usem esta opção.,Les bâtiments se terminent immédiatement au lancement et débloque l'onglet Construction. Désactive les succès sur les sauvegardes qui utilisent cette option.,,,
SETTINGS_ASSIMILATE_ALL_TT,Grants all assimilations and species absorption to the player dynasty and unlocks the Assimilation tab. Disables achievements on saves used with this option.,Otorga todas las asimilaciones y absorciones de especies a la dinastía del jugador y desbloquea la pestaña Asimilación. Desactiva los logros en partidas que usen esta opción.,Concede todas as assimilações e absorções de espécies à dinastia do jogador e desbloqueia a aba Assimilação. Desativa conquistas em saves que usem esta opção.,Accorde toutes les assimilations et absorptions d'espèces à la dynastie du joueur et débloque l'onglet Assimilation. Désactive les succès sur les sauvegardes qui utilisent cette option.,,,
SETTINGS_EASY_CONQUERING_TT,Allows instantly conquering foreign colonies or founding on empty land hexes from the world map. Disables achievements on saves used with this option.,Permite conquistar colonias ajenas o fundar en hexágonos vacíos al instante desde el mapa mundial. Desactiva los logros en partidas que usen esta opción.,Permite conquistar colônias estrangeiras ou fundar em hexágonos vazios instantaneamente no mapa mundial. Desativa conquistas em saves que usem esta opção.,Permet de conquérir des colonies étrangères ou de fonder sur des hexagones vides instantanément depuis la carte du monde. Désactive les succès sur les sauvegardes qui utilisent cette option.,,,
SETTINGS_INSTANT_INTEGRATION_TT,Diplomatic integration completes immediately when started. Disables achievements on saves used with this option.,La integración diplomática se completa al instante al iniciarla. Desactiva los logros en partidas que usen esta opción.,A integração diplomática conclui imediatamente ao iniciar. Desativa conquistas em saves que usem esta opção.,L'intégration diplomatique se termine immédiatement au lancement. Désactive les succès sur les sauvegardes qui utilisent cette option.,,,
SETTINGS_SCREEN_SIZE_TT,Window size when not in full screen. Only sizes that fit this display are listed (plus your display's max usable size). Save & Apply to take effect.,Tamaño de ventana sin pantalla completa. Solo se listan tamaños que caben en esta pantalla (más el máximo usable). Guardar y aplicar para que surta efecto.,Tamanho da janela fora da tela cheia. Só entram tamanhos que cabem neste ecrã (mais o máximo utilizável). Salvar e aplicar para surtir efeito.,Taille de fenêtre hors plein écran. Seules les tailles qui tiennent sur cet écran sont listées (plus le maximum utilisable). Enregistrer et appliquer pour prendre effet.,,,
SETTINGS_FULLSCREEN_TT,On macOS: native fullscreen (own Space; enables Game Mode when packaged as FormicEmpire.app). Elsewhere: borderless maximized. Save & Apply to take effect.,En macOS: pantalla completa nativa (Space propio; activa Game Mode con FormicEmpire.app). En otros sistemas: maximizada sin bordes. Guardar y aplicar para que surta efecto.,No macOS: tela cheia nativa (Space próprio; ativa Game Mode com FormicEmpire.app). Nos demais: maximizada sem bordas. Salvar e aplicar para surtir efeito.,Sur macOS : plein écran natif (Space dédié ; active le mode Jeu avec FormicEmpire.app). Ailleurs : maximisé sans bordure. Enregistrer et appliquer pour prendre effet.,,,
SETTINGS_DAYLIGHT_COLOR_OVERLAY_TT,"Tints the colony view based on time of day (dawn, noon, dusk, night).","Tiñe la vista de la colonia según la hora del día (amanecer, mediodía, atardecer, noche).","Tinge a vista da colônia conforme a hora do dia (amanhecer, meio-dia, entardecer, noite).","Teinte la vue de colonie selon l'heure (aube, midi, crépuscule, nuit).",,,
SETTINGS_WEATHER_COLOR_OVERLAY_TT,Tints the colony view based on current weather.,Tiñe la vista de la colonia según el clima actual.,Tinge a vista da colônia conforme o clima atual.,Teinte la vue de colonie selon la météo actuelle.,,,
SETTINGS_DARK_MODE_TT,Uses a dark palette for menus and panels. Does not change the game canvas.,Usa una paleta oscura en menús y paneles. No cambia el lienzo del juego.,Usa paleta escura em menus e painéis. Não altera a área de jogo.,Palette sombre pour menus et panneaux. Ne change pas la zone de jeu.,,,
SETTINGS_FRAME_RATE_TT,Limits how often game visuals refresh. Uncapped runs as fast as the system allows. Does not change simulation speed.,Limita con qué frecuencia se redibujan los gráficos. Sin límite usa la máxima tasa del sistema. No cambia la velocidad de simulación.,Limita com que frequência os gráficos são redesenhados. Sem limite usa a taxa máxima do sistema. Não altera a velocidade da simulação.,Limite la fréquence de rafraîchissement des graphismes. Sans limite utilise le maximum du système. Ne change pas la vitesse de simulation.,,,
SETTINGS_MASTER_VOL_TT,Overall volume multiplier for music and sound effects.,Multiplicador de volumen general para música y efectos.,Multiplicador de volume geral para música e efeitos.,Multiplicateur de volume global pour musique et effets.,,,
SETTINGS_MUSIC_VOL_TT,Background music volume.,Volumen de la música de fondo.,Volume da música de fundo.,Volume de la musique de fond.,,,
SETTINGS_SFX_VOL_TT,UI and gameplay sound effect volume.,Volumen de efectos de interfaz y jugabilidad.,Volume de efeitos de interface e jogabilidade.,Volume des effets d'interface et de gameplay.,,,
SETTINGS_DEFAULT_ROLE_WORKER_TT,Role assigned when new worker ants hatch.,Función asignada al eclosionar nuevas obreras.,Função atribuída ao eclodir novas operárias.,Rôle attribué à l'éclosion de nouvelles ouvrières.,,,
SETTINGS_DEFAULT_ROLE_SOLDIER_TT,Role assigned when new soldier ants hatch.,Función asignada al eclosionar nuevas soldadas.,Função atribuída ao eclodir novas soldadas.,Rôle attribué à l'éclosion de nouvelles soldates.,,,
SETTINGS_DEFAULT_ROLE_MAJOR_TT,Role assigned when new major ants hatch.,Función asignada al eclosionar nuevas mayores.,Função atribuída ao eclodir novos majores.,Rôle attribué à l'éclosion de nouveaux majores.,,,
SETTINGS_DEFAULT_ROLE_PRINCESS_TT,Role assigned when new princess ants hatch.,Función asignada al eclosionar nuevas princesas.,Função atribuída ao eclodir novas princesas.,Rôle attribué à l'éclosion de nouvelles princesses.,,,
SETTINGS_DEFAULT_ROLE_QUEEN_TT,Role assigned when new queen ants hatch.,Función asignada al eclosionar nuevas reinas.,Função atribuída ao eclodir novas rainhas.,Rôle attribué à l'éclosion de nouvelles reines.,,,
WORLD_BIOME_PREFIX,Biome: ,Bioma: ,Bioma: ,Biome : ,,,
WORLD_TEMP_PREFIX,Temp: ,Temp.: ,Temp.: ,Temp : ,,,
WORLD_HUMIDITY_PREFIX,Humidity: ,Humedad: ,Umidade: ,Humidité : ,,,
WORLD_NA,N/A,N/D,N/D,N/D,,,
BIOME_PLAINS,Plains,Llanura,Planície,Plaine,,,
BIOME_FOREST,Forest,Bosque,Floresta,Forêt,,,
BIOME_JUNGLE,Jungle,Selva,Selva,Jungle,,,
BIOME_SWAMP,Swamp,Pantano,Pântano,Marais,,,
BIOME_URBAN,Urban,Urbano,Urbano,Urbain,,,
BIOME_TUNDRA,Tundra,Tundra,Tundra,Toundra,,,
BIOME_TAIGA,Taiga,Taiga,Taiga,Taïga,,,
BIOME_DESERT,Desert,Desierto,Deserto,Désert,,,
BIOME_MOUNTAIN,Mountain,Montaña,Montanha,Montagne,,,
BIOME_VOLCANIC,Volcanic,Volcánico,Vulcânico,Volcanique,,,
BIOME_LAKE,Lake,Lago,Lago,Lac,,,
BIOME_OCEAN,Ocean,Océano,Oceano,Océan,,,
TEMP_FREEZING,Freezing,Gélido,Gélido,Gel,,,
TEMP_COLD,Cold,Frío,Frio,Froid,,,
TEMP_CHILLY,Chilly,Fresco,Fresco,Frais,,,
TEMP_GOOD,Good,Templado,Ameno,Doux,,,
TEMP_WARM,Warm,Cálido,Quente,Tiède,,,
TEMP_HOT,Hot,Caluroso,Muito quente,Chaud,,,
TEMP_BURNING,Burning,Ardiente,Escaldante,Brûlant,,,
HUMID_ARID,Arid,Árido,Árido,Aride,,,
HUMID_DRY,Dry,Seco,Seco,Sec,,,
HUMID_NORMAL,Normal,Normal,Normal,Normal,,,
HUMID_HUMID,Humid,Húmedo,Úmido,Humide,,,
HUMID_MOIST,Moist,Mojado,Molhado,Mouillé,,,
HUMID_SATURATED,Saturated,Saturado,Saturado,Saturé,,,
RESOURCE_PLANT,Plant Matter,Materia Vegetal,Matéria vegetal,Matière végétale,,,
RESOURCE_FUNGI,Fungi Matter,Materia Fúngica,Matéria fúngica,Matière fongique,,,
RESOURCE_MEAT,Animal Matter,Materia Animal,Matéria animal,Matière animale,,,
RESOURCE_WATER,Water,Agua,Água,Eau,,,
RESOURCE_SYRUP,Syrup,Jarabe,Xarope,Miellat,,,
RESOURCE_RESIN,Resin,Resina,Resina,Résine,,,
RESOURCE_ROCK,Mineral,Mineral,Mineral,Minéral,,,
TIME_DAY,Daytime,Día,Dia,Jour,,,
TIME_DUSK,Dusk,Atardecer,Crepúsculo,Crépuscule,,,
TIME_NIGHT,Nightime,Noche,Noite,Nuit,,,
TIME_DAWN,Dawn,Amanecer,Alvorada,Aube,,,
TIME_SOLAR_ECLIPSE,Solar Eclipse,Eclipse Solar,Eclipse solar,Éclipse solaire,,,
TIME_LUNAR_ECLIPSE,Lunar Eclipse,Eclipse Lunar,Eclipse lunar,Éclipse lunaire,,,
MOON_NEW,New Moon,Luna Nueva,Lua nova,Nouvelle lune,,,
MOON_WAXING_CRESCENT,Waxing Crescent,Luna Creciente,Lua crescente,Premier croissant,,,
MOON_FIRST_QUARTER,First Quarter,Cuarto Creciente,Quarto crescente,Premier quartier,,,
MOON_WAXING_GIBBOUS,Waxing Gibbous,Gibosa Creciente,Gibosa crescente,Gibbeuse croissante,,,
MOON_FULL,Full Moon,Luna Llena,Lua cheia,Pleine lune,,,
MOON_WANING_GIBBOUS,Waning Gibbous,Gibosa Menguante,Gibosa minguante,Gibbeuse décroissante,,,
MOON_LAST_QUARTER,Last Quarter,Cuarto Menguante,Quarto minguante,Dernier quartier,,,
MOON_WANING_CRESCENT,Waning Crescent,Luna Menguante,Lua minguante,Dernier croissant,,,
SEASON_SPRING,Spring,Primavera,Primavera,Printemps,,,
SEASON_SUMMER,Summer,Verano,Verão,Été,,,
SEASON_AUTUMN,Autumn,Otoño,Outono,Automne,,,
SEASON_WINTER,Winter,Invierno,Inverno,Hiver,,,
WEATHER_CLEAR,Clear,Despejado,Limpo,Dégagé,,,
WEATHER_RAIN,Rain,Lluvia,Chuva,Pluie,,,
WEATHER_SNOW,Snow,Nieve,Neve,Neige,,,
WEATHER_HEAVY_RAIN,Heavy Rain,Lluvia Fuerte,Chuva forte,Forte pluie,,,
WEATHER_THUNDER,Thunder Storm,Tormenta,Tempestade,Orage,,,
WEATHER_HEAVY_SNOW,Snow Storm,Tormenta Nieve,Nevasca,Tempête de neige,,,
WEATHER_WIND,Heavy Wind,Viento Fuerte,Vento forte,Vent fort,,,
WEATHER_HEAT,Heat Wave,Ola de Calor,Onda de calor,Canicule,,,
WEATHER_FOG,Fog,Niebla,Névoa,Brouillard,,,
WEATHER_FROG,Frog Rain,Lluvia de Ranas,Chuva de rãs,Pluie de grenouilles,,,
WEATHER_BLOOD,Blood Rain,Lluvia de Sangre,Chuva de sangue,Pluie de sang,,,
WEATHER_SAND_STORM,Sand Storm,Tormenta Arena,Tempestade de areia,Tempête de sable,,,
WEATHER_PYROCLASTIC_FOG,Pyroclastic Fog,Niebla Piroclástica,Névoa piroclástica,Nuée pyroclastique,,,
WEATHER_ACID_RAIN,Acid Rain,Lluvia Ácida,Chuva ácida,Pluie acide,,,
STATUS_ALIVE,Alive,Viva,Viva,Vivante,,,
STATUS_DEAD,Dead,Muerta,Morta,Morte,,,
STATUS_ZOMBIFIED,Zombified,Zombificada,Zumbificada,Zombifiée,,,
MOVE_STATIC,Static,Quieta,Parada,Immobile,,,
MOVE_WANDER,Wandering,Deambulando,Vagueando,Errance,,,
MOVE_MARCH,Marching,Marchando,Marchando,Marche,,,
MOVE_SPEED,Speed Marching,Marcha Rápida,Marcha rápida,Marche rapide,,,
MOVE_FLY,Flying,Volando,Voando,Vol,,,
MOVE_PATROL,Patrolling,Patrullando,Patrulhando,Patrouille,,,
MOVE_STATIC_DESC,Does not move (used by stationary pet insects).,No se mueve (insectos mascota estacionarios).,Imóvel (insetos de estimação parados).,Immobile (insectes de compagnie stationnaires).,,,
MOVE_WANDER_DESC,Slow idle wandering.,Deambulación lenta.,Vagar lento.,Errance lente.,,,
MOVE_MARCH_DESC,Normal marching speed.,Marcha a velocidad normal.,Marcha normal.,Marche normale.,,,
MOVE_SPEED_DESC,Faster marching pace.,Marcha rápida.,Marcha rápida.,Marche rapide.,,,
MOVE_FLY_DESC,Flying movement.,Movimiento volador.,Movimento voador.,Déplacement volant.,,,
MOVE_PATROL_DESC,Patrol movement around a pen or post.,Patrulla alrededor de un corral o puesto.,Patrulha em torno de um curral ou posto.,Patrouille autour d'un enclos ou d'un poste.,,,
CRITTER_CLASS_ANT,Ant,Hormiga,Formiga,Fourmi,,,
CRITTER_CLASS_INSECT,Insect,Insecto,Inseto,Insecte,,,
CRITTER_CLASS_ARACHNID,Arachnid,Arácnido,Aracnídeo,Arachnide,,,
CRITTER_CLASS_REPTILE,Reptile,Reptil,Réptil,Reptile,,,
CRITTER_CLASS_AMPHIBIAN,Amphibian,Anfibio,Anfíbio,Amphibien,,,
CRITTER_CLASS_BIRD,Bird,Ave,Ave,Oiseau,,,
CRITTER_CLASS_RODENT,Rodent,Roedor,Roedor,Rongeur,,,
CRITTER_CLASS_MAMMAL,Mammal,Mamífero,Mamífero,Mammifère,,,
CRITTER_CLASS_FUNGI,Fungi,Hongo,Fungo,Champignon,,,
CRITTER_CLASS_PLANT,Plant,Planta,Planta,Plante,,,
CRITTER_CLASS_XENO,Xeno,Xeno,Xeno,Xéno,,,
BUG_ANT,Ant,Hormiga,Formiga,Fourmi,,,
BUG_APHID,Aphid,Pulgón,Pulgão,Puceron,,,
BUG_SYMBIOTIC_MITE,Symbiotic mite,Ácaro simbiótico,Ácaro simbiótico,Acarien symbiotique,,,
BUG_DERMESTID,Dermestid beetle,Escarabajo derméstido,Besouro dermestídeo,Dermeste,,,
BUG_PARASITE_ANT,Parasitic ant,Hormiga parásita,Formiga parasita,Fourmi parasite,,,
BUG_ANT_SCIENTIFIC,Formica,Formica,Formica,Formica,,,
BUG_APHID_SCIENTIFIC,Aphididae,Aphididae,Aphididae,Aphididae,,,
BUG_SYMBIOTIC_MITE_SCIENTIFIC,Stratiolaelaps scimitus,Stratiolaelaps scimitus,Stratiolaelaps scimitus,Stratiolaelaps scimitus,,,
BUG_DERMESTID_SCIENTIFIC,Dermestidae,Dermestidae,Dermestidae,Dermestidae,,,
BUG_PARASITIC_MITE,Parasitic mite,Ácaro parásito,Ácaro parasita,Acarien parasitaire,,,
BUG_PARASITIC_MITE_SCIENTIFIC,Acaridae,Acaridae,Acaridae,Acaridae,,,
BUG_PARASITE_ANT_SCIENTIFIC,Anergates,Anergates,Anergates,Anergates,,,
TYPE_LARVA,Larva,Larva,Larva,Larve,,,
TYPE_PUPA,Pupa,Pupa,Pupa,Nymphe,,,
TYPE_DRONE,Drone,Zángano,Zangão,Mâle,,,
TYPE_PRINCESS,Princess,Princesa,Princesa,Princesse,,,
TYPE_QUEEN,Queen,Reina,Rainha,Reine,,,
TYPE_DEAD,Dead,Muerta,Morta,Morte,,,
TYPE_ZOMBIE,Zombie,Zombi,Zumbi,Zombie,,,
ROLE_FORAGER,Forager,Recolectora,Coletora,Ramasseuse,,,
ROLE_NURSE,Nurse,Niñera,Babá,Nourrice,,,
ROLE_BUILDER,Builder,Constructora,Construtora,Constructrice,,,
ROLE_SCOUT,Scout,Exploradora,Batedora,Éclaireuse,,,
ROLE_FARMER,Farmer,Granjera,Agricultora,Agricultrice,,,
ROLE_RANCHER,Rancher,Pastora,Pastora,Éleveuse,,,
ROLE_GRAVER,Grave-Keeper,Sepulturera,Coveira,Fossoyeuse,,,
ROLE_MINER,Miner,Minera,Mineradora,Mineuse,,,
ROLE_COURIER,Courier,Mensajera,Mensageira,Messagère,,,
ROLE_POTTER,Portable-Feeder,Hormiga-Copa,Alimentadora portátil,Porteuse nourriture,,,
ROLE_WARRIOR,Warrior,Guerrera,Guerreira,Guerrière,,,
ROLE_DEFENDER,Defender,Defensora,Defensora,Défenseuse,,,
ROLE_POLICE,Parasite-Ant Police,Vigilante de hormigas parásitas,Vigilante,Police anti-fourmis parasites,,,
ROLE_BOMBER,Bomber,Bombardera,Bombardeira,Bombardière,,,
ROLE_HUNTER,Hunter,Cazadora,Caçadora,Chasseuse,,,
ROLE_BRUTE,Brute,Bruto,Bruta,Brute,,,
ROLE_CARRIER,Troop-Carrier,Transporte Tropas,Transporte de tropas,Transport de troupes,,,
ROLE_ARTILLERY,Artillery,Artillería,Artilharia,Artillerie,,,
ROLE_SIEGE,Siege-Engine,Máquina Sitio,Máquina de cerco,Machine de siège,,,
ROLE_BORER,Tunnel Borer,Perforadora,Perfuradora,Foreuse,,,
ROLE_DRONE,Drone,Zángano,Zangão,Mâle,,,
ROLE_BREEDER,Breeder,Criadora,Reprodutora,Reproductrice,,,
ROLE_DIPLOMAT,Diplomat,Diplomática,Diplomata,Diplomate,,,
ROLE_SPY,Spy,Espía,Espião,Espion,,,
ROLE_LAYER,Egg-Layer,Ponedora,Postura de ovos,Pondeuse,,,
ROLE_RESEARCHER,Researcher,Investigadora,Pesquisadora,Chercheuse,,,
ROLE_COMMANDER,Commander,Comandante,Comandante,Commandante,,,
ROLE_CAPTAIN,Captain,Capitana,Capitã,Capitaine,,,
ROLE_AIR_SUPPORT,Air Support,Apoyo aéreo,Apoio aéreo,Appui aérien,,,
ROLE_AIR_BOMBER,Air Bomber,Bombardera aérea,Bombardeira aérea,Bombardière aérienne,,,
ROLE_MILITIA,Militia Auxiliary,Milicia Auxiliar,Milícia auxiliar,Milice auxiliaire,,,
ROLE_CATCHER,Catcher,Capturadora,Capturadora,Capturatrice,,,
ROLE_CRANE,Construction Crane,Grúa Constr.,Guindaste,Grue de chantier,,,
ROLE_TRANSPORT,Resource Transport,Transp. Recursos,Transp. recursos,Transp. ressources,,,
ROLE_ASSISTANT,Lab Assistant,Asistente de lab.,Assistente de lab.,Assistante de labo,,,
ROLE_ESCORT,Convoy Escort,Escolta de convoy,Escolta de comboio,Escorte convoi,,,
ROLE_ENGINEER,Tunnel Engineer,Ingeniera Túnel,Engenheira de túnel,Ingénieuse tunnel,,,
ROLE_SKYTRANS,Sky Transport,Transp. Aéreo,Transp. aéreo,Transp. aérien,,,
RANK_ANT,Ant,Hormiga,Formiga,Fourmi,,,
RANK_COLONY,Ant Colony,Colonia,Colônia,Colonie,,,
RANK_COUNTY,Ant County,Condado,Condado,Comté,,,
RANK_DUCHY,Ant Duchy,Ducado,Ducado,Duché,,,
RANK_KINGDOM,Ant Queendom,Reino,Reino,Royaume,,,
RANK_EMPIRE,Ant Empire,Imperio,Império,Empire,,,
RANK_SUPER,Ant Super Colony,Súper Colonia,Supercolônia,Super-colonie,,,
RANK_ULTRA,Ant Ultra Colony,Ultra Colonia,Ultracolônia,Ultra-colonie,,,
RANK_HYPER,Ant Hyper Colony,Hiper Colonia,Hipercolônia,Hyper-colonie,,,
RANK_MEGA,Ant Mega Colony,Mega Colonia,Megacolônia,Méga-colonie,,,
RANK_ULTIMATE,Ant Ultimate Colony,Colonia Definitiva,Colônia definitiva,Colonie ultime,,,
RANK_SUPREME,Ant Supreme Colony,Colonia Suprema,Colônia suprema,Colonie suprême,,,
RANK_GIGA,Ant Giga Colony,Giga Colonia,Gigacolônia,Giga-colonie,,,
TIER_0,Tier 0,Tier 0,Tier 0,Tier 0,,,
TIER_1,Tier 1,Tier 1,Tier 1,Tier 1,,,
TIER_2,Tier 2,Tier 2,Tier 2,Tier 2,,,
TIER_3,Tier 3,Tier 3,Tier 3,Tier 3,,,
TIER_4,Tier 4,Tier 4,Tier 4,Tier 4,,,
TIER_5,Tier 5,Tier 5,Tier 5,Tier 5,,,
TIER_6,Tier 6,Tier 6,Tier 6,Tier 6,,,
TIER_7,Tier 7,Tier 7,Tier 7,Tier 7,,,
TIER_8,Tier 8,Tier 8,Tier 8,Tier 8,,,
TIER_9,Tier 9,Tier 9,Tier 9,Tier 9,,,
TIER_10,Tier 10,Tier 10,Tier 10,Tier 10,,,
TIER_11,Tier 11,Tier 11,Tier 11,Tier 11,,,
REPUTATION_AGGRESSIVE,Aggressive,Agresivo,Agressivo,Agressif,,,
REPUTATION_WARY,Wary,Receloso,Desconfiado,Méfiant,,,
REPUTATION_NEUTRAL,Neutral,Neutral,Neutro,Neutre,,,
REPUTATION_CORDIAL,Cordial,Cordial,Cordial,Cordial,,,
REPUTATION_FRIENDLY,Friendly,Amistoso,Amigável,Amical,,,
LOYALTY_REBELLIOUS,Rebellious,Rebelde,Rebelde,Rebelle,,,
LOYALTY_DISLOYAL,Disloyal,Desleal,Desleal,Déloyal,,,
LOYALTY_COMPLACENT,Complacent,Complaciente,Complacente,Complaisant,,,
LOYALTY_LOYAL,Loyal,Leal,Leal,Loyal,,,
LOYALTY_MILITANT,Militant,Militante,Militante,Militant,,,
DIPLO_MODIFIER_PACT,Pact,Pacto,Pacto,Pacte,,,
DIPLO_MODIFIER_BROKEN_PACT,Broken Pact,Pacto roto,Pacto quebrado,Pacte brisé,,,
DIPLO_MODIFIER_DECLINED_PACT,Declined Pact,Pacto rechazado,Pacto recusado,Pacte refusé,,,
DIPLO_MODIFIER_WAR,War,Guerra,Guerra,Guerre,,,
DIPLO_MODIFIER_TRADE,Trade Route,Ruta comercial,Rota comercial,Route commerciale,,,
DIPLO_MODIFIER_TRADE_REQUEST,Trade Request,Solicitud comercial,Pedido comercial,Demande commerciale,,,
DIPLO_MODIFIER_TRADE_OFFER,Trade Offer,Oferta comercial,Oferta comercial,Offre commerciale,,,
DIPLO_MODIFIER_BORDER_FRICTION,Border Friction,Fricción fronteriza,Fricção fronteiriça,Friction frontalière,,,
DIPLO_MODIFIER_GRANTED_INDEPENDENCE,Granted Independence,Independencia concedida,Independência concedida,Indépendance accordée,,,
DIPLO_MODIFIER_WAS_AT_WAR,Was at War,Estuvieron en guerra,Estiveram em guerra,Étaient en guerre,,,
DIPLO_MODIFIER_GENETIC_EXCHANGE,Genetic Exchange,Intercambio genético,Intercâmbio genético,Échange génétique,,,
DIPLO_MODIFIER_WARMONGER,Warmonger,Belicista,Belicista,Belliciste,,,
DIPLO_MODIFIER_CAUGHT_SPYING,Caught Spying,Espionaje descubierto,Espionagem descoberta,Espionnage découvert,,,
DYNASTY_REBELLION_NAME_FMT,%s Rebellion,%s Rebelión,%s Rebelião,%s Rébellion,,,
REBELLION_WAR_NAME_FMT,%s %s Rebellion,%s Rebelión %s,%s %s Rebelião,%s %s Rébellion,,,
ALERT_REBELLION_RISK_FMT,Rebellion risk: %s,Riesgo de rebelión: %s,Risco de rebelião: %s,Risque de rébellion : %s,,,
REBELLION_RESPONSE_TITLE,Rebellion,Rebelión,Rebelião,Rébellion,,,
REBELLION_RESPONSE_MSG_FMT,%s has broken away with %s colonies. Fight to reclaim them or grant peaceful independence?,%s se ha separado con %s colonias. ¿Luchar para recuperarlas o conceder independencia pacífica?,%s separou-se com %s colónias. Lutar para recuperá-las ou conceder independência pacífica?,%s s'est séparée avec %s colonies. Combattre pour les reprendre ou accorder une indépendance pacifique ?,,,
REBELLION_ACTION_FIGHT,Fight,Luchar,Lutar,Combattre,,,
REBELLION_ACTION_INDEPENDENCE,Grant Independence,Conceder independencia,Conceder independência,Accorder l'indépendance,,,
LOG_REBELLION_FORMED_FMT,%s has declared independence from your dynasty.,%s ha declarado la independencia de tu dinastía.,%s declarou independência da sua dinastia.,%s a déclaré son indépendance de votre dynastie.,,,
LOG_REBELLION_COLONY_JOINED_FMT,%s joined the rebellion.,%s se unió a la rebelión.,%s juntou-se à rebelião.,%s a rejoint la rébellion.,,,
LOG_REBELLION_INDEPENDENCE_FMT,Peaceful independence granted to %s.,Independencia pacífica concedida a %s.,Independência pacífica concedida a %s.,Indépendance pacifique accordée à %s.,,,
DIPLO_MILITARY_STRENGTH,Military Strength,Fuerza militar,Força militar,Force militaire,,,
GI_MODIFIER_PACT,Pact Alliance,Alianza de pacto,Aliança de pacto,Alliance de pacte,,,
GI_MODIFIER_GENETIC_EXCHANGE,Genetic Exchange,Intercambio genético,Intercâmbio genético,Échange génétique,,,
GI_TOOLTIP_START,Starting,Inicial,Inicial,Initial,,,
GI_MODIFIER_SATELLITE_COLONIES,Satellite colonies (%s): %s,Colonias satélite (%s): %s,Colónias satélite (%s): %s,Colonies satellites (%s) : %s,,,
GI_TOOLTIP_ASSIMILATION_FLOOR,Assimilation floor (%s): %s%%,Mínimo por asimilación (%s): %s%%,Piso de assimilação (%s): %s%%,Plancher d'assimilation (%s) : %s%%,,,
LOYALTY_MODIFIER_TRADE,Active Trade,Comercio activo,Comércio ativo,Commerce actif,,,
LOYALTY_MODIFIER_TUNNEL,Tunnel Link,Enlace de túnel,Ligação de túnel,Liaison de tunnel,,,
LOYALTY_MODIFIER_CAPITAL,Capital,Capital,Capital,Capitale,,,
LOYALTY_MODIFIER_PHEROMONE_STORM,Pheromone Storm,Tormenta de Feromonas,Tempestade de Feromônios,Tempête de Phéromones,,,
LOYALTY_MODIFIER_RECENTLY_CONQUERED,Recently Conquered,Recién conquistada,Recém-conquistada,Récemment conquise,,,
LOYALTY_MODIFIER_RECENTLY_INTEGRATED,Recently Integrated,Recién integrada,Recém-integrada,Récemment intégrée,,,
LOYALTY_MODIFIER_MILITARY_VS_CAPITAL,Military vs Capital,Militar vs capital,Militar vs capital,Militaire vs capitale,,,
LOYALTY_MODIFIER_DISTANCE_FROM_CAPITAL,Distance from Capital,Distancia a la capital,Distância da capital,Distance à la capitale,,,
LOYALTY_MODIFIER_DISTANCE_LINE,%s (%s tiles): %s,%s (%s casillas): %s,%s (%s casas): %s,%s (%s cases): %s,,,
DIPLO_ACTION_FORM_PACT,Form Pact,Formar pacto,Formar pacto,Former un pacte,,,
DIPLO_ACTION_REQUEST_PACT,Request Pact,Solicitar pacto,Solicitar pacto,Demander un pacte,,,
DIPLO_PACT_REQUEST_TITLE,Non-Aggression Pact Request,Solicitud de pacto de no agresión,Pedido de pacto de não agressão,Demande de pacte de non-agression,,,
DIPLO_PACT_REQUEST_MSG_FMT,%s requests a non-aggression pact. Accept?,%s solicita un pacto de no agresión. ¿Aceptar?,%s solicita um pacto de não agressão. Aceitar?,%s demande un pacte de non-agression. Accepter ?,,,
DIPLO_PACT_REQUEST_ACCEPT,Accept,Aceptar,Aceitar,Accepter,,,
DIPLO_PACT_REQUEST_DECLINE,Decline,Rechazar,Recusar,Refuser,,,
DIPLO_PACT_INCOMING_POLICY_SECTION,Incoming pact requests,Solicitudes de pacto entrantes,Pedidos de pacto recebidos,Demandes de pacte entrantes,,,
DIPLO_PACT_INCOMING_POLICY_LABEL,When another dynasty requests a non-aggression pact:,Cuando otra dinastía solicite un pacto de no agresión:,Quando outra dinastia solicitar um pacto de não agressão:,Lorsqu'une autre dynastie demande un pacte de non-agression :,,,
DIPLO_PACT_INCOMING_MANUAL,Ask me (popup),Preguntarme (ventana emergente),Perguntar (janela),Me demander (fenêtre),,,
DIPLO_PACT_INCOMING_AUTO_ACCEPT,Accept automatically,Aceptar automáticamente,Aceitar automaticamente,Accepter automatiquement,,,
DIPLO_PACT_INCOMING_AUTO_DECLINE,Decline automatically,Rechazar automáticamente,Recusar automaticamente,Refuser automatiquement,,,
DIPLO_PACT_REQUEST_SENT_FMT,Pact request sent to %s.,Solicitud de pacto enviada a %s.,Pedido de pacto enviado a %s.,Demande de pacte envoyée à %s.,,,
DIPLO_PACT_ACCEPTED_FMT,%s accepted the non-aggression pact.,%s aceptó el pacto de no agresión.,%s aceitou o pacto de não agressão.,%s a accepté le pacte de non-agression.,,,
DIPLO_PACT_DECLINED_FMT,%s declined the non-aggression pact.,%s rechazó el pacto de no agresión.,%s recusou o pacto de não agressão.,%s a refusé le pacte de non-agression.,,,
LOG_PACT_DECLINED_FMT,Non-aggression pact request from %s was declined.,La solicitud de pacto de no agresión de %s fue rechazada.,O pedido de pacto de não agressão de %s foi recusado.,La demande de pacte de non-agression de %s a été refusée.,,,
DIPLO_ACTION_BREAK_PACT,Break Pact,Romper pacto,Quebrar pacto,Rompre le pacte,,,
DIPLO_ACTION_DECLARE_WAR,Declare War,Declarar guerra,Declarar guerra,Déclarer la guerre,,,
DIPLO_WAR_DECLARE_CONFIRM_FMT,Declare war on %s? Cross-dynasty trades will be cancelled and both dynasties will shift to war economy roles.,¿Declarar guerra a %s? Se cancelarán los intercambios entre dinastías y ambas usarán roles de economía de guerra.,Declarar guerra a %s? Comércios entre dinastias serão cancelados e ambas usarão funções de economia de guerra.,Déclarer la guerre à %s ? Les échanges entre dynasties seront annulés et les deux dynasties passeront aux rôles de guerre.,,,
DIPLO_WAR_DECLARED_TITLE,War Declared,Guerra declarada,Guerra declarada,Guerre déclarée,,,
DIPLO_WAR_DECLARED_MSG_FMT,%s has declared war on your dynasty.,%s ha declarado la guerra contra tu dinastía.,%s declarou guerra contra a sua dinastia.,%s a déclaré la guerre à votre dynastie.,,,
DIPLO_NPC_WAR_ALERT_FMT,%s has declared war on %s.,%s ha declarado la guerra contra %s.,%s declarou guerra contra %s.,%s a déclaré la guerre à %s.,,,
DIPLO_INTEGRATION_VASSAL_WAR_ALERT_TITLE,Integration Target Attacked,Objetivo de integración atacado,Alvo de integração atacado,Cible d'intégration attaquée,,,
DIPLO_INTEGRATION_VASSAL_WAR_ALERT_FMT,"%s has declared war on %s, whom you are integrating. Your dynasty has taken over the war.","%s ha declarado la guerra contra %s, a quien estás integrando. Tu dinastía ha asumido la guerra.","%s declarou guerra contra %s, a quem você está integrando. Sua dinastia assumiu a guerra.","%s a déclaré la guerre à %s, que vous intégrez. Votre dynastie a repris la guerre.",,,
DIPLO_INTEGRATION_COMPLETED_TITLE,Integration Complete,Integración completada,Integração concluída,Intégration terminée,,,
DIPLO_INTEGRATION_COMPLETED_MSG_FMT,%s has been fully integrated into your dynasty.,%s se ha integrado por completo en tu dinastía.,%s foi totalmente integrada na sua dinastia.,%s a été entièrement intégrée à votre dynastie.,,,
DIPLO_ERROR_PACT_BLOCKS_WAR,Break the non-aggression pact before declaring war.,Rompe el pacto de no agresión antes de declarar la guerra.,Quebre o pacto de não agressão antes de declarar guerra.,Rompez le pacte de non-agression avant de déclarer la guerre.,,,
DIPLO_ERROR_WAR_COOLDOWN_FMT,You must wait %s more month(s) after breaking a pact before declaring war.,Debes esperar %s mes(es) más tras romper un pacto antes de declarar la guerra.,Aguarde mais %s mês(es) após quebrar um pacto antes de declarar guerra.,Vous devez attendre encore %s mois après avoir rompu un pacte avant de déclarer la guerre.,,,
DIPLO_ERROR_PACT_DECLINE_COOLDOWN_FMT,You must wait %s more month(s) after a declined pact request before asking again.,Debes esperar %s mes(es) más tras un pacto rechazado antes de volver a solicitarlo.,Aguarde mais %s mês(es) após um pacto recusado antes de solicitar novamente.,Vous devez attendre encore %s mois après un pacte refusé avant de redemander.,,,
DIPLO_ERROR_TRADE_DECLINE_COOLDOWN_FMT,You must wait %s more month(s) after a declined trade proposal before proposing again.,Debes esperar %s mes(es) más tras una propuesta comercial rechazada antes de volver a proponerla.,Aguarde mais %s mês(es) após uma proposta comercial recusada antes de propor novamente.,Vous devez attendre encore %s mois après une proposition commerciale refusée avant de reproposer.,,,
DIPLO_ERROR_WAR_POPULATION_FMT,Your dynasty needs at least %s ants before declaring war or configuring war economy roles.,Tu dinastía necesita al menos %s hormigas antes de declarar la guerra o configurar roles de economía de guerra.,A sua dinastia precisa de pelo menos %s formigas antes de declarar guerra ou configurar funções de economia de guerra.,Votre dynastie doit compter au moins %s fourmis avant de déclarer la guerre ou configurer les rôles de guerre.,,,
DIPLO_ERROR_WAR_ACTIVE_MILITARY,"Assign active military roles in war economy (Warrior, Defender, Militia, Brute, Captain, or Commander) before declaring war.","Asigna roles militares activos en la economía de guerra (Guerrera, Defensora, Milicia, Bruto o Comandante) antes de declarar la guerra.","Atribua funções militares activas na economia de guerra (Guerreira, Defensora, Milícia, Bruto ou Comandante) antes de declarar guerra.","Assignez des rôles militaires actifs en économie de guerre (Guerrière, Défenseuse, Milice, Brute ou Commandante) avant de déclarer la guerre.",,,
DIPLO_ERROR_WAR_TARGET_ACTIVE_MILITARY_FMT,%s cannot be attacked yet — they have no active military roles.,%s aún no puede ser atacada: no tiene roles militares activos.,%s ainda não pode ser atacada — não tem funções militares activas.,%s ne peut pas encore être attaquée : aucun rôle militaire actif.,,,
DIPLO_ERROR_WAR_NO_BORDER,Can only declare war to a bordering dynasty.,Solo se puede declarar la guerra a una dinastía vecina.,Só é possível declarar guerra a uma dinastia fronteiriça.,On ne peut déclarer la guerre qu'à une dynastie voisine.,,,
DIPLO_ACTION_TRADE,Trade,Comerciar,Comerciar,Commerce,,,
DIPLO_ACTION_REQUEST_TRADE,Request Trade,Solicitar comercio,Solicitar comércio,Demander un commerce,,,
DIPLO_ACTION_SEND_DIPLOMATS,Send Diplomats,Enviar diplomáticas,Enviar diplomatas,Envoyer des diplomates,,,
DIPLO_ERROR_NO_SPY_ROLE,Unlock Spies via Ghost assimilation first.,Desbloquea Espías con la asimilación Fantasma primero.,Desbloqueie Espiões via assimilação Fantasma primeiro.,Débloquez les Espions via l'assimilation Fantôme d'abord.,,,
DIPLO_ERROR_NO_SPIES,No spies available.,No hay espías disponibles.,Não há espiões disponíveis.,Aucun espion disponible.,,,
DIPLO_SEND_SPIES_TITLE,Send Spies,Enviar espías,Enviar espiões,Envoyer des espions,,,
DIPLO_ACTION_INTELLIGENCE,Intelligence,Inteligencia,Inteligência,Renseignement,,,
DIPLO_ACTION_SEND_SPIES,Send Spies,Enviar espías,Enviar espiões,Envoyer des espions,,,
DIPLO_ACTION_GENETIC_EXCHANGE,Genetic Exchange,Intercambio genético,Intercâmbio genético,Échange génétique,,,
DIPLO_ACTION_INTEGRATE,Begin Integration,Iniciar integración,Iniciar integração,Lancer l'intégration,,,
DIPLO_ACTION_CANCEL_INTEGRATION,Cancel Integration,Cancelar integración,Cancelar integração,Annuler l'intégration,,,
DIPLO_INTEGRATION_PROGRESS_FMT,%s%% — %s (%s diplomats),%s%% — %s (%s diplomáticas),%s%% — %s (%s diplomatas),%s%% — %s (%s diplomates),,,
DIPLO_INTEGRATION_PROGRESS_TOOLTIP_FMT,"Integration: %s%% complete, ETA %s, %s diplomats assigned","Integración: %s%% completa, finaliza %s, %s diplomáticas asignadas","Integração: %s%% concluída, conclusão prevista %s, %s diplomatas atribuídos","Intégration : %s%% terminée, fin prévue %s, %s diplomates assignés",,,
DIPLO_ACTION_MANAGE_INTEGRATION_DIPLOMATS,Manage Integration Diplomats,Gestionar diplomáticas de integración,Gerir diplomatas de integração,Gérer les diplomates d'intégration,,,
DIPLO_INTEGRATION_DIPLOMATS_PROMPT,Assign diplomats to integration (up to %s available across the dynasty).,Asigna diplomáticas a la integración (hasta %s disponibles en la dinastía).,Atribua diplomatas à integração (até %s disponíveis na dinastia).,Assignez des diplomates à l'intégration (jusqu'à %s disponibles dans la dynastie).,,,
DIPLO_INTEGRATION_STANCE,Integrating,Integrando,Integrando,Intégration,,,
DIPLO_INTEGRATION_STARTED_FMT,Integration of %s has begun.,Comenzó la integración de %s.,A integração de %s começou.,L'intégration de %s a commencé.,,,
DIPLO_INTEGRATION_INSTANT_FMT,Integrated %s instantly.,Integró %s al instante.,Integrou %s instantaneamente.,%s a été intégré(e) instantanément.,,,
DIPLO_INTEGRATION_CANCEL_CONFIRM_FMT,Cancel integration of %s? Progress will be lost.,¿Cancelar la integración de %s? Se perderá el progreso.,Cancelar a integração de %s? O progresso será perdido.,Annuler l'intégration de %s ? La progression sera perdue.,,,
DIPLO_ERROR_INTEGRATION_ACTIVE,Only one integration can run at a time.,Solo puede haber una integración a la vez.,Só pode haver uma integração de cada vez.,Une seule intégration à la fois.,,,
DIPLO_ERROR_INTEGRATION_TARGET_BUSY,That dynasty is already being integrated.,Esa dinastía ya está siendo integrada.,Essa dinastia já está a ser integrada.,Cette dynastie est déjà en cours d'intégration.,,,
DIPLO_ERROR_INTEGRATION_MILITARY,Requires at least 5× their military power.,Requiere al menos 5× su poder militar.,Requer pelo menos 5× o poder militar deles.,Nécessite au moins 5× leur puissance militaire.,,,
DIPLO_ERROR_INTEGRATION_REPUTATION,Requires Friendly reputation or better.,Requiere reputación Amistosa o mejor.,Requer reputação Amigável ou melhor.,Nécessite une réputation Amicale ou meilleure.,,,
DIPLO_ERROR_INTEGRATION_DIPLOMATS,Requires at least one available diplomat.,Requiere al menos una diplomática disponible.,Requer pelo menos um diplomata disponível.,Nécessite au moins un diplomate disponible.,,,
DIPLO_ERROR_INTEGRATION_BORDER,Your dynasty must share a border with this dynasty.,Tu dinastía debe compartir frontera con esta dinastía.,A tua dinastia tem de partilhar fronteira com esta dinastia.,Votre dynastie doit partager une frontière avec cette dynastie.,,,
DIPLO_ERROR_INTEGRATION_PACT,Requires a non-aggression pact with this dynasty.,Requiere un pacto de no agresión con esta dinastía.,Requer um pacto de não agressão com esta dinastia.,Nécessite un pacte de non-agression avec cette dynastie.,,,
DIPLO_SEND_DIPLOMATS_TITLE,Send Diplomats,Enviar diplomáticas,Enviar diplomatas,Envoyer des diplomates,,,
DIPLO_SEND_DIPLOMATS_PROMPT,Send up to %s diplomat(s) (%s assigned). Each improves stability by %s.,Envía hasta %s diplomática(s) (%s asignadas). Cada una mejora la estabilidad en %s.,Envie até %s diplomata(s) (%s atribuídas). Cada uma melhora a estabilidade em %s.,Envoyez jusqu'à %s diplomate(s) (%s assignées). Chacune améliore la stabilité de %s.,,,
DIPLO_DIPLOMATS_CURRENT_FMT,Assigned: %s,Asignadas: %s,Atribuídos: %s,Assignées : %s,,,
DIPLO_DIPLOMATS_AVAILABLE_FMT,Available: %s,Disponibles: %s,Disponíveis: %s,Disponibles : %s,,,
DIPLO_DIPLOMATS_LIMIT_FMT,Limit: %s,Límite: %s,Limite: %s,Limite : %s,,,
DIPLO_DIPLOMATS_TARGET_COUNT,Assign,Asignar,Atribuir,Assigner,,,
DIPLO_DIPLOMATS_EACH_FMT,+%s each,+%s c/u,+%s cada,+%s chacune,,,
DIPLO_DIPLOMATS_BONUS_PREVIEW_FMT,Bonus: +%s (%s),Bonificación: +%s (%s),Bónus: +%s (%s),Bonus : +%s (%s),,,
DIPLO_SEND_DIPLOMATS_FOR_FMT,Send Diplomats — %s,Enviar diplomáticas — %s,Enviar diplomatas — %s,Envoyer des diplomates — %s,,,
DIPLO_SEND_DIPLOMATS_SUCCESS_DYNASTY,Sent %s diplomat(s). Reputation with %s increased by %s.,Enviadas %s diplomática(s). Reputación con %s aumentó en %s.,Enviadas %s diplomata(s). Reputação com %s aumentou em %s.,%s diplomate(s) envoyées. Réputation avec %s augmentée de %s.,,,
DIPLO_SEND_DIPLOMATS_SUCCESS_COLONY,Sent %s diplomat(s). %s loyalty increased by %s.,Enviadas %s diplomática(s). Lealtad de %s aumentó en %s.,Enviadas %s diplomata(s). Lealdade de %s aumentou em %s.,%s diplomate(s) envoyées. Loyauté de %s augmentée de %s.,,,
DIPLO_ERROR_NO_DIPLOMATS,No princesses are assigned to the Diplomat role in this colony.,No hay princesas con rol Diplomática asignado en esta colonia.,Nenhuma princesa está atribuída ao papel Diplomata nesta colônia.,Aucune princesse n'a le rôle Diplomate dans cette colonie.,,,
DIPLO_ERROR_NO_DIPLOMAT_ROLE,Unlock the Diplomat role before sending diplomats.,Desbloquea el rol Diplomática antes de enviar diplomáticas.,Desbloqueie o papel Diplomata antes de enviar diplomatas.,Débloquez le rôle Diplomate avant d'envoyer des diplomates.,,,
DIPLO_ERROR_GENETIC_EXCHANGE_ACTIVE,A genetic exchange boost is already active with this dynasty.,Ya hay un impulso de intercambio genético activo con esta dinastía.,Já há um bônus de intercâmbio genético ativo com esta dinastia.,Un bonus d'échange génétique est déjà actif avec cette dynastie.,,,
DIPLO_ERROR_GENETIC_EXCHANGE_DRONES,Need at least 25 live drones across your dynasty.,Se necesitan al menos 25 zánganos vivos en toda tu dinastía.,São necessários pelo menos 25 zangões vivos em toda a tua dinastia.,Il faut au moins 25 mâles vivants dans toute votre dynastie.,,,
DIPLO_ERROR_GENETIC_EXCHANGE_BORDER,Your dynasty must have a colony bordering this dynasty.,Tu dinastía debe tener una colonia fronteriza con esta dinastía.,A tua dinastia tem de ter uma colónia fronteiriça com esta dinastia.,Votre dynastie doit avoir une colonie frontalière avec cette dynastie.,,,
DIPLO_ERROR_GENETIC_EXCHANGE_REP,Requires Cordial reputation or better.,Requiere reputación Cordial o superior.,Requer reputação Cordial ou superior.,Réputation Cordiale ou supérieure requise.,,,
DIPLO_ERROR_REPUTATION_STABLE,Diplomats cannot be sent to dynasties with Aggressive reputation.,No puedes enviar diplomáticas a dinastías con reputación Agresiva.,Diplomatas não podem ser enviados a dinastias com reputação Agressiva.,Les diplomates ne peuvent pas être envoyés aux dynasties avec une réputation Agressive.,,,
DIPLO_ERROR_DIPLOMATS_AT_WAR,Diplomats cannot be sent while at war with this dynasty.,No puedes enviar diplomáticas mientras estés en guerra con esta dinastía.,Diplomatas não podem ser enviados durante uma guerra com esta dinastia.,Les diplomates ne peuvent pas être envoyés pendant une guerre avec cette dynastie.,,,
DIPLO_ERROR_LOYALTY_STABLE,Diplomats cannot be sent to colonies with Rebellious loyalty.,No puedes enviar diplomáticas a colonias con lealtad Rebelde.,Diplomatas não podem ser enviados a colônias com lealdade Rebelde.,Les diplomates ne peuvent pas être envoyés aux colonies avec une loyauté Rebelle.,,,
DIPLO_ERROR_CORDIAL_REQUIRED,Cordial reputation or better is required to form a pact.,Se requiere reputación cordial o mejor para formar un pacto.,Reputação cordial ou melhor é necessária para formar um pacto.,Une réputation cordiale ou meilleure est requise pour former un pacte.,,,
DIPLO_ERROR_CORDIAL_REQUIRED_REQUEST,Neutral reputation or better is required to request trade.,Se requiere reputación neutral o mejor para solicitar comercio.,Reputação neutra ou melhor é necessária para solicitar comércio.,Une réputation neutre ou meilleure est requise pour demander un commerce.,,,
DIPLO_ERROR_NEUTRAL_REQUIRED,Neutral reputation or better is required to trade with this dynasty.,Se requiere reputación neutral o mejor para comerciar con esta dinastía.,Reputação neutra ou melhor é necessária para comerciar com esta dinastia.,Une réputation neutre ou meilleure est requise pour commercer avec cette dynastie.,,,
DIPLO_ERROR_WARY_REQUIRED_OFFER,Wary reputation or better is required to offer trade.,Se requiere reputación cautelosa o mejor para ofrecer comercio.,Reputação cautelosa ou melhor é necessária para oferecer comércio.,Une réputation méfiante ou meilleure est requise pour offrir un commerce.,,,
DIPLO_ERROR_NO_TRADE_CARGO,No surplus resources are available for a trade proposal on this border.,No hay excedente de recursos para una propuesta comercial en esta frontera.,Não há excedente de recursos para uma proposta comercial nesta fronteira.,Aucun surplus de ressources n'est disponible pour une proposition commerciale sur cette frontière.,,,
DIPLO_ERROR_LOYALTY_REQUIRED,Colony loyalty must be at least Disloyal to trade.,La lealtad de la colonia debe ser al menos Desleal para comerciar.,A lealdade da colónia deve ser pelo menos Desleal para comerciar.,La loyauté de la colonie doit être au moins Désloyale pour commercer.,,,
DIPLO_ERROR_NO_BORDER,Select a player colony bordering this dynasty.,Selecciona una colonia tuya que bordee esta dinastía.,Selecione uma colónia sua que faça fronteira com esta dinastia.,Sélectionnez une colonie à vous qui borde cette dynastie.,,,
DIPLO_ERROR_ACTIVE_COLONY,Select one of your colonies on the map first.,Selecciona primero una de tus colonias en el mapa.,Selecione primeiro uma das suas colónias no mapa.,Sélectionnez d'abord une de vos colonies sur la carte.,,,
DIPLO_TRADE_REQUEST_SENT,Trade request sent.,Solicitud comercial enviada.,Pedido comercial enviado.,Demande commerciale envoyée.,,,
DIPLO_TRADE_OFFER_SENT_FMT,Trade offer sent to %s.,Oferta comercial enviada a %s.,Oferta comercial enviada a %s.,Offre commerciale envoyée à %s.,,,
DIPLO_TRADE_ACCEPTED_FMT,%s accepted the trade proposal.,%s aceptó la propuesta comercial.,%s aceitou a proposta comercial.,%s a accepté la proposition commerciale.,,,
DIPLO_TRADE_DECLINED_FMT,%s declined the trade proposal.,%s rechazó la propuesta comercial.,%s recusou a proposta comercial.,%s a refusé la proposition commerciale.,,,
DIPLO_TRADE_PROPOSAL_TITLE,Trade Proposal,Propuesta comercial,Proposta comercial,Proposition commerciale,,,
DIPLO_TRADE_OFFER_MSG_FMT,%s offers a one-time trade from %s to %s: %s.,%s ofrece un comercio único de %s a %s: %s.,%s oferece um comércio único de %s para %s: %s.,%s propose un commerce unique de %s vers %s : %s.,,,
DIPLO_TRADE_REQUEST_MSG_FMT,%s requests a one-time shipment from %s to %s: %s.,%s solicita un envío único de %s a %s: %s.,%s solicita um envio único de %s para %s: %s.,%s demande un envoi unique de %s vers %s : %s.,,,
DIPLO_TRADE_PROPOSAL_ACCEPT,Accept,Aceptar,Aceitar,Accepter,,,
DIPLO_TRADE_PROPOSAL_DECLINE,Decline,Rechazar,Recusar,Refuser,,,
TRADE_LOAD_ENTRY_FMT,%s %s,%s %s,%s %s,%s %s,,,
LOG_TRADE_PROPOSAL_ACCEPTED_FMT,Trade proposal accepted; route started to %s.,Propuesta comercial aceptada; ruta iniciada hacia %s.,Proposta comercial aceite; rota iniciada para %s.,Proposition commerciale acceptée ; route lancée vers %s.,,,
LOG_TRADE_PROPOSAL_DECLINED_FMT,Trade proposal declined by %s.,Propuesta comercial rechazada por %s.,Proposta comercial recusada por %s.,Proposition commerciale refusée par %s.,,,
DIPLO_TOOLTIP_BASE,Base,Base,Base,Base,,,
DIPLO_TOOLTIP_EFFECTIVE,Effective,Efectiva,Efetiva,Effective,,,
DIPLO_MODIFIER_LINE,%s: %s,%s: %s,%s: %s,%s: %s,,,
LOYALTY_TOOLTIP_BASE,Base,Base,Base,Base,,,
LOYALTY_TOOLTIP_EFFECTIVE,Effective,Efectiva,Efetiva,Effective,,,
LOYALTY_MODIFIER_LINE,%s: %s,%s: %s,%s: %s,%s: %s,,,
SPECIES_OMNI,Omni Ant,Hormiga Omni,Formiga Omni,Fourmi Omni,,,
SPECIES_OMNI_SCIENTIFIC,Omniformica Grimunknowni,Omniformica Grimunknowni,Omniformica Grimunknowni,Omniformica Grimunknowni,,,
SPECIES_LEAFCUTTER,Leafcutter Ant,Hormiga cortadora de hojas,Formiga cortadeira de folhas,Fourmi coupe-feuille,,,
SPECIES_LEAFCUTTER_SCIENTIFIC,Atta Cephalotes,Atta Cephalotes,Atta Cephalotes,Atta Cephalotes,,,
SPECIES_PHARAOH,Pharaoh Ant,Hormiga Faraón,Formiga-faraó,Fourmi pharaon,,,
SPECIES_PHARAOH_SCIENTIFIC,Monomorium Pharaonis,Monomorium Pharaonis,Monomorium Pharaonis,Monomorium Pharaonis,,,
SPECIES_MARAUDER,Marauder Ant,Hormiga Merodeadora,Formiga saqueadora,Fourmi maraudeuse,,,
SPECIES_MARAUDER_SCIENTIFIC,Carebara Diversa,Carebara Diversa,Carebara Diversa,Carebara Diversa,,,
SPECIES_TRAPJAW,Trap-Jaw Ant,Hormiga mandíbula-trampa,Formiga mandíbula-armadilha,Fourmi Piège-Mâchoire,,,
SPECIES_TRAPJAW_SCIENTIFIC,Odontomachus Hastatus,Odontomachus Hastatus,Odontomachus Hastatus,Odontomachus Hastatus,,,
SPECIES_HONEYPOT,Honey-Pot Ant,Hormiga Mielera,Formiga Melífera,Fourmi pot-de-miel,,,
SPECIES_HONEYPOT_SCIENTIFIC,Camponotus Inflatus,Camponotus Inflatus,Camponotus Inflatus,Camponotus Inflatus,,,
SPECIES_TURTLE,Turtle Ant,Hormiga Tortuga,Formiga Tartaruga,Fourmi Tortue,,,
SPECIES_TURTLE_SCIENTIFIC,Cephalotes Atratus,Cephalotes Atratus,Cephalotes Atratus,Cephalotes Atratus,,,
SPECIES_CARPENTER,Carpenter Ant,Hormiga Carpintera,Formiga Carpinteira,Fourmi Charpentière,,,
SPECIES_CARPENTER_SCIENTIFIC,Camponotus Pennsylvanicus,Camponotus Pennsylvanicus,Camponotus Pennsylvanicus,Camponotus Pennsylvanicus,,,
SPECIES_WEAVER,Weaver Ant,Hormiga Tejedora,Formiga Tecelã,Fourmi Tisseuse,,,
SPECIES_WEAVER_SCIENTIFIC,Oecophylla Smaragdina,Oecophylla Smaragdina,Oecophylla Smaragdina,Oecophylla Smaragdina,,,
SPECIES_FLOODPLAIN,Floodplain Ant,Hormiga de Llanura Inundable,Formiga da Planície Alagada,Fourmi des Plaines Inondées,,,
SPECIES_FLOODPLAIN_SCIENTIFIC,Formica Selysi,Formica Selysi,Formica Selysi,Formica Selysi,,,
SPECIES_FIRE,Fire Ant,Hormiga de Fuego,Formiga de Fogo,Fourmi de Feu,,,
SPECIES_FIRE_SCIENTIFIC,Solenopsis Invicta,Solenopsis Invicta,Solenopsis Invicta,Solenopsis Invicta,,,
SPECIES_JET,Jet Ant,Hormiga saltadora,Formiga saltadora,Fourmi sauteuse,,,
SPECIES_JET_SCIENTIFIC,Harpegnathos Saltator,Harpegnathos Saltator,Harpegnathos Saltator,Harpegnathos Saltator,,,
SPECIES_BULLET,Bullet Ant,Hormiga Bala,Formiga Bala,Fourmi Balle,,,
SPECIES_BULLET_SCIENTIFIC,Paraponera Clavata,Paraponera Clavata,Paraponera Clavata,Paraponera Clavata,,,
SPECIES_ARMY,Army Ant,Hormiga legionaria,Formiga-legionária,Fourmi légionnaire,,,
SPECIES_ARMY_SCIENTIFIC,Eciton Burchellii,Eciton Burchellii,Eciton Burchellii,Eciton Burchellii,,,
SPECIES_GHOST,Ghost Ant,Hormiga Fantasma,Formiga Fantasma,Fourmi Fantôme,,,
SPECIES_GHOST_SCIENTIFIC,Tapinoma Melanocephalum,Tapinoma Melanocephalum,Tapinoma Melanocephalum,Tapinoma Melanocephalum,,,
SPECIES_DRACULA,Dracula Ant,Hormiga Drácula,Formiga Drácula,Fourmi Dracula,,,
SPECIES_DRACULA_SCIENTIFIC,Mystrium Camillae,Mystrium Camillae,Mystrium Camillae,Mystrium Camillae,,,
SPECIES_SILVER,Saharan Silver Ant,Hormiga Plateada del Sahara,Formiga Prateada do Saara,Fourmi Argentée du Sahara,,,
SPECIES_SILVER_SCIENTIFIC,Cataglyphis Bicolor,Cataglyphis Bicolor,Cataglyphis Bicolor,Cataglyphis Bicolor,,,
SPECIES_MARICOPA,Maricopa Ant,Hormiga Maricopa,Formiga Maricopa,Fourmi Maricopa,,,
SPECIES_MARICOPA_SCIENTIFIC,Pogonomyrmex Maricopa,Pogonomyrmex Maricopa,Pogonomyrmex Maricopa,Pogonomyrmex Maricopa,,,
SPECIES_EXPLODING,Exploding Ant,Hormiga Explosiva,Formiga Explosiva,Fourmi Explosive,,,
SPECIES_EXPLODING_SCIENTIFIC,Camponotus Saundersi,Camponotus Saundersi,Camponotus Saundersi,Camponotus Saundersi,,,
SPECIES_BULLDOG,Bulldog Ant,Hormiga toro,Formiga-touro,Fourmi bouledogue,,,
SPECIES_BULLDOG_SCIENTIFIC,Myrmecia Pyriformis,Myrmecia Pyriformis,Myrmecia Pyriformis,Myrmecia Pyriformis,,,
SPECIES_SHININGBLACK,Shining Black Ant,Hormiga Negra Brillante,Formiga Preta Brilhante,Fourmi Noire Brillante,,,
SPECIES_SHININGBLACK_SCIENTIFIC,Lasius Fuliginosus,Lasius Fuliginosus,Lasius Fuliginosus,Lasius Fuliginosus,,,
SPECIES_DESERT,Desert Ant,Hormiga del Desierto,Formiga do Deserto,Fourmi du Désert,,,
SPECIES_DESERT_SCIENTIFIC,Cataglyphis Fortis,Cataglyphis Fortis,Cataglyphis Fortis,Cataglyphis Fortis,,,
SPECIES_GREEN,Green Ant,Hormiga Verde,Formiga Verde,Fourmi Verte,,,
SPECIES_GREEN_SCIENTIFIC,Formica Rufa,Formica Rufa,Formica Rufa,Formica Rufa,,,
ASSIMILATED_TRAPJAW,Trap-Jaw,Mandíbula Trampa,Mandíbula-armadilha,Mandibules-piège,,,
ASSIMILATED_TRAPJAW_FLAVOR,Spring-Loaded Mandibles,Mandíbulas de Resorte,Mandíbulas de Mola,Mâchoires à Ressort,,,
ASSIMILATED_TRAPJAW_DESC,Unlocks the Trapjaw head subtype. Contributes 1.5x attack on infantry skills; stacks by addition with other subtype attack bonuses. Grants the Powerful Bite skill (replaces Basic Bite).,Desbloquea el subtipo de cabeza Mandíbula-trampa. Aporta 1.5x ataque en habilidades de infantería; se apila por suma con otros bonus de ataque de subtipo. Otorga la habilidad Mordida poderosa (reemplaza Mordida básica).,Desbloqueia o subtipo de cabeça Mandíbula-armadilha. Contribui 1.5x ataque em habilidades de infantaria; acumula por soma com outros bônus de ataque de subtipo. Concede a habilidade Mordida poderosa (substitui Mordida básica).,"Débloque le sous-type de tête Mâchoire-piège. Apporte 1,5x attaque sur les compétences d'infanterie ; s'empile par addition avec les autres bonus d'attaque de sous-type. Accorde la compétence Morsure puissante (remplace Morsure basique).",,,
ASSIMILATION_TRAPJAW,Trapjaw,Mandíbula-trampa,Mandíbula-armadilha,Piège-mâchoire,,,
ASSIMILATION_TRAPJAW_DESC,After assimilating the trap-jaw ant genome:,Tras asimilar el genoma de la hormiga trampa mandíbula:,Após assimilar o genoma da formiga armadilha:,Après assimilation du génome de la fourmi piège-mâchoire :,,,
ASSIMILATED_HONEYPOT,Honeypot,Hormiga Mielera,Formiga pote de mel,Fourmi pot de miel,,,
ASSIMILATED_HONEYPOT_FLAVOR,Living Honey Jars,Tarros de Miel Vivos,Potes de Mel Vivos,Pots de Miel Vivants,,,
ASSIMILATED_HONEYPOT_DESC,"Unlocks the Honeypot abdomen subtype and the Portable-Feeder (Potter) role for workers with that subtype. Honeypot foragers gather and carry 4x as much at 0.75x movement speed, and gain +15% regeneration. Grants Boost Regen (doubles next redeploy heal when used).","Desbloquea el subtipo de abdomen mielera y el rol Hormiga-Copa para obreras con ese subtipo. Las recolectoras mieleras reúnen y llevan 4x a 0.75x velocidad, y ganan +15% regeneración. Otorga Regeneración reforzada (duplica la curación del siguiente redespliegue al usarla).","Desbloqueia o subtipo de abdômen melífera e a função Alimentadora portátil para operárias com esse subtipo. Forrageadoras melíferas coletam e carregam 4x a 0.75x velocidade, e ganham +15% regeneração. Concede Regeneração reforçada (duplica a cura do próximo redesdobramento ao usar).","Débloque le sous-type d'abdomen pot-de-miel et le rôle Porteuse nourriture pour les ouvrières avec ce sous-type. Les butineuses pot-de-miel collectent et portent 4x à 0,75x vitesse, et gagnent +15 % de régénération. Accorde Régénération renforcée (double la guérison du prochain redéploiement).",,,
ASSIMILATION_HONEYPOT,Honeypot,Mielera,Melífera,Pot-de-miel,,,
ASSIMILATION_HONEYPOT_DESC,After assimilating the honey-pot ant genome:,Tras asimilar el genoma de la hormiga mielera:,Após assimilar o genoma da formiga melífera:,Après assimilation du génome de la fourmi pot-de-miel :,,,
ASSIMILATED_DOORHEAD,Turtle Ant,Hormiga Tortuga,Formiga tartaruga,Fourmi tortue,,,
ASSIMILATED_DOORHEAD_FLAVOR,Armored Head Plugs,Tapones de Cabeza Acorazados,Tampões de Cabeça Blindados,Bouchons Crâniens Blindés,,,
ASSIMILATED_DOORHEAD_DESC,Unlocks the Doorhead head subtype and the Defender role for soldiers with that subtype. Doorhead ants gain +20% defense. Grants Shielding (defenders absorb hits meant for queens in hex defense until they die).,Desbloquea el subtipo de cabeza Cabeza-escudo y el rol Defensora para soldados con ese subtipo. Las hormigas doorhead ganan +20% defensa. Otorga Escudo (las defensoras absorben golpes destinados a las reinas en defensa de hexágono hasta morir).,Desbloqueia o subtipo de cabeça Cabeça-escudo e a função Defensora para soldadas com esse subtipo. Formigas doorhead ganham +20% defesa. Concede Escudo (defensoras absorvem golpes destinados às rainhas na defesa de hexágono até morrerem).,Débloque le sous-type de tête Tête-bouclier et le rôle Défenseuse pour les soldates avec ce sous-type. Les fourmis doorhead gagnent +20 % de défense. Accorde Bouclier (les défenseuses absorbent les coups destinés aux reines en défense d'hexagone jusqu'à leur mort).,,,
ASSIMILATION_DOORHEAD,Doorhead,Doorhead,Doorhead,Tête-porte,,,
ASSIMILATION_DOORHEAD_DESC,After assimilating the turtle ant genome:,Tras asimilar el genoma de la hormiga cabeza puerta:,Após assimilar o genoma da formiga cabeça-porta:,Après assimilation du génome de la fourmi tête-porte :,,,
ASSIMILATED_WOODBURROW,Wood Burrowing,Excavación en Madera,Escavação em madeira,Creusement du bois,,,
ASSIMILATED_WOODBURROW_FLAVOR,Wood Excavation,Excavación de Madera,Escavação de Madeira,Excavation du Bois,,,
ASSIMILATED_WOODBURROW_DESC,Your dynasty can excavate and nest in wood with specialized burrowing jaws. (Mechanic in development.),Tu dinastía puede excavar y anidar en madera. (Mecánica en desarrollo.),Sua dinastia pode escavar e nidificar em madeira. (Mecânica em desenvolvimento.),Votre dynastie peut creuser et nicher dans le bois. (Mécanique en développement.),,,
ASSIMILATION_WOODBURROW,Wood Burrowing,Excavación en madera,Escavação em madeira,Creusement du bois,,,
ASSIMILATION_WOODBURROW_DESC,After assimilating the carpenter ant genome:,Tras asimilar el genoma de la hormiga excavadora de madera:,Após assimilar o genoma da formiga escavadora de madeira:,Après assimilation du génome de la fourmi foreuse du bois :,,,
ASSIMILATED_SILKWEAVE,Silk Weaving,Tejido de Seda,Tecelagem de seda,Tissage de soie,,,
ASSIMILATED_SILKWEAVE_FLAVOR,Silk Nest Weaving,Tejido de Nidos de Seda,Tecelagem de Ninhos de Seda,Tissage de Nids en Soie,,,
ASSIMILATED_SILKWEAVE_DESC,Your dynasty can produce silk to bind leaves and build arboreal nests. (Mechanic in development.),Tu dinastía puede producir seda para unir hojas y construir nidos arborícolas. (Mecánica en desarrollo.),Sua dinastia pode produzir seda para unir folhas e construir ninhos arborícolas. (Mecânica em desenvolvimento.),Votre dynastie peut produire de la soie pour lier les feuilles. (Mécanique en développement.),,,
ASSIMILATION_SILKWEAVE,Silk Weaving,Tejido de seda,Tecelagem de seda,Tissage de soie,,,
ASSIMILATION_SILKWEAVE_DESC,After assimilating the weaver ant genome:,Tras asimilar el genoma de la hormiga tejedora de seda:,Após assimilar o genoma da formiga tecelã de seda:,Après assimilation du génome de la fourmi tisseuse de soie :,,,
ASSIMILATED_RAFTING,Rafting,Balsas Vivas,Jangadas vivas,Radeaux vivants,,,
ASSIMILATED_RAFTING_FLAVOR,Living Rafts,Balsas Vivas,Jangadas Vivas,Radeaux Vivants,,,
ASSIMILATED_RAFTING_DESC,Your dynasty can link bodies into rafts to cross floodwater. (Mechanic in development.),Tu dinastía puede unir cuerpos en balsas para cruzar inundaciones. (Mecánica en desarrollo.),Sua dinastia pode formar jangadas para cruzar enchentes. (Mecânica em desenvolvimento.),Votre dynastie peut former des radeaux pour traverser les crues. (Mécanique en développement.),,,
ASSIMILATION_RAFTING,Rafting,Balsas,Jangadas,Radeaux,,,
ASSIMILATION_RAFTING_DESC,After assimilating the floodplain ant genome:,Tras asimilar el genoma de la hormiga flotante:,Após assimilar o genoma da formiga flutuante:,Après assimilation du génome de la fourmi radeuse :,,,
ASSIMILATED_FIREVENOM,Fire Venom,Veneno de Fuego,Veneno de fogo,Venin de feu,,,
ASSIMILATED_FIREVENOM_FLAVOR,Burning Venom,Veneno Ardiente,Veneno Ardente,Venin Brûlant,,,
ASSIMILATED_FIREVENOM_DESC,Adds +50% to colony base attack. Super Venom synergy with Neurotoxic venom replaces both +50% bonuses with a +200% bonus (3x total).,Añade +50% al ataque base de la colonia. La sinergia Super Veneno con veneno neurotóxico sustituye ambos +50% por un bonus de +200% (3x total).,Adiciona +50% ao ataque base da colónia. A sinergia Super Veneno com veneno neurotóxico substitui ambos +50% por um bónus de +200% (3x total).,Ajoute +50 % à l'attaque de base de la colonie. La synergie Super Venin avec le venin neurotoxique remplace les deux +50 % par un bonus de +200 % (3x au total).,,,
ASSIMILATION_FIREVENOM,Fire Venom,Veneno de fuego,Veneno de fogo,Venin de feu,,,
ASSIMILATION_FIREVENOM_DESC,After assimilating the fire ant genome:,Tras asimilar el genoma de la hormiga veneno ígneo:,Após assimilar o genoma da formiga veneno de fogo:,Après assimilation du génome de la fourmi venin de feu :,,,
ASSIMILATED_JUMPING,Jumping,Salto,Salto,Saut,,,
ASSIMILATED_JUMPING_FLAVOR,Leap Strikes,Saltos de Ataque,Saltos de Ataque,Frappes Sautées,,,
ASSIMILATED_JUMPING_DESC,Unlocks the Jumping ability: infantry melee attacks can reach the artillery battle line and deal 1.2x damage.,Desbloquea la habilidad Salto: los ataques cuerpo a cuerpo de infantería pueden alcanzar la línea de artillería e infligen 1.2x de daño.,Desbloqueia a habilidade Salto: ataques corpo a corpo de infantaria podem alcançar a linha de artilharia e causam 1.2x de dano.,Débloque la capacité Saut : les attaques de mêlée d'infanterie peuvent atteindre la ligne d'artillerie et infligent 1.2x dégâts.,,,
ASSIMILATION_JUMPING,Jumping,Salto,Salto,Saut,,,
ASSIMILATION_JUMPING_DESC,After assimilating the jet ant genome:,Tras asimilar el genoma de la hormiga saltadora:,Após assimilar o genoma da formiga saltadora:,Après assimilation du génome de la fourmi sauteuse :,,,
ASSIMILATED_STINGING,Stinging,Aguijón,Ferrão,Piqûre,,,
ASSIMILATED_STINGING_FLAVOR,Excruciating Sting,Aguijón Excruciante,Ferrão Excruciante,Piqûre Excruciante,,,
ASSIMILATED_STINGING_DESC,"Unlocks the Stinger abdomen subtype. Contributes 1.5x attack on infantry skills; stacks by addition with other subtype attack bonuses (Trapjaw + Stinger = 3x, not 2.25x). Grants the Stinging skill.","Desbloquea el subtipo de abdomen Aguijón. Aporta 1.5x ataque en habilidades de infantería; se apila por suma (Mandíbula-trampa + Aguijón = 3x, no 2.25x). Otorga la habilidad Aguijón.","Desbloqueia o subtipo de abdômen Ferrão. Contribui 1.5x ataque em habilidades de infantaria; acumula por soma (Mandíbula-armadilha + Ferrão = 3x, não 2.25x). Concede a habilidade Ferrão.","Débloque le sous-type d'abdomen Dard. Apporte 1,5x attaque sur les compétences d'infanterie ; s'empile par addition (Mâchoire-piège + Dard = 3x, pas 2,25x). Accorde la compétence Piqûre.",,,
ASSIMILATION_STINGING,Stinging,Aguijón,Ferrão,Piqûre,,,
ASSIMILATION_STINGING_DESC,After assimilating the bullet ant genome:,Tras asimilar el genoma de la hormiga aguijonera:,Após assimilar o genoma da formiga ferrão:,Après assimilation du génome de la fourmi piqueuse :,,,
ASSIMILATED_SWARMING,Swarming,Enjambre,Enxame,Essaimage,,,
ASSIMILATED_SWARMING_FLAVOR,Raid Swarms,Enjambres de Incursión,Enxames de Incursão,Essaims de Raid,,,
ASSIMILATED_SWARMING_DESC,Unlocks the Swarming ability: combat capacity increases by 50%.,Desbloquea la habilidad Enjambre: la capacidad de combate aumenta un 50%.,Desbloqueia a habilidade Enxame: a capacidade de combate aumenta 50%.,Débloque la capacité Essaimage : la capacité de combat augmente de 50 %.,,,
ASSIMILATION_SWARMING,Swarming,Enjambre,Enxame,Essaim,,,
ASSIMILATION_SWARMING_DESC,After assimilating the army ant genome:,Tras asimilar el genoma de la hormiga enjambre:,Após assimilar o genoma da formiga enxame:,Après assimilation du génome de la fourmi essaim :,,,
ASSIMILATED_STEALTH,Stealth,Sigilo,Furtividade,Furtivité,,,
ASSIMILATED_STEALTH_FLAVOR,Ghost Infiltration,Infiltración Fantasma,Infiltração Fantasma,Infiltration Fantôme,,,
ASSIMILATED_STEALTH_DESC,"Unlocks the Spy princess role. Send spies against foreign dynasties to build Intelligence (0–100%). Idle spies raise Counter-Intelligence (5 + idle spies, max 50). At 100% Intelligence, spies steal a small share of RP, resin, minerals, or syrup each day.","Desbloquea el rol Espía. Envía espías contra dinastías extranjeras para acumular Inteligencia (0–100%). Las espías inactivas suben el Contraespionaje (5 + espías inactivas, máx. 50). Al 100% de Inteligencia, roban cada día una pequeña parte de PI, resina, minerales o jarabe.","Desbloqueia a função Espião. Envie espiões contra dinastias estrangeiras para acumular Inteligência (0–100%). Espiões ociosos aumentam a Contrainteligência (5 + espiões ociosos, máx. 50). Em 100% de Inteligência, roubam diariamente uma pequena parte de PP, resina, minerais ou xarope.","Débloque le rôle Espion. Envoyez des espions contre des dynasties étrangères pour accumuler du Renseignement (0–100 %). Les espions inactifs augmentent le Contre-espionnage (5 + espions inactifs, max. 50). À 100 % de renseignement, ils volent chaque jour une petite part de PR, résine, minerais ou sirop.",,,
ASSIMILATION_STEALTH,Stealth,Sigilo,Furtividade,Furtivité,,,
ASSIMILATION_STEALTH_DESC,After assimilating the ghost ant genome:,Tras asimilar el genoma de la hormiga fantasma:,Após assimilar o genoma da formiga fantasma:,Après assimilation du génome de la fourmi fantôme :,,,
ASSIMILATED_FASTBITE,Fast Bite,Mordida Rápida,Mordida rápida,Morsure rapide,,,
ASSIMILATED_FASTBITE_FLAVOR,Vampire Mandibles,Mandíbulas Vampiro,Mandíbulas Vampiro,Mandibules Vampire,,,
ASSIMILATED_FASTBITE_DESC,"Multiplies colony base attack speed by 2. Soldiers and majors attack twice as often (2 base, 4 with this assimilation).","Multiplica la velocidad de ataque base de la colonia por 2. Soldados y mayores atacan el doble (2 base, 4 con esta asimilación).","Multiplica a velocidade de ataque base da colônia por 2. Soldados e majores atacam o dobro (2 base, 4 com esta assimilação).","Multiplie la vitesse d'attaque de base de la colonie par 2. Les soldats et majores attaquent deux fois plus souvent (2 de base, 4 avec cette assimilation).",,,
ASSIMILATION_FASTBITE,Fast Bite,Mordida rápida,Mordida rápida,Morsure rapide,,,
ASSIMILATION_FASTBITE_DESC,After assimilating the dracula ant genome:,Tras asimilar el genoma de la hormiga drácula:,Após assimilar o genoma da formiga drácula:,Après assimilation du génome de la fourmi dracula :,,,
ASSIMILATED_HEATRESIST,Heat Resistance,Resistencia al Calor,Resistência ao calor,Résistance à la chaleur,,,
ASSIMILATED_HEATRESIST_FLAVOR,Desert Heat Tolerance,Tolerancia al Calor Desértico,Tolerância ao Calor do Deserto,Tolérance à la Chaleur,,,
ASSIMILATED_HEATRESIST_DESC,Replaces Thirst III: increases the colony's thirst resistance to 80%.,Sustituye Sed III: aumenta la resistencia a la sed de la colonia al 80%.,Substitui Sede III: aumenta a resistência à sede da colônia para 80%.,Remplace Soif III : résistance à la soif de la colonie à 80 %.,,,
ASSIMILATION_HEATRESIST,Heat Resistance,Resistencia al calor,Resistência ao calor,Résistance à la chaleur,,,
ASSIMILATION_HEATRESIST_DESC,After assimilating the saharan silver ant genome:,Tras asimilar el genoma de la hormiga plateada del sahara:,Após assimilar o genoma da formiga prateada do saara:,Après assimilation du génome de la fourmi argentée du sahara :,,,
ASSIMILATED_DEADLYVENOM,Deadly Venom,Veneno Mortal,Veneno mortal,Venin mortel,,,
ASSIMILATED_DEADLYVENOM_FLAVOR,Neurotoxic Venom,Veneno neurotóxico,Veneno neurotóxico,Venin neurotoxique,,,
ASSIMILATED_DEADLYVENOM_DESC,Adds +50% to colony base attack. Super Venom synergy with Fire venom replaces both +50% bonuses with a +200% bonus (3x total).,Añade +50% al ataque base de la colonia. La sinergia Super Veneno con veneno de fuego sustituye ambos +50% por un bonus de +200% (3x total).,Adiciona +50% ao ataque base da colónia. A sinergia Super Veneno com veneno de fogo substitui ambos +50% por um bónus de +200% (3x total).,Ajoute +50 % à l'attaque de base de la colonie. La synergie Super Venin avec le venin de feu remplace les deux +50 % par un bonus de +200 % (3x au total).,,,
ASSIMILATION_DEADLYVENOM,Deadly Venom,Veneno mortal,Veneno mortal,Venin mortel,,,
ASSIMILATION_DEADLYVENOM_DESC,After assimilating neurotoxic venom genetics:,Tras asimilar la genética del veneno neurotóxico:,Após assimilar a genética do veneno neurotóxico:,Après assimilation de la génétique du venin neurotoxique :,,,
ASSIMILATED_SELFDESTRUCT,Self-Destruct,Autodestrucción,Autodestruição,Autodestruction,,,
ASSIMILATED_SELFDESTRUCT_FLAVOR,Suicidal Defense,Defensa Suicida,Defesa Suicida,Défense Suicidaire,,,
ASSIMILATED_SELFDESTRUCT_DESC,"Unlocks the Bomber role and Selfdestruct skill (500% damage, 90% accuracy, 5 targets; the ant dies).","Desbloquea el rol Bombardera y la habilidad Autodestrucción (500% daño, 90% precisión, 5 objetivos; la hormiga muere).","Desbloqueia a função Bombardeira e a habilidade Autodestruição (500% dano, 90% precisão, 5 alvos; a formiga morre).","Débloque le rôle Bombardière et la compétence Autodestruction (500 % dégâts, 90 % précision, 5 cibles ; la fourmi meurt).",,,
ASSIMILATION_SELFDESTRUCT,Selfdestruct,Autodestrucción,Autodestruição,Autodestruction,,,
ASSIMILATION_SELFDESTRUCT_DESC,After assimilating the exploding ant genome:,Tras asimilar el genoma de la hormiga explosiva:,Após assimilar o genoma da formiga explosiva:,Après assimilation du génome de la fourmi explosive :,,,
ASSIMILATED_FARSIGHT,Farsight,Vista Larga,Visão longa,Longue vue,,,
ASSIMILATED_FARSIGHT_FLAVOR,Exceptional Vision,Visión Excepcional,Visão Excepcional,Vision Exceptionnelle,,,
ASSIMILATED_FARSIGHT_DESC,"Unlocks the Far Sight head subtype. When equipped, +15% accuracy to all skills (capped at 100%).","Desbloquea el subtipo de cabeza Vista lejana. Al equiparlo, +15% precisión a todas las habilidades (máximo 100%).","Desbloqueia o subtipo de cabeça Visão longa. Equipado, +15% precisão a todas as habilidades (máximo 100%).","Débloque le sous-type de tête Longue vue. Équipé, +15 % de précision à toutes les compétences (plafond 100 %).",,,
ASSIMILATION_FARSIGHT,Farsight,Vista lejana,Visão longa,Vision lointaine,,,
ASSIMILATION_FARSIGHT_DESC,After assimilating the bulldog ant genome:,Tras asimilar el genoma de la hormiga toro:,Após assimilar o genoma da formiga-touro:,Après assimilation du génome de la fourmi bouledogue :,,,
ASSIMILATED_HIVEBUILD,Hive Building,Construcción de Nidos,Construção de ninhos,Construction de nids,,,
ASSIMILATED_HIVEBUILD_FLAVOR,Carton Nest Building,Construcción de Nidos de Cartón,Construção de Ninhos de Cartão,Construction de Nids en Carton,,,
ASSIMILATED_HIVEBUILD_DESC,Your dynasty can build durable carton nests from chewed plant material. (Mechanic in development.),Tu dinastía puede construir nidos duraderos de cartón vegetal masticado. (Mecánica en desarrollo.),Sua dinastia pode construir ninhos duráveis de cartão vegetal mastigado. (Mecânica em desenvolvimento.),Votre dynastie peut bâtir des nids durables en carton végétal. (Mécanique en développement.),,,
ASSIMILATION_HIVEBUILD,Hive Building,Construcción de nido,Construção de colmeia,Construction de ruche,,,
ASSIMILATION_HIVEBUILD_DESC,After assimilating the shining black ant genome:,Tras asimilar el genoma de la hormiga negra brillante:,Após assimilar o genoma da formiga preta brilhante:,Après assimilation du génome de la fourmi noire brillante :,,,
ASSIMILATED_LOCSENSE,Location Sensing,Sentido de Ubicación,Sensor de localização,Sens de localisation,,,
ASSIMILATED_LOCSENSE_FLAVOR,Path Integration,Integración de Ruta,Integração de Rota,Intégration de Trajectoire,,,
ASSIMILATED_LOCSENSE_DESC,Increases ant movement speed by 50% and adds +20% flat convoy security.,Aumenta la velocidad de movimiento un 50% y añade +20% fijo de seguridad de convoy.,Aumenta a velocidade de movimento em 50% e adiciona +20% fixos de segurança de comboio.,Augmente la vitesse de déplacement de 50 % et ajoute +20 % de sécurité de convoi (bonus fixe).,,,
ASSIMILATION_LOCSENSE,Location Sensing,Sentido de ubicación,Sensor de localização,Sens de localisation,,,
ASSIMILATION_LOCSENSE_DESC,After assimilating the desert ant genome:,Tras asimilar el genoma de la hormiga del desierto:,Após assimilar o genoma da formiga do deserto:,Après assimilation du génome de la fourmi du désert :,,,
ASSIMILATED_ACIDSPIT,Acid Spit,Escupitajo Ácido,Cuspe ácido,Crachat d'acide,,,
ASSIMILATED_ACIDSPIT_FLAVOR,Formic Battery,Batería fórmica,Bateria fórmica,Batterie formique,,,
ASSIMILATED_ACIDSPIT_DESC,Unlocks the Acid Spitting skill for ants in your colony.,Desbloquea la habilidad Escupitajo ácido para las hormigas de tu colonia.,Desbloqueia a habilidade Cuspe ácido para as formigas da sua colônia.,Débloque la compétence Crachat d'acide pour les fourmis de votre colonie.,,,
ASSIMILATION_ACIDSPIT,Acid Spit,Escupitajo ácido,Cuspe ácido,Crachat d'acide,,,
ASSIMILATION_ACIDSPIT_DESC,After assimilating the green ant genome:,Tras asimilar el genoma de la hormiga verde:,Após assimilar o genoma da formiga verde:,Après assimilation du génome de la fourmi verte :,,,
ASSIMILATED_ASSIMILATION,Omni Assimilation,Asimilación Omni,Assimilação Omni,Assimilation Omni,,,
ASSIMILATED_ASSIMILATION_FLAVOR,Genome Bridge,Puente genómico,Ponte genómica,Pont génomique,,,
ASSIMILATED_ASSIMILATION_DESC,"Allows your dynasty to assimilate genomes from other species. Without this Omni keystone, defeated species cannot be assimilated.","Permite a tu dinastía asimilar genomas de otras especies. Sin esta clave Omni, las especies derrotadas no se pueden asimilar.","Permite à tua dinastia assimilar genomas de outras espécies. Sem esta chave Omni, espécies derrotadas não podem ser assimiladas.","Permet à votre dynastie d'assimiler les génomes d'autres espèces. Sans cette clé Omni, les espèces vaincues ne peuvent pas être assimilées.",,,
ASSIMILATION_OMNI,Omni Assimilation,Asimilación Omni,Assimilação Omni,Assimilation Omni,,,
ASSIMILATION_OMNI_DESC,After assimilating the Omni genome bridge:,Tras asimilar el puente genómico Omni:,Após assimilar a ponte genómica Omni:,Après avoir assimilé le pont génomique Omni :,,,
METHOD_LAND,Land,Tierra,Terra,Terre,,,
METHOD_AIR,Air,Aire,Ar,Air,,,
METHOD_SEA,Sea,Mar,Mar,Mer,,,
METHOD_TUNNEL,Tunnel,Túnel,Túnel,Tunnel,,,
METHOD_LAND_DESC,Balanced speed and capacity overland convoys.,Convoyes terrestres equilibrados en velocidad y capacidad.,Comboios terrestres equilibrados em velocidade e capacidade.,Convoi terrestre équilibré en vitesse et capacité.,,,
METHOD_AIR_DESC,Fast aerial convoys; low cargo capacity. Requires Sky Transport princesses.,Convoyes aéreos rápidos; baja capacidad. Requiere princesas de Transporte Aéreo.,Comboios aéreos rápidos; baixa capacidade. Requer princesas de Transporte Aéreo.,Convoi aérien rapide ; faible capacité. Nécessite des princesses Transport Aérien.,,,
METHOD_SEA_DESC,High-capacity convoys between coastal colonies.,Convoyes de alta capacidad entre colonias costeras.,Comboios de alta capacidade entre colônias costeiras.,Convoi haute capacité entre colonies côtières.,,,
METHOD_TUNNEL_DESC,Low danger through completed tunnels. Requires tunnel engineers or borers to dig.,Bajo peligro por túneles completados. Requiere ingenieros o perforadoras de túnel.,Baixo perigo por túneis concluídos. Requer engenheiros ou perfuradores de túnel.,Faible danger via tunnels terminés. Nécessite ingénieurs ou foreuses de tunnel.,,,
EVENT_ECLIPSE_NUPTIAL,The Eclipse has triggered a spontaneous Nuptial Flight!,¡El Eclipse ha provocado un Vuelo Nupcial espontáneo!,O eclipse provocou um voo nupcial espontâneo!,L'éclipse a déclenché un essaim nuptial spontané !,,,
TYPE_EGG,"Egg, Larva and Pupa Type","Tipo de Huevo, Larva y Pupa","Tipo ovo, larva e pupa","Type œuf, larve et nymphe",,,
TYPE_EGG_FLAVOR,Brand New Ants,Hormigas Nuevas,Formigas novas,Toutes nouvelles fourmis,,,
TYPE_EGG_DESC,"Unlocks the juvenile ant types, allowing new ants to be born. Each stage takes 4 days to grow out of.","Desbloquea los tipos de hormigas juveniles, permitiendo que nazcan nuevas hormigas. Cada etapa tarda 4 días en superarse.","Desbloqueia tipos jovens de formigas, permitindo que nasçam novas formigas. Cada estágio leva 4 dias.","Débloque les stades juvéniles, permettant la naissance de nouvelles fourmis. Chaque stade dure 4 jours.",,,
TYPE_WORKER,Worker,Tipo Obrera,Tipo operária,Type ouvrière,,,
TYPE_WORKER_FLAVOR,Means of Production,Medios de Producción,Meios de produção,Moyens de production,,,
TYPE_WORKER_DESC,"Unlocks the worker type, so your colony can sustain itself.",Desbloquea el tipo obrera para que tu colonia pueda autosustentarse.,Desbloqueia o tipo operária para a colônia se sustentar.,Débloque le type ouvrière pour que la colonie s'autosuffise.,,,
TYPE_SOLDIER,Soldier,Tipo Soldado,Tipo soldada,Type soldate,,,
TYPE_SOLDIER_FLAVOR,The Red Army,El Ejército Rojo,O exército vermelho,L'armée rouge,,,
TYPE_SOLDIER_DESC,"Unlocks the soldier type, you can now defend your colony.","Desbloquea el tipo soldado, ahora puedes defender tu colonia.",Desbloqueia o tipo soldada; você pode defender a colônia.,"Débloque le type soldate, vous pouvez défendre votre colonie.",,,
TYPE_MAJOR,Major,Tipo Mayor,Tipo majore,Type majore,,,
TYPE_MAJOR_FLAVOR,Ant Tanks,Tanques Hormiga,Tanques formiga,Chars fourmis,,,
TYPE_MAJOR_DESC,"Unlocks the major type, the bulkiest ants around.","Desbloquea el tipo mayor, las hormigas más robustas.","Desbloqueia o tipo majore, as formigas mais robustas.","Débloque le type majore, les fourmis les plus massives.",,,
TYPE_PRINCESS_DRONE,Princess and Drone,Tipos Princesa y Zángano,Tipos princesa e zangão,Types princesse et mâle,,,
TYPE_PRINCESS_FLAVOR,Winged Ants,Hormigas Aladas,Formigas aladas,Fourmis ailées,,,
TYPE_PRINCESS_DESC,"Unlocks the princess and drone types, so new colonies can exist or you can get more queens.",Desbloquea los tipos princesa y zángano para crear nuevas colonias u obtener más reinas.,Desbloqueia princesa e zangão para novas colônias ou mais rainhas.,Débloque princesse et mâle pour fonder de nouvelles colonies ou obtenir plus de reines.,,,
TYPE_QUEEN_FLAVOR,Ant Royalty,Realeza Hormiga,Realeza formiga,Royauté fourmi,,,
TYPE_QUEEN_DESC,"Unlocks the queen type, the leader of the colony.","Desbloquea el tipo reina, la líder de la colonia.","Desbloqueia o tipo rainha, líder da colônia.","Débloque le type reine, la dirigeante de la colonie.",,,
ROLE_FORAGER_UPGRADE,Forager Role,Rol Recolectora,Função coletora,Rôle ramasseuse,,,
ROLE_FORAGER_FLAVOR,Nature's Bounty,Recompensa de la Naturaleza,Dádivas da natureza,Don de la nature,,,
ROLE_FORAGER_DESC,Allows workers to collect plants and mushrooms. 1 ant can collect 1 resource per hour.,Permite a las obreras recolectar plantas y hongos. 1 hormiga recolecta 1 recurso por hora.,Permite que operárias coletem plantas e cogumelos. 1 formiga coleta 1 recurso por hora.,Permet aux ouvrières de collecter plantes et champignons. 1 fourmi = 1 ressource par heure.,,,
ROLE_NURSE_UPGRADE,Nurse Role,Rol Niñera,Função babá,Rôle nourrice,,,
ROLE_NURSE_FLAVOR,Maternity Leave,Licencia por Maternidad,Licença-maternidade,Congé maternité,,,
ROLE_NURSE_DESC,"Allows workers to take care of juvenile ants. 1 ant can take care of 10 babies, excess babies can perish overnight.",Permite a las obreras cuidar de las hormigas juveniles. 1 hormiga puede cuidar 10 crías; el exceso puede perecer de la noche a la mañana.,Permite que operárias cuidem de formigas jovens. 1 formiga cuida de 10 crias; o excesso pode morrer de um dia para o outro.,Permet aux ouvrières de s'occuper des juvéniles. 1 fourmi peut gérer 10 ; l'excès peut périr du jour au lendemain.,,,
ROLE_FARMER_UPGRADE,Farmer Role,Rol Granjera,Função agricultora,Rôle agricultrice,,,
ROLE_FARMER_FLAVOR,Grandpa's Farm,La Granja del Abuelo,A fazenda do avô,La ferme du grand-père,,,
ROLE_FARMER_DESC,"Allows workers to convert plant and animal matter into mushroom. 1 ant can convert 0.1 plant and 0.1 protein per minute, in a 1:1 and 1:2 ratio respectively.","Permite a las obreras convertir materia vegetal y animal en hongos. 1 hormiga convierte 0.1 de cada uno por minuto, en proporciones 1:1 y 1:2.","Permite converter matéria vegetal e animal em cogumelos. 1 formiga converte 0,1 de cada por minuto, em proporções 1:1 e 1:2.","Permet de convertir matière végétale et animale en champignon. 1 fourmi convertit 0,1 de chaque par minute, ratios 1:1 et 1:2.",,,
ROLE_GRAVER_UPGRADE,Grave-Keeper Role,Rol Sepulturera,Função coveira,Rôle fossoyeuse,,,
ROLE_GRAVER_FLAVOR,Grim Reaper,La Parca,A ceifadora,La faucheuse,,,
ROLE_GRAVER_DESC,"Allows workers to bury dead ants. 1 ant can take care of 5 dead ants, too many dead ants can attract disease.",Permite a las obreras enterrar hormigas muertas. 1 hormiga se encarga de 5 muertas; demasiadas pueden atraer enfermedades.,Permite que operárias enterrem formigas mortas. 1 formiga cuida de 5 mortas; demais podem atrair doenças.,Permet d'enterrer les mortes. 1 fourmi gère 5 mortes ; trop de cadavres attirent la maladie.,,,
ROLE_HUNTER_UPGRADE,Hunter Role,Rol Cazadora,Função caçadora,Rôle chasseuse,,,
ROLE_HUNTER_FLAVOR,Hunter Instinct,Instinto de Cazadora,Instinto de caçadora,Instinct de chasse,,,
ROLE_HUNTER_DESC,Allows soldiers to gather animal matter.  1 ant can collect 1 resource per hour.,Permite a los soldados recolectar materia animal. 1 hormiga recolecta 1 recurso por hora.,Permite que soldadas coletem matéria animal. 1 formiga coleta 1 recurso por hora.,Permet aux soldates de collecter la matière animale. 1 fourmi = 1 ressource par heure.,,,
ROLE_LAYER_UPGRADE,Egg Layer Role,Rol Ponedora,Função postura,Rôle pondeuse,,,
ROLE_LAYER_FLAVOR,Ant Factory,Fábrica de Hormigas,Fábrica de formigas,Usine à fourmis,,,
ROLE_LAYER_DESC,Allows queens to lay new eggs. 1 ant can lay 1 egg per hour.,Permite a las reinas poner huevos. 1 reina pone 1 huevo por hora.,Permite que rainhas ponham ovos. 1 rainha põe 1 ovo por hora.,Permet aux reines de pondre. 1 reine = 1 œuf par heure.,,,
ROLE_RANCHER_UPGRADE,Rancher Role,Rol Rancho,Função pastora,Rôle éleveuse,,,
ROLE_RANCHER_FLAVOR,Aphid Rancher,Pastora de Áfidos,Pastora de pulgões,Éleveuse de pucerons,,,
ROLE_RANCHER_DESC,Allows workers to tend aphids in the ranch pen. Each rancher supports up to 10 aphids. Each aphid produces 1 honeydew (syrup) per hour when fed plants. Catchers can only collect wild aphids after this role is unlocked (except in dry biomes).,Permite a las obreras cuidar pulgones en el corral. Cada pastora sostiene hasta 10 áfidos. Cada áfido produce 1 jarabe por hora si hay plantas. Las capturadoras solo pueden recoger áfidos salvajes tras desbloquear este rol (excepto en biomas secos).,Permite que operárias cuidem de pulgões no curral. Cada pastora sustenta até 10 pulgões. Cada pulgão produz 1 xarope por hora se houver plantas. Capturadoras só podem recolher pulgões selvagens após desbloquear este papel (exceto em biomas secos).,Permet aux ouvrières de garder des pucerons dans l'enclos. Chaque éleveuse soutient jusqu'à 10 pucerons. Chaque puceron produit 1 miellat par heure s'il y a des plantes. Les capturantes ne peuvent collecter des pucerons sauvages qu'après ce rôle (sauf biomes secs).,,,
ROLE_RESEARCHER_UPGRADE,Research Role,Rol Investigadora,Função pesquisadora,Rôle chercheuse,,,
ROLE_RESEARCHER_FLAVOR,Ant Science,Ciencia Hormiga,Ciência formiga,Science fourmi,,,
ROLE_RESEARCHER_DESC,Allows queens to generate research points. 1 ant research 1 point per hour.,Permite a las reinas generar puntos de investigación. 1 reina genera 1 punto por hora.,Permite que rainhas gerem pontos de pesquisa. 1 rainha gera 1 ponto por hora.,Permet aux reines de générer des points de recherche. 1 reine = 1 point par heure.,,,
ROLE_COMMANDER_UPGRADE,Commander Role,Rol Comandante,Função comandante,Rôle commandante,,,
ROLE_COMMANDER_FLAVOR,Royal Warlord,Señora de guerra real,Senhora de guerra real,Seigneur de guerre royale,,,
ROLE_COMMANDER_DESC,"Active military role for queens (artillery line). Max 1 per colony, and only if another queen remains in a non-combat role. Assigning a Commander raises dynasty combat capacity from 1,000 to 2,500 (does not stack). Grants Artillery Leader (+50% artillery-line damage while a living Commander is in battle). Also unlocks the Captain princess role.","Rol militar activo para reinas (línea de artillería). Máx. 1 por colonia, y solo si otra reina permanece en un rol no combatiente. Asignar una Comandante sube la capacidad de combate de la dinastía de 1.000 a 2.500 (no se acumula). Otorga Líder de artillería (+50% de daño de artillería mientras haya una Comandante viva en batalla). También desbloquea el rol Capitana para princesas.","Função militar activa para rainhas (linha de artilharia). Máx. 1 por colónia, e só se outra rainha permanecer num papel não combatente. Atribuir uma Comandante sobe a capacidade de combate da dinastia de 1.000 para 2.500 (não acumula). Concede Líder de artilharia (+50% de dano de artilharia enquanto uma Comandante viva estiver em batalha). Também desbloqueia a função Capitã para princesas.","Rôle militaire actif pour les reines (ligne d'artillerie). Max. 1 par colonie, et seulement si une autre reine reste dans un rôle non combat. Assigner une Commandante porte la capacité de combat dynastique de 1 000 à 2 500 (ne se cumule pas). Accorde Chef d'artillerie (+50 % de dégâts d'artillerie tant qu'une Commandante vivante est en bataille). Débloque aussi le rôle Capitaine pour les princesses.",,,
ROLE_CAPTAIN_UPGRADE,Captain Role,Rol Capitana,Função capitã,Rôle capitaine,,,
ROLE_CAPTAIN_FLAVOR,Field Captain,Capitana de campo,Capitã de campo,Capitaine de campagne,,,
ROLE_CAPTAIN_DESC,Active military role for princesses (infantry line). Grants Infantry Leader (+25% infantry-line damage while a living Captain is in battle). Unlocked with the Commander role.,Rol militar activo para princesas (línea de infantería). Otorga Líder de infantería (+25% de daño de infantería mientras haya una Capitana viva en batalla). Se desbloquea con el rol Comandante.,Função militar activa para princesas (linha de infantaria). Concede Líder de infantaria (+25% de dano de infantaria enquanto uma Capitã viva estiver em batalha). Desbloqueada com a função Comandante.,Rôle militaire actif pour les princesses (ligne d'infanterie). Accorde Chef d'infanterie (+25 % de dégâts d'infanterie tant qu'une Capitaine vivante est en bataille). Débloqué avec le rôle Commandante.,,,
ROLE_AIR_SUPPORT_UPGRADE,Air Support Role,Rol Apoyo aéreo,Função apoio aéreo,Rôle appui aérien,,,
ROLE_AIR_SUPPORT_FLAVOR,Close Air Cover,Cobertura aérea cercana,Cobertura aérea próxima,Couverture aérienne rapprochée,,,
ROLE_AIR_SUPPORT_DESC,"Active military role for princesses on the air-support battle line. Grants Close Ant Support (1000% damage, 90% accuracy). Unlocked at Ant Queendom rank.","Rol militar activo para princesas en la línea de apoyo aéreo. Otorga Apoyo ant cercano (1000% daño, 90% precisión). Se desbloquea al rango Reino.","Função militar activa para princesas na linha de apoio aéreo. Concede Apoio formiga próximo (1000% dano, 90% precisão). Desbloqueada no posto Reino.","Rôle militaire actif pour princesses sur la ligne d'appui aérien. Accorde Appui fourmi rapproché (1000 % dégâts, 90 % précision). Débloqué au rang Royaume.",,,
ROLE_AIR_BOMBER_UPGRADE,Air Bomber Role,Rol Bombardera aérea,Função bombardeira aérea,Rôle bombardière aérienne,,,
ROLE_AIR_BOMBER_FLAVOR,Suicide Dive,Picado suicida,Mergulho suicida,Piqué suicidaire,,,
ROLE_AIR_BOMBER_DESC,"Active military role for princesses on the air-support line. Grants Air Bombing (2000% damage, 90% accuracy, 7 targets; the ant dies). Unlocked by the Air Bomber synergy (Air Support + Bomber + Acid Spitting).","Rol militar activo para princesas en apoyo aéreo. Otorga Bombardeo aéreo (2000% daño, 90% precisión, 7 objetivos; la hormiga muere). Sinergia Apoyo aéreo + Bombardera + Escupitajo ácido.","Função militar activa para princesas no apoio aéreo. Concede Bombardeamento aéreo (2000% dano, 90% precisão, 7 alvos; a formiga morre). Sinergia Apoio aéreo + Bombardeira + Cuspe ácido.","Rôle militaire actif pour princesses en appui aérien. Accorde Bombardement aérien (2000 % dégâts, 90 % précision, 7 cibles ; la fourmi meurt). Synergie Appui aérien + Bombardière + Crachat d'acide.",,,
ROLE_BUILDER_UPGRADE,Builder Role,Rol Constructora,Função construtora,Rôle constructrice,,,
ROLE_BUILDER_FLAVOR,Base Building,Construcción de Base,Construção de base,Construction de base,,,
ROLE_BUILDER_DESC,Allows workers to build new rooms in the colony.,Permite a las obreras construir nuevas cámaras en la colonia.,Permite que operárias construam novas câmaras na colônia.,Permet de construire de nouvelles salles dans la colonie.,,,
ROLE_SCOUT_UPGRADE,Scout Role,Rol Exploradora,Função batedora,Rôle éclaireuse,,,
ROLE_SCOUT_FLAVOR,Adventure's Call,La Llamada de la Aventura,O chamado da aventura,L'appel de l'aventure,,,
ROLE_SCOUT_DESC,"Allows workers to find new resource sources. After Miner is unlocked, scouts can also discover mineral deposits in mineral-rich biomes.",Permite a las obreras buscar nuevas fuentes; tras Minera, también minerales en biomas ricos.,Permite buscar novas fontes; após Mineradora, também minerais em biomas ricos.,Permet de trouver de nouvelles sources ; après Mineuse, aussi des minéraux dans les biomes riches.
ROLE_MINER_UPGRADE,Miner Role,Rol Minera,Função mineradora,Rôle mineuse,,,
ROLE_MINER_FLAVOR,Yearn For The Mines,Anhelo por las Minas,Sede das minas,Appel des mines,,,
ROLE_MINER_DESC,Allows soldiers to mine minerals (10% chance per gather). Also lets scouts discover mineral sources. Required for mineral warehouses and tier 4–5 buildings.,Permite a las soldadas minar minerales (10% por recolección). Las exploradoras descubren minerales. Necesario para almacenes minerales y edificios nivel 4–5.,Permite às soldadas minerar (10% por coleta). Batedoras descobrem minerais. Necessário para armazéns minerais e edifícios nível 4–5.,Permet aux soldates de miner (10 % par collecte). Les éclaireuses découvrent des minéraux. Requis pour les entrepôts minéraux et les bâtiments niveaux 4–5.,,,
ROLE_POTTER_UPGRADE,Portable-Feeder Role,Rol Hormiga-Copa,Função alimentadora,Rôle porteuse nourriture,,,
ROLE_POTTER_FLAVOR,A Helping Hand,Una Mano Amiga,Mão amiga,Coup de main,,,
ROLE_POTTER_DESC,Allows honeypot workers to store and transport food and use Boost Regen in war. Unlocked by Honeypot assimilation; requires the Honeypot subtype.,Permite a obreras mieleras almacenar y transportar comida y usar Regeneración reforzada en guerra. Se desbloquea con la asimilación Mielera; requiere el subtipo Mielera.,Permite a operárias melíferas armazenar e transportar comida e usar Regeneração reforçada na guerra. Desbloqueada pela assimilação Melífera; requer o subtipo Melífera.,Permet aux ouvrières pot-de-miel de stocker et transporter de la nourriture et d'utiliser Régénération renforcée en guerre. Débloqué par l'assimilation Pot-de-miel ; nécessite le sous-type Pot-de-miel.,,,
ROLE_WARRIOR_UPGRADE,Warrior Role,Rol Guerrera,Função guerreira,Rôle guerrière,,,
ROLE_WARRIOR_FLAVOR,Phalanx Formation,Formación de Falange,Formação em falange,Formation phalange,,,
ROLE_WARRIOR_DESC,Allows soldiers to fight in organized groups.,Permite a los soldados luchar en grupos organizados.,Permite que soldadas lutem em grupos organizados.,Permet aux soldates de combattre en groupe.,,,
ROLE_DEFENDER_UPGRADE,Defender Role,Rol Defensora,Função defensora,Rôle défenseuse,,,
ROLE_DEFENDER_FLAVOR,Royal Shield,Escudo Real,Escudo real,Bouclier royal,,,
ROLE_DEFENDER_DESC,"Allows doorhead soldiers to guard the queen in hex defense with Shielding. Unlocked by Doorhead assimilation; requires the Doorhead subtype. Does not fight in border clashes. In hex defense, Defenders gain 3x attack and defense (defense capped at 100%); other defending ants gain 1.5x.","Permite a soldados doorhead proteger a la reina en defensa de hexágono con Escudo. Se desbloquea con la asimilación Doorhead; requiere el subtipo Doorhead. No lucha en choques fronterizos. En defensa de hexágono, las Defensoras ganan 3x ataque y defensa (defensa tope 100%); el resto de defensores ganan 1.5x.","Permite que soldadas doorhead protejam a rainha na defesa de hexágono com Escudo. Desbloqueada pela assimilação Doorhead; requer o subtipo Doorhead. Não luta em choques fronteiriços. Na defesa de hexágono, Defensoras ganham 3x ataque e defesa (defesa limitada a 100%); demais defensores ganham 1.5x.","Permet aux soldates doorhead de protéger la reine en défense d'hexagone avec Bouclier. Débloqué par l'assimilation Doorhead ; nécessite le sous-type Doorhead. Ne combat pas aux affrontements frontaliers. En défense d'hexagone, les Défenseuses gagnent 3x attaque et défense (défense plafonnée à 100 %) ; les autres défenseurs gagnent 1,5x.",,,
ROLE_POLICE_UPGRADE,Parasite-Ant Police Role,Rol Vigilante,Função vigilante,Rôle police anti-fourmis parasites,,,
ROLE_POLICE_FLAVOR,Police Brutality,Brutalidad Policial,Brutalidade policial,Brutalité policière,,,
ROLE_POLICE_DESC,Allows soldiers to detect parasite ants disguising as your ants; each one has a 10% chance to detect parasite ants per day.,Permite a los soldados detectar hormigas parásitas disfrazadas; cada uno tiene 10% de probabilidad diaria.,Permite detectar formigas parasitas disfarçadas; cada uma tem 10% de chance diária.,Permet de détecter les fourmis parasites déguisées ; 10% de chance par jour chacune.,,,
ROLE_BOMBER_UPGRADE,Bomber Role,Rol Bombardera,Função bombardeira,Rôle bombardière,,,
ROLE_BOMBER_FLAVOR,Explosive Finish,Final Explosivo,Final explosivo,Fin explosive,,,
ROLE_BOMBER_DESC,Allows soldiers to use Selfdestruct (or Acidic Selfdestruct with Corrosive Bombs). Unlocked by Exploding Ant assimilation.,Permite que las soldadas usen Autodestrucción (o Autodestrucción ácida con Bombas corrosivas). Se desbloquea con la asimilación de Hormiga Explosiva.,Permite que soldadas usem Autodestruição (ou Autodestruição ácida com Bombas corrosivas). Desbloqueada pela assimilação Formiga Explosiva.,Permet aux soldates d'utiliser Autodestruction (ou Autodestruction acide avec Bombes corrosives). Débloqué par l'assimilation fourmi explosive.,,,
ROLE_BRUTE_UPGRADE,Brute Role,Rol Bruto,Função bruta,Rôle brute,,,
ROLE_BRUTE_FLAVOR,Heavy Trooper,Tropa Pesada,Tropa pesada,Troupe lourde,,,
ROLE_BRUTE_DESC,Allows majors to become massive menaces in battle.,Permite que los mayores se conviertan en amenazas masivas en batalla.,Permite que majores se tornem ameaças massivas em batalha.,Permet aux majores de devenir des menaces massives au combat.,,,
ROLE_CARRIER_UPGRADE,Carrier Role,Rol Transportadora,Função transportadora,Rôle transport de troupes,,,
ROLE_CARRIER_FLAVOR,Troop Transport,Transporte de Tropas,Transporte de tropas,Transport de troupes,,,
ROLE_CARRIER_DESC,Allows majors to carry other ants into battle.,Permite que los mayores transporten otras hormigas al combate.,Permite que majores carreguem outras formigas ao combate.,Permet aux majores de porter d'autres fourmis au combat.,,,
ROLE_ARTILLERY_UPGRADE,Artillery Role,Rol Artillería,Função artilharia,Rôle artillerie,,,
ROLE_ARTILLERY_FLAVOR,Long Range Artillery,Artillería de Largo Alcance,Artilharia de longo alcance,Artillerie longue portée,,,
ROLE_ARTILLERY_DESC,Allows majors to spit acid at long range.,Permite que los mayores escupan ácido a gran distancia.,Permite que majores cuspam ácido à distância.,Permet aux majores de cracher de l'acide à distance.,,,
ROLE_SIEGE_UPGRADE,Siege-Machine Role,Rol Motor de Asedio,Função máquina de cerco,Rôle machine de siège,,,
ROLE_SIEGE_FLAVOR,Siege Technology,Tecnología de Asedio,Tecnologia de cerco,Technologie de siège,,,
ROLE_SIEGE_DESC,Allows majors to break down enemy colony defenses during hex assault only (not border clashes). Siege engines gain 3x attack and defense while attacking a hex (defense capped at 100%); other attackers gain no hex-defense boost.,Permite que los mayores destruyan defensas enemigas solo durante el asalto a hexágonos (no en choques fronterizos). Las máquinas de asedio ganan 3x ataque y defensa al atacar un hexágono (defensa tope 100%); el resto de atacantes no reciben bonus.,Permite que majores destruam defesas inimigas apenas durante o assalto a hexágonos (não em choques fronteiriços). Máquinas de cerco ganham 3x ataque e defesa ao atacar um hexágono (defesa limitada a 100%); demais atacantes não recebem bônus.,Permet aux majores de briser les défenses ennemies uniquement pendant l'assaut d'hexagone (pas aux affrontements frontaliers). Les machines de siège gagnent 3x attaque et défense en attaquant un hexagone (défense plafonnée à 100 %) ; les autres attaquants n'ont pas de bonus.,,,
ROLE_BREEDER_UPGRADE,Breeder Roles,Roles de Cría,Funções de reprodução,Rôles reproducteurs,,,
ROLE_BREEDER_FLAVOR,Nuptial Flights,Vuelos Nupciales,Voos nupciais,Essaims nuptiaux,,,
ROLE_BREEDER_DESC,Allows Princesses and Drones to go to nuptial flights and get more queens or spread to new places.,Permite a princesas y zánganos realizar vuelos nupciales para crear colonias u obtener reinas.,Permite que princesas e zangões façam voos nupciais para criar colônias ou obter rainhas.,Permet aux princesses et mâles d'essaimer pour de nouvelles colonies ou reines.,,,
ROLE_DIPLOMAT_UPGRADE,Diplomat Role,Rol Diplomática,Função diplomata,Rôle diplomate,,,
ROLE_DIPLOMAT_FLAVOR,Mightier Than The Sword,Más fuerte que la espada,Mais forte que a espada,Plus fort que l'épée,,,
ROLE_DIPLOMAT_DESC,Allows princesses to improve colony loyalty or dynasty reputation via diplomatic missions.,Permite a las princesas mejorar la lealtad de la colonia o la reputación dinástica mediante misiones diplomáticas.,Permite que princesas melhorem a lealdade da colônia ou a reputação dinástica via missões diplomáticas.,Permet aux princesses d'améliorer la loyauté d'une colonie ou la réputation dynastique via des missions diplomatiques.,,,
ROLE_SPY_DESC,Princess role unlocked by Ghost Stealth assimilation. Send Spies from Diplomacy (D) Actions — same menu as Diplomats; missions work even at war. Assigned spies not sent abroad are idle and raise Counter-Intelligence. Diplomatic Pressure II/III also raise spy power (1→3→5).,Rol de princesa desbloqueado por la asimilación Sigilo Fantasma. Envía Espías desde Acciones de Diplomacia (D) — el mismo menú que las Diplomáticas; las misiones funcionan incluso en guerra. Las espías asignadas que no se envían están inactivas y suben el Contraespionaje. Presión Diplomática II/III también sube el poder de espionaje (1→3→5).,Função de princesa desbloqueada pela assimilação Furtividade Fantasma. Envie Espiões em Ações de Diplomacia (D) — o mesmo menu dos Diplomatas; missões funcionam mesmo em guerra. Espiões atribuídos e não enviados ficam ociosos e aumentam a Contrainteligência. Pressão Diplomática II/III também aumentam o poder de espionagem (1→3→5).,Rôle de princesse débloqué par l'assimilation Furtivité Fantôme. Envoyez des Espions via Actions de Diplomatie (D) — même menu que les Diplomates ; les missions fonctionnent même en guerre. Les espions assignés non envoyés sont inactifs et augmentent le Contre-espionnage. Pression diplomatique II/III augmente aussi la puissance d'espionnage (1→3→5).,,,
ROLE_SPY_FLAVOR,Whispers In The Nest,Susurros en el nido,Sussurros no ninho,Murmures dans le nid,,,
ROLE_SPY_UPGRADE,Spy Role,Rol Espía,Função espião,Rôle espion,,,
ROLE_MILITIA_UPGRADE,Militia Role,Rol Milicia,Função milícia,Rôle milice,,,
ROLE_MILITIA_FLAVOR,Worker Militia Auxiliary,Milicia Auxiliar de Obreras,Milícia auxiliar de operárias,Milice auxiliaire d'ouvrières,,,
ROLE_MILITIA_DESC,Allows workers to perform basic defensive duties.,Permite a las obreras realizar tareas defensivas básicas.,Permite tarefas defensivas básicas às operárias.,Permet aux ouvrières des tâches défensives simples.,,,
ROLE_CATCHER_UPGRADE,Catcher Role,Rol Capturadora,Função capturadora,Rôle capturatrice,,,
ROLE_CATCHER_FLAVOR,Bug Catching,Captura de Bichos,Captura de insetos,Chasse aux insectes,,,
ROLE_CATCHER_DESC,Allows soldiers to catch native insects on the overworld. Each catcher maintains up to 10 mites and dermestids total (shared pool). Aphids use rancher capacity separately and need the Rancher role; symbiotic mites unlock when parasitic mites appear; dermestids need Grave Beetle Catching research. Pairs breed slowly when you have at least two.,Permite a las soldados capturar insectos nativos en el exterior. Cada capturadora mantiene hasta 10 ácaros y derméstidos en total (grupo compartido). Los áfidos usan capacidad de pastoras por separado y requieren el rol Pastora; los ácaros simbióticos se desbloquean al aparecer ácaros parásitos; los derméstidos requieren la investigación Captura de escarabajos de fosa. Las parejas se reproducen lentamente con al menos dos ejemplares.,Permite que soldadas capturem insetos nativos no exterior. Cada capturadora mantém até 10 ácaros e dermestídeos no total (grupo partilhado). Pulgões usam capacidade de pastoras em separado e exigem o papel Pastora; ácaros simbióticos desbloqueiam quando aparecem ácaros parasitas; dermestídeos exigem a pesquisa Captura de besouros de cova. Pares reproduzem-se lentamente com pelo menos dois exemplares.,Permet aux soldates de capturer des insectes natifs à la surface. Chaque capturante maintient jusqu'à 10 acariens et dermestes au total (pool partagé). Les pucerons utilisent la capacité des éleveuses séparément et exigent le rôle Éleveuse ; les acariens symbiotiques se débloquent à l'apparition des acariens parasitaires ; les dermestes exigent la recherche Capture de coléoptères de fosse. Les couples se reproduisent lentement à partir de deux spécimens.,,,
ROLE_CRANE_UPGRADE,Construction Crane Role,Rol Grúa de Construcción,Função guindaste de construção,Rôle grue de chantier,,,
ROLE_CRANE_FLAVOR,Heavy Duty,Trabajo Pesado,Trabalho pesado,Travail lourd,,,
ROLE_CRANE_DESC,"Allows majors to help in the construction of buildings, each one is 25 times as strong.",Permite a los mayores ayudar en la construcción; cada uno equivale a 25 obreras.,Permite que majores ajudem na construção; cada uma equivale a 25 operárias.,Permet aux majores d'aider à la construction ; chacune vaut 25 ouvrières.,,,
ROLE_ASSISTANT_UPGRADE,Lab Assistant Role,Rol Asistente de Laboratorio,Função assistente de laboratório,Rôle assistante de labo,,,
ROLE_ASSISTANT_FLAVOR,Lab Internship,Pasantía en Laboratorio,Estágio em laboratório,Stage en laboratoire,,,
ROLE_ASSISTANT_DESC,Allows princesses to help research with 1/50 the efficiency of queens.,Permite a las princesas ayudar en investigación con 1/50 de la eficiencia de las reinas.,Permite que princesas ajudem na pesquisa com 1/50 da eficiência das rainhas.,Permet aux princesses d'aider la recherche à 1/50e de l'efficacité des reines.,,,
ROLE_COURIER_UPGRADE,Courier Role,Rol Mensajera,Função mensageira,Rôle messagère,,,
ROLE_COURIER_FLAVOR,Logistic Network,Red Logística,Rede logística,Réseau logistique,,,
ROLE_COURIER_DESC,Allows workers to transport resources between colonies.,Permite a las obreras transportar recursos entre colonias.,Permite transportar recursos entre colônias.,Permet de transporter des ressources entre colonies.,,,
ROLE_BORER_UPGRADE,Tunnel-Borer Role,Rol Perforadora,Função perfuradora,Rôle foreuse,,,
ROLE_BORER_FLAVOR,Ant Excavator,Excavadora Hormiga,Escavadeira formiga,Excavatrice fourmi,,,
ROLE_BORER_DESC,Allows workers to dig tunnels for safer trade routes.,Permite a las obreras cavar túneles para rutas comerciales más seguras.,Permite cavar túneis para rotas comerciais mais seguras.,Permet de creuser des tunnels pour des routes plus sûres.,,,
ROLE_TRANSPORT_UPGRADE,Resource Transport Role,Rol Transporte de Recursos,Função transporte de recursos,Rôle transport de ressources,,,
ROLE_TRANSPORT_FLAVOR,Heavy Lifting,Carga Pesada,Carga pesada,Charges lourdes,,,
ROLE_TRANSPORT_DESC,Allows majors to transport more resources for trade routes.,Permite a los mayores transportar más recursos en rutas comerciales.,Permite que majores transportem mais recursos em rotas comerciais.,Permet aux majores de transporter plus sur les routes commerciales.,,,
ROLE_ESCORT_UPGRADE,Convoy Escort Role,Rol escolta de convoy,Função escolta de comboio,Rôle escorte de convoi,,,
ROLE_ESCORT_FLAVOR,Protective Detail,Destacamento de Protección,Destacamento de proteção,Détail de protection,,,
ROLE_ESCORT_DESC,Allows soldiers to escort convoys of resources to reduce danger level.,Permite a los soldados escoltar convoys de recursos para reducir el peligro.,Permite que soldadas escoltem comboios para reduzir o perigo.,Permet aux soldates d'escorter les convois pour réduire le danger.,,,
ROLE_ENGINEER_UPGRADE,Tunnel Engineer Role,Rol Ingeniera de Túneles,Função engenheira de túneis,Rôle ingénieuse de tunnels,,,
ROLE_ENGINEER_FLAVOR,Tunnel Engineering,Ingeniería de Túneles,Engenharia de túneis,Génie des tunnels,,,
ROLE_ENGINEER_DESC,Allows workers to dig tunnels for safer trade routes but at 1/100th of the efficiency.,"Permite a las obreras cavar túneles, pero con 1/100 de eficiencia.",Permite cavar túneis com 1/100 da eficiência.,"Permet de creuser des tunnels pour des routes plus sûres, à 1/100e d'efficacité.",,,
ROLE_SKYTRANS_UPGRADE,Sky Transport Role,Rol Transporte Aéreo,Função transporte aéreo,Rôle transport aérien,,,
ROLE_SKYTRANS_FLAVOR,Aerial Logistics,Logística Aérea,Logística aérea,Logistique aérienne,,,
ROLE_SKYTRANS_DESC,"Allows princesses to transport resources for trade routes, reducing travel time but at less capacity.","Permite a las princesas transportar recursos, reduciendo el tiempo de viaje pero con menos capacidad.","Permite que princesas transportem recursos, reduzindo o tempo de viagem com menos capacidade.","Permet aux princesses de transporter des ressources, moins de temps mais moins de capacité.",,,
ABILITY_RESEARCH,Research,Investigación,Pesquisa,Recherche,,,
ABILITY_RESEARCH_FLAVOR,Micro Microscopes,Micro Microscopios,Microscópios,Micro microscopes,,,
ABILITY_RESEARCH_DESC,"Allows you to research more ant technology by using research points, go to the research menu (Y).",Permite investigar más tecnología mediante puntos de investigación en el menú (Y).,Permite pesquisar mais tecnologia com pontos de pesquisa no menu (Y).,Permet de rechercher plus de technologie via les points de recherche (menu Y).,,,
ABILITY_BUILD,Build,Construcción,Construção,Construction,,,
ABILITY_BUILD_FLAVOR,Brick And Mortar,Ladrillo y Mortero,Tijolo e argamassa,Brique et mortier,,,
ABILITY_BUILD_DESC,"Allows you to build parts of your colony, you can build in the build menu (U).",Permite construir partes de tu colonia en el menú de construcción (U).,Permite construir partes da colônia no menu de construção (U).,Permet de construire des parties de la colonie (menu U).,,,
ABILITY_SPREAD,Spread,Expansión,Expansão,Expansion,,,
ABILITY_SPREAD_FLAVOR,Colony Colonization,Colonización de Colonias,Colonização de colônias,Colonisation de colonies,,,
ABILITY_SPREAD_DESC,"Allows you to build satellite colonies, one at a time, visible on the World Map (M).","Permite fundar colonias satélite, una a la vez, visibles en el mapa mundial (M).","Permite fundar colônias satélite, uma por vez, visíveis no mapa mundial (M).","Permet de fonder des colonies satellites, une à la fois, visibles sur la carte (M).",,,
ABILITY_RESIN,Resin Harvesting,Cosecha de Resina,Colheita de resina,Récolte de résine,,,
ABILITY_RESIN_FLAVOR,Resin Resonation,Resonancia de Resina,Ressonância de resina,Résonance de la résine,,,
ABILITY_RESIN_DESC,"Allows your to foragers to harvest resin while foraging plants as a bonus, there is 1% chance each foraging run.",Permite a las recolectoras obtener resina como bonificación (1% de probabilidad).,Coletoras podem obter resina como bônus (1% de chance).,Les ramasseuses peuvent obtenir de la résine en bonus (1% de chance).,,,
ABILITY_SYNERGY,Synergy,Sinergia,Sinergia,Synergie,,,
ABILITY_SYNERGY_FLAVOR,Collaborative Effort,Esfuerzo Colaborativo,Esforço colaborativo,Effort collaboratif,,,
ABILITY_SYNERGY_DESC,Allows the use of synergies by combining two upgrades to make a third more powerful upgrade.,Permite combinar dos mejoras para crear una tercera más poderosa.,Permite combinar duas melhorias para criar uma terceira mais poderosa.,Combine deux améliorations pour une troisième plus puissante.,,,
ABILITY_ASSIMILATION,Assimilation,Asimilación,Assimilação,Assimilation,,,
ABILITY_ASSIMILATION_FLAVOR,Genetic Assimilation,Asimilación Genética,Assimilação genética,Assimilation génétique,,,
ABILITY_ASSIMILATION_DESC,Allows the use of assimilations to change the genetic code of your species and gain new abilities from other species.,Permite usar asimilaciones para cambiar el código genético y ganar habilidades de otras especies.,Permite usar assimilações para mudar o código genético e ganhar habilidades de outras espécies.,Utilise les assimilations pour modifier le code génétique et gagner des capacités d'autres espèces.,,,
ABILITY_FORCED_FLIGHT_FLAVOR,Royal Decree,Decreto Real,Decreto real,Décret royal,,,
ABILITY_DYNASTY,Dynasty,Dinastía,Dinastia,Dynastie,,,
ABILITY_DYNASTY_FLAVOR,Ant Society,Sociedad Hormiga,Sociedade formiga,Société fourmi,,,
ABILITY_DYNASTY_DESC,Allows the dynasty management screen to see all the colonies in your dynasty.,Permite ver todas las colonias de tu dinastía en la pantalla de gestión.,Permite ver todas as colônias da dinastia na tela de gestão.,Voir toutes les colonies de votre dynastie dans l'écran de gestion.,,,
ABILITY_TRADE,Trade,Comercio,Comércio,Commerce,,,
ABILITY_TRADE_FLAVOR,Ant Trade,Comercio Hormiga,Comércio formiga,Commerce fourmi,,,
ABILITY_TRADE_DESC,"Allows your colonies to trade resources with each other, manageable in the dynasty management screen.",Permite a tus colonias intercambiar recursos mediante rutas comerciales.,Permite que colônias troquem recursos por rotas comerciais.,Permet aux colonies d'échanger des ressources par routes commerciales.,,,
ABILITY_SPREAD_2,Spread II,Expansión II,Expansão II,Expansion II,,,
ABILITY_SPREAD_2_FLAVOR,Mass Colonization,Colonización Masiva,Colonização em massa,Colonisation de masse,,,
ABILITY_SPREAD_2_DESC,"Allows you to build more satellite colonies at the time, taking away the limit.","Permite fundar múltiples colonias satélite simultáneamente, eliminando el límite.","Permite fundar várias colônias satélite ao mesmo tempo, removendo o limite.","Permet plusieurs colonies satellites à la fois, sans limite.",,,
ABILITY_AUTOMATION,Automation,Automatización,Automação,Automatisation,,,
ABILITY_AUTOMATION_FLAVOR,Ant Automation,Automatización Hormiga,Automação formiga,Automatisation fourmi,,,
ABILITY_AUTOMATION_DESC,Allows your colonies to be automated in the dynasty management screen.,Permite automatizar tus colonias desde la pantalla de dinastía.,Permite automatizar colônias pela tela da dinastia.,Automatisez vos colonies depuis l'écran de dynastie.,,,
ABILITY_AUTO_TUNNELS,Auto-Tunnels,Auto-Túneles,Auto-Túneis,Auto-tunnels,,,
ABILITY_AUTO_TUNNELS_FLAVOR,Auto-Tunnels,Auto-Túneles,Auto-Túneis,Auto-tunnels,,,
ABILITY_AUTO_TUNNELS_DESC,Automated colonies assign borers and engineers to dig every possible tunnel link.,Las colonias automatizadas asignan perforadoras e ingenieras para excavar todos los túneles posibles.,Colônias automatizadas atribuem broqueadoras e engenheiras para cavar todos os túneis possíveis.,Les colonies automatisées assignent des foreuses et ingénieures pour creuser chaque liaison de tunnel possible.,,,
ABILITY_AUTO_DIPLOMACY,Auto-Diplomacy,Auto-Diplomacia,Auto-Diplomacia,Auto-Diplomatie,,,
ABILITY_AUTO_DIPLOMACY_FLAVOR,Auto-Diplomacy,Auto-Diplomacia,Auto-Diplomacia,Auto-Diplomatie,,,
ABILITY_AUTO_DIPLOMACY_DESC,The capital and militant colonies automatically send diplomats to raise satellite loyalty.,La capital y las colonias militantes envían diplomáticas automáticamente para subir la lealtad de los satélites.,A capital e colônias militantes enviam diplomatas automaticamente para elevar a lealdade dos satélites.,La capitale et les colonies militantes envoient automatiquement des diplomates pour relever la loyauté des satellites.,,,
ABILITY_AUTO_LOGISTICS,Auto-Logistics,Auto-Logística,Auto-Logística,Auto-logistique,,,
ABILITY_AUTO_LOGISTICS_FLAVOR,Auto-Logistics,Auto-Logística,Auto-Logística,Auto-logistique,,,
ABILITY_AUTO_LOGISTICS_DESC,Automated colonies open recurrent trade routes and refresh cargo when surpluses shift (including resin and minerals).,Las colonias automatizadas abren rutas comerciales recurrentes y actualizan la carga cuando cambian los excedentes (incluidos resina y minerales).,Colônias automatizadas abrem rotas comerciais recorrentes e atualizam a carga quando os excedentes mudam (incluindo resina e minerais).,Les colonies automatisées ouvrent des routes commerciales récurrentes et actualisent la cargaison quand les surplus changent (résine et minéraux inclus).,,,
ABILITY_SUBTYPE_HATCH,Subtype Hatch Rates,Tasas de Subtipos,Taxas de subtipos,Taux de sous-types,,,
ABILITY_SUBTYPE_HATCH_FLAVOR,Morphology Hatch Rates,Tasas de subtipos morfológicos,Taxas de subtipos morfológicos,Taux d'éclosion morphologiques,,,
ABILITY_SUBTYPE_HATCH_DESC,Adjust per-type head and abdomen subtype odds in the Hatch Rates dialog (P).,Ajusta las probabilidades de subtipos de cabeza y abdomen por tipo de hormiga en Tasas de eclosión (P).,Ajusta as probabilidades de subtipos de cabeça e abdômen por tipo de formiga em Taxas de eclosão (P).,Ajustez les probabilités de sous-types de tête et d'abdomen par type de fourmi dans Taux d'éclosion (P).,,,
ABILITY_TUNNELS,Tunnels,Túneles,Túneis,Tunnels,,,
ABILITY_TUNNELS_FLAVOR,Subterranean Highways,Autopistas Subterráneas,Rodovias subterrâneas,Autoroutes souterraines,,,
ABILITY_TUNNELS_DESC,Allows your colonies to build tunnel networks between each other for faster and safer resource transport.,Permite construir redes de túneles entre colonias para un transporte más rápido y seguro.,Permite redes de túneis entre colônias para transporte mais rápido e seguro.,Permet des réseaux de tunnels entre colonies pour un transport plus rapide et sûr.,,,
ABILITY_BILATERAL_TRADE,Bilateral Trade,Comercio Bilateral,Comércio bilateral,Commerce bilatéral,,,
ABILITY_BILATERAL_TRADE_FLAVOR,Two-Way Logistics,Logística de Doble Sentido,Logística de mão dupla,Logistique deux sens,,,
ABILITY_BILATERAL_TRADE_DESC,Allows your trade convoys to bring resources back on their return trip.,Permite que tus convoys traigan recursos de vuelta en su viaje de retorno.,Permite que comboios tragam recursos na volta.,Les convois ramènent des ressources au retour.,,,
ABILITY_MANAGEMENT,Colony Management,Gestión de Colonias,Gestão de colônias,Gestion des colonies,,,
ABILITY_MANAGEMENT_FLAVOR,Decentralized Command,Mando Descentralizado,Comando descentralizado,Commandement décentralisé,,,
ABILITY_MANAGEMENT_DESC,Allows you to let colonies to build by themselves without your direct input.,Permite que las colonias se construyan solas sin tu intervención directa.,Permite que colônias se construam sozinhas sem sua intervenção direta.,Les colonies se construisent sans votre intervention directe.,,,
ABILITY_MASS_FLIGHT_FLAVOR,Imperial Decree,Decreto Imperial,Decreto imperial,Décret impérial,,,
ABILITY_CLONING,Cloning,Clonación,Clonagem,Clonage,,,
ABILITY_CLONING_FLAVOR,Genetic Echo,Eco genético,Eco genético,Écho génétique,,,
ABILITY_CLONING_DESC,Enables genetic integrity gains from completed assimilations (+5% integrity floor each) and shows assimilated species drones in your colony. Satellite colonies still reduce genetic integrity.,Activa la ganancia de integridad genética por asimilaciones completadas (+5% de suelo cada una) y muestra zánganos de especies asimiladas en tu colonia. Las colonias satélite siguen reduciendo la integridad genética.,Ativa ganhos de integridade genética por assimilações concluídas (+5% de piso cada) e mostra zangões de espécies assimiladas na tua colónia. Colónias satélite continuam a reduzir a integridade genética.,Active les gains d'intégrité génétique des assimilations terminées (+5 % de plancher chacune) et affiche les mâles des espèces assimilées dans votre colonie. Les colonies satellites réduisent toujours l'intégrité génétique.,,,
ABILITY_PARASITIC_MITE_ALERT,Parasitic Mite Alert,Alerta de Ácaros Parásitos,Alerta de ácaros parasitas,Alerte acariens parasitaires,,,
ABILITY_PARASITIC_MITE_ALERT_FLAVOR,Parasitic Mites,Ácaros parásitos,Ácaros parasitas,Alerte acariens parasitaires,,,
ABILITY_PARASITIC_MITE_ALERT_DESC,Warns when parasitic mites infest the colony. Every 10 mites slow one ant to half speed.,Avisa cuando los ácaros parásitos infestan la colonia. Cada 10 ácaros ralentizan una hormiga a la mitad de velocidad.,"Avisa quando ácaros parasitas infestam a colônia. A cada 10 ácaros, uma formiga fica com metade da velocidade.",Avertit lorsque des acariens parasitaires infestent la colonie. Tous les 10 acariens ralentissent une fourmi de moitié.,,,
ABILITY_CATCH_SYMBIOTIC_MITE,Symbiotic Mite Catching,Captura de Ácaros Simbióticos,Captura de ácaros simbióticos,Capture d'acariens symbiotiques,,,
ABILITY_CATCH_SYMBIOTIC_MITE_FLAVOR,Symbiotic Mite Catching,Captura de ácaros simbióticos,Captura de ácaros simbióticos,Capture d'acariens symbiotiques,,,
ABILITY_CATCH_SYMBIOTIC_MITE_DESC,Allows catchers to collect symbiotic mites from the overworld. Unlocks when parasitic mites first appear. Each symbiotic mite eliminates up to 5 parasitic mites per day.,Permite a las capturadoras recoger ácaros simbióticos del exterior. Se desbloquea al aparecer los primeros ácaros parásitos. Cada ácaro simbiótico elimina hasta 5 ácaros parásitos al día.,Permite que capturadoras recolham ácaros simbióticos no exterior. Desbloqueia quando aparecem os primeiros ácaros parasitas. Cada ácaro simbiótico elimina até 5 ácaros parasitas por dia.,Permet aux capturantes de collecter des acariens symbiotiques à la surface. Se débloque à la première apparition d'acariens parasitaires. Chaque acarien symbiotique élimine jusqu'à 5 acariens parasitaires par jour.,,,
ABILITY_CATCH_DERMESTID,Dermestid Catching,Captura de Derméstidos,Captura de dermestídeos,Capture de dermestes,,,
ABILITY_CATCH_DERMESTID_FLAVOR,Grave Beetle Catching,Captura de escarabajos de fosa,Captura de besouros de cova,Capture de coléoptères de fosse,,,
ABILITY_CATCH_DERMESTID_DESC,Allows catchers to collect dermestid beetles from the overworld. Gravers tend up to 10 each in the graveyard.,Permite a las capturadoras recoger derméstidos del exterior. Las coveiras cuidan hasta 10 cada una en la fosa.,Permite que capturadoras recolham dermestídeos no exterior. Coveiras cuidam de até 10 cada uma na cova.,Permet aux capturantes de collecter des dermestes à la surface. Les fossoyeuses en gardent jusqu'à 10 chacune dans la fosse.,,,
ABILITY_DIPLOMAT_PRESSURE_2,Diplomatic Pressure II,Presión diplomática II,Pressão diplomática II,Pression diplomatique II,,,
ABILITY_DIPLOMAT_PRESSURE_2_FLAVOR,Silver Tongues,Lengua de plata,Língua de prata,Langue d'argent,,,
ABILITY_DIPLOMAT_PRESSURE_2_DESC,Each diplomat on a mission improves stability by 3 instead of 1. The same power applies to each Spy on an intelligence mission.,Cada diplomática en misión mejora la estabilidad en 3 en lugar de 1. El mismo poder aplica a cada Espía en misión de inteligencia.,Cada diplomata em missão melhora a estabilidade em 3 em vez de 1. O mesmo poder vale para cada Espião em missão de inteligência.,Chaque diplomate en mission améliore la stabilité de 3 au lieu de 1. La même puissance s'applique à chaque Espion en mission de renseignement.,,,
ABILITY_DIPLOMAT_PRESSURE_3,Diplomatic Pressure III,Presión diplomática III,Pressão diplomática III,Pression diplomatique III,,,
ABILITY_DIPLOMAT_PRESSURE_3_FLAVOR,Iron Mandibles,Mandíbulas de hierro,Mandíbulas de ferro,Mandibules de fer,,,
ABILITY_DIPLOMAT_PRESSURE_3_DESC,Each diplomat on a mission improves stability by 5 instead of 3. The same power applies to each Spy on an intelligence mission.,Cada diplomática en misión mejora la estabilidad en 5 en lugar de 3. El mismo poder aplica a cada Espía en misión de inteligencia.,Cada diplomata em missão melhora a estabilidade em 5 em vez de 3. O mesmo poder vale para cada Espião em missão de inteligência.,Chaque diplomate en mission améliore la stabilité de 5 au lieu de 3. La même puissance s'applique à chaque Espion en mission de renseignement.,,,
ABILITY_ABILITY,Abilities,Habilidades,Habilidades,Capacités,,,
ABILITY_ABILITY_FLAVOR,Abilities Unlocked,Habilidades Desbloqueadas,Habilidades desbloqueadas,Capacités débloquées,,,
ABILITY_ABILITY_DESC,Allows you to see the abilities menu and use active abilities.,Permite ver el menú de habilidades y usar habilidades activas.,Permite ver o menu de habilidades e usar habilidades ativas.,Affiche le menu des capacités et les capacités actives.,,,
STAT_SKELETON,Skeleton,Esqueleto,Esqueleto,Squelette,,,
STAT_SKELETON_FLAVOR,Basic Exoskeletons,Exoesqueletos Básicos,Exoesqueletos básicos,Exosquelettes de base,,,
STAT_SKELETON_DESC,Basic vitality for colony ants before type multipliers: 100 health points and 10% of max HP regenerated each war redeploy. Defense is type-based (majors and queens start at 20%).,Vitalidad básica antes de multiplicadores de tipo: 100 de salud y 10% del HP máximo regenerado en cada redespliegue de guerra. La defensa depende del tipo (mayores y reinas empiezan en 20%).,Vitalidade básica antes dos multiplicadores de tipo: 100 de vida e 10% do HP máximo regenerado em cada redesdobramento de guerra. Defesa depende do tipo (majores e rainhas começam em 20%).,Vitalité de base avant multiplicateurs de type : 100 PV et 10 % des PV max régénérés à chaque redéploiement de guerre. La défense dépend du type (majores et reines à 20 %).,,,
STAT_ACID,Acid,Ácido,Ácido,Acide,,,
STAT_ACID_FLAVOR,Acidic Spit,Salivazo Ácido,Cuspe ácido,Crachat acide,,,
STAT_ACID_DESC,"The basic offensive stats for all the ants in your colony before multipliers. 10 attack points, 1 attack per second and 1 speed point.","Ataque básico para todas las hormigas: 10 de daño, 1 ataque por segundo y 1 de velocidad.","Ataque básico: 10 de dano, 1 ataque/s e 1 de velocidade.","Attaque de base : 10 dégâts, 1 attaque/s, 1 vitesse.",,,
STAT_LONGEVITY,Longevity,Longevidad,Longevidade,Longévité,,,
STAT_LONGEVITY_FLAVOR,Standard Lifespan,Longevidad Estándar,Longevidade padrão,Longévité standard,,,
STAT_LONGEVITY_DESC,"The basic life stats for all the ants in your colony before multipliers. 180 day lifespan, 25% temperature resistance, 20% thirst resistance, 1 unit of size and consumes 1 food per day.","Estadísticas de vida básicas: 180 días de vida, 25% de resist. térmica, 20% de resist. a la sed y consumo de 1 alimento/día.","Vida básica: 180 dias, 25% resist. térmica, 20% à sede, 1 alimento/dia.","Vie de base : 180 jours, 25% résist. thermique, 20% soif, 1 nourriture/jour.",,,
STAT_RESEARCH_1,Research I,Investigación I,Pesquisa I,Recherche I,,,
STAT_RESEARCH_1_FLAVOR,Micro Scopes,Micro Scopes,Microscópios,Microscopes,,,
STAT_RESEARCH_1_DESC,Increases research speed by 1 point per hour.,Aumenta la velocidad de investigación en 1 punto por hora.,Aumenta a pesquisa em 1 ponto por hora.,+1 point de recherche par heure.,,,
STAT_RESEARCH_2,Research II,Investigación II,Pesquisa II,Recherche II,,,
STAT_RESEARCH_2_FLAVOR,Miniature Laboratories,Laboratorios en Miniatura,Laboratórios em miniatura,Laboratoires miniatures,,,
STAT_RESEARCH_2_DESC,Increases research speed by 2 more points per hour.,Aumenta la velocidad de investigación en 2 puntos más por hora.,Aumenta a pesquisa em mais 2 pontos por hora.,+2 points de recherche par heure en plus.,,,
STAT_RESEARCH_3,Research III,Investigación III,Pesquisa III,Recherche III,,,
STAT_RESEARCH_3_FLAVOR,Nano Technology,Nanotecnología,Nanotecnologia,Nanotechnologie,,,
STAT_RESEARCH_3_DESC,Increases research speed by 4 more points per hour.,Aumenta la velocidad de investigación en 4 puntos más por hora.,Aumenta a pesquisa em mais 4 pontos por hora.,+4 points de recherche par heure en plus.,,,
STAT_GROWTH_1,Growth I,Crecimiento I,Crescimento I,Croissance I,,,
STAT_GROWTH_1_FLAVOR,Egg Incubating,Incubación de Huevos,Incubação de ovos,Incubation des œufs,,,
STAT_GROWTH_1_DESC,Decreases juvenile growth time by 1 day.,Reduce el tiempo de crecimiento juvenil en 1 día.,Reduz o crescimento juvenil em 1 dia.,Réduit la croissance juvénile de 1 jour.,,,
STAT_GROWTH_2,Growth II,Crecimiento II,Crescimento II,Croissance II,,,
STAT_GROWTH_2_FLAVOR,Larval Education,Educación Larval,Educação larval,Éducation larvaire,,,
STAT_GROWTH_2_DESC,Decreases juvenile growth time by 1 more day.,Reduce el tiempo de crecimiento juvenil en 1 día más.,Reduz mais 1 dia no crescimento juvenil.,Réduit encore de 1 jour.,,,
STAT_GROWTH_3,Growth III,Crecimiento III,Crescimento III,Croissance III,,,
STAT_GROWTH_3_FLAVOR,Pupal Bedding,Lecho Pupal,Leito pupal,Literie nymphale,,,
STAT_GROWTH_3_DESC,Decreases juvenile growth time by 1 more day.,Reduce el tiempo de crecimiento juvenil en 1 día más.,Reduz mais 1 dia no crescimento juvenil.,Réduit encore de 1 jour.,,,
STAT_THIRST_1,Thirst I,Sed I,Sede I,Soif I,,,
STAT_THIRST_1_FLAVOR,Water Retention,Retención de Agua,Retenção de água,Rétention d'eau,,,
STAT_THIRST_1_DESC,Increases the colony's thirst resistance to 40%.,Aumenta la resistencia a la sed de la colonia al 40%.,Aumenta resistência à sede da colônia para 40%.,Résistance à la soif de la colonie à 40%.,,,
STAT_THIRST_2,Thirst II,Sed II,Sede II,Soif II,,,
STAT_THIRST_2_FLAVOR,Camel Ants,Hormigas Camello,Formigas camelo,Fourmis chameau,,,
STAT_THIRST_2_DESC,Increases the colony's thirst resistance to 60%.,Aumenta la resistencia a la sed de la colonia al 60%.,Aumenta resistência à sede da colônia para 60%.,Résistance à la soif à 60%.,,,
STAT_LOGISTICS_1,Logistics I,Logística I,Logística I,Logistique I,,,
STAT_LOGISTICS_1_FLAVOR,Ant Spreadsheets,Hojas de Cálculo de Hormigas,Planilhas de formigas,Tableurs fourmis,,,
STAT_LOGISTICS_1_DESC,Allows your colony to manage 5 sources of each resource.,Permite a tu colonia gestionar 5 fuentes de cada recurso.,Permite gerir 5 fontes de cada recurso.,La colonie gère 5 sources de chaque ressource.,,,
STAT_PASSIVE_1,Passive I,Pasivo I,Passivo I,Passif I,,,
STAT_PASSIVE_1_FLAVOR,Active Passiveness,Pasividad Activa,Passividade ativa,Passivité active,,,
STAT_PASSIVE_1_DESC,Increases the efficiency of passive worker buildings by another 1.,Aumenta la eficiencia de los edificios de obreras pasivas en 1 adicional.,Aumenta a eficiência de edifícios de operárias passivas em +1.,+1 d'efficacité aux bâtiments d'ouvrières passives.,,,
STAT_LAYING_1,Laying I,Puesta I,Postura I,Ponte I,,,
STAT_LAYING_1_FLAVOR,Double Yolks,Yemas Dobles,Gêmeos,Double jaune,,,
STAT_LAYING_1_DESC,Increases egg laying rate by 1 egg per hour.,Aumenta la tasa de puesta en 1 huevo por hora.,Aumenta a postura em 1 ovo por hora.,+1 œuf par heure.,,,
STAT_LAYING_2,Laying II,Puesta II,Postura II,Ponte II,,,
STAT_LAYING_2_FLAVOR,Quadruplet Eggs,Huevos Cuádruples,Quádruplos,Œufs quadruples,,,
STAT_LAYING_2_DESC,Increases egg laying rate by 2 more eggs per hour.,Aumenta la tasa de puesta en 2 huevos más por hora.,Aumenta a postura em mais 2 ovos por hora.,+2 œufs par heure en plus.,,,
STAT_LAYING_3,Laying III,Puesta III,Postura III,Ponte III,,,
STAT_LAYING_3_FLAVOR,Half a dozen,Media Docena,Meia dúzia,Une demi-douzaine,,,
STAT_LAYING_3_DESC,Increases egg laying rate by another 2 more eggs per hour.,Aumenta la tasa de puesta en otros 2 huevos más por hora.,Aumenta a postura em mais 2 ovos por hora.,+2 œufs par heure encore.,,,
STAT_SCOUTING_1,Scouting I,Exploración I,Exploração I,Éclairement I,,,
STAT_SCOUTING_1_FLAVOR,Ant Maps,Mapas de Hormigas,Mapas de formigas,Cartes fourmis,,,
STAT_SCOUTING_1_DESC,Increases scouting rate by 0.1 chance per day.,Aumenta la tasa de exploración en 0.1 de probabilidad diaria.,"Aumenta exploração em 0,1 de chance diária.","+0,1 de probabilité d'éclairement par jour.",,,
STAT_SCOUTING_2,Scouting II,Exploración II,Exploração II,Éclairement II,,,
STAT_SCOUTING_2_FLAVOR,Scouting Kits,Kits de Exploración,Kits de exploração,Kits d'éclairement,,,
STAT_SCOUTING_2_DESC,Increases scouting rate and lets scouts discover wild mushroom patches in forest biomes.,Aumenta la tasa de exploración y permite a las exploradoras descubrir setas silvestres en biomas forestales.,Aumenta a taxa de exploração e permite que exploradoras descubram cogumelos silvestres em biomas florestais.,Augmente le taux d'exploration et permet aux éclaireuses de découvrir des champignons sauvages dans les biomes forestiers.,,,
STAT_SCOUTING_3,Scouting III,Exploración III,Exploração III,Éclairement III,,,
STAT_SCOUTING_3_FLAVOR,Exploration Drones,Drones de Exploración,Drones de exploração,Drones d'exploration,,,
STAT_SCOUTING_3_DESC,Further increases scouting rate and lets scouts discover resin sources in forest biomes.,Aumenta aún más la exploración y permite descubrir fuentes de resina en biomas forestales.,Aumenta ainda mais a exploração e permite descobrir fontes de resina em biomas florestais.,Augmente encore l'exploration et permet de découvrir des sources de résine dans les biomes forestiers.,,,
STAT_FARMING_1,Farming I,Agricultura I,Cultivo I,Culture I,,,
STAT_FARMING_1_FLAVOR,Fertilizers,Fertilizantes,Fertilizantes,Engrais,,,
STAT_FARMING_1_DESC,Increases farming conversion rate by 0.1 per minute.,Aumenta la tasa de conversión agrícola en 0.1 por minuto.,"Aumenta conversão agrícola em 0,1 por minuto.","+0,1 de conversion agricole par minute.",,,
STAT_FARMING_2,Farming II,Agricultura II,Cultivo II,Culture II,,,
STAT_FARMING_2_FLAVOR,Pesticides,Pesticidas,Pesticidas,Pesticides,,,
STAT_FARMING_2_DESC,Increases farming conversion rate by another 0.2 per minute.,Aumenta la tasa de conversión agrícola en otros 0.2 por minuto.,"Aumenta conversão agrícola em mais 0,2 por minuto.","+0,2 par minute en plus.",,,
STAT_FARMING_3,Farming III,Agricultura III,Cultivo III,Culture III,,,
STAT_FARMING_3_FLAVOR,Genetic Modification,Modificación Genética,Modificação genética,Modification génétique,,,
STAT_FARMING_3_DESC,Increases farming conversion rate by another 0.4 per minute.,Aumenta la tasa de conversión agrícola en otros 0.4 por minuto.,"Aumenta conversão agrícola em mais 0,4 por minuto.","+0,4 par minute en plus.",,,
STAT_CONTAMINATION_1,Contamination I,Contaminación I,Contaminação I,Contamination I,,,
STAT_CONTAMINATION_1_FLAVOR,Body Disposal,Eliminación de Cuerpos,Remoção de corpos,Élimination des corps,,,
STAT_CONTAMINATION_1_DESC,Reduces contamination death rate by 20%.,Reduce la tasa de mortalidad por contaminación en un 20%.,Reduz mortes por contaminação em 20%.,Réduit la mortalité par contamination de 20%.,,,
STAT_CONTAMINATION_2,Contamination II,Contaminación II,Contaminação II,Contamination II,,,
STAT_CONTAMINATION_2_FLAVOR,Clean Environment,Ambiente Limpio,Ambiente limpo,Environnement propre,,,
STAT_CONTAMINATION_2_DESC,Reduces contamination death rate by 40%.,Reduce la tasa de mortalidad por contaminación en un 40%.,Reduz mortes por contaminação em 40%.,Réduit la mortalité par contamination de 40%.,,,
STAT_CONTAMINATION_3,Contamination III,Contaminación III,Contaminação III,Contamination III,,,
STAT_CONTAMINATION_3_FLAVOR,Isolation Protocols,Protocolos de Aislamiento,Protocolos de isolamento,Protocoles d'isolement,,,
STAT_CONTAMINATION_3_DESC,Reduces contamination death rate by 60%.,Reduce la tasa de mortalidad por contaminación en un 60%.,Reduz mortes por contaminação em 60%.,Réduit la mortalité par contamination de 60%.,,,
STAT_SYMBIOTIC_MITE_1,Symbiotic Mite I,Ácaro Simbiótico I,Ácaro simbiótico I,Acarien symbiotique I,,,
STAT_SYMBIOTIC_MITE_1_FLAVOR,Symbiotic Mite Training,Entrenamiento de ácaros simbióticos,Treino de ácaros simbióticos,Dressage d'acariens symbiotiques,,,
STAT_SYMBIOTIC_MITE_1_DESC,Increases each symbiotic mite's parasitic mite elimination to 12 per day.,Aumenta la eliminación de ácaros parásitos de cada ácaro simbiótico a 12 por día.,Aumenta a eliminação de ácaros parasitas de cada ácaro simbiótico para 12 por dia.,Augmente l'élimination d'acariens parasitaires de chaque acarien symbiotique à 12 par jour.,,,
STAT_DERMESTID_1,Dermestid I,Derméstido I,Dermestídeo I,Dermeste I,,,
STAT_DERMESTID_1_FLAVOR,Grave Beetles,Escarabajos de fosa,Besouros de cova,Coléoptères de fosse,,,
STAT_DERMESTID_1_DESC,Allows each dermestid in the graveyard to count as 1 graver for burial duty.,Permite que cada derméstido en la fosa cuente como 1 coveira para enterrar cadáveres.,Permite que cada dermestídeo na cova conte como 1 coveira para enterros.,Permet à chaque dermeste dans la fosse de compter comme 1 fossoyeuse pour l'enterrement.,,,
STAT_GRAVING_1,Graving I,Sepultura I,Sepultamento I,Enterrement I,,,
STAT_GRAVING_1_FLAVOR,Shallow Graves,Tumbas Poco Profundas,Tumbas rasas,Tombes peu profondes,,,
STAT_GRAVING_1_DESC,Increases graving rate by 5 per day.,Aumenta la tasa de sepultura en 5 por día.,Aumenta sepultamento em 5 por dia.,+5 d'enterrer par jour.,,,
STAT_GRAVING_2,Graving II,Sepultura II,Sepultamento II,Enterrement II,,,
STAT_GRAVING_2_FLAVOR,Mass Graves,Fosas Comunes,Valas comuns,Fosses communes,,,
STAT_GRAVING_2_DESC,Increases graving rate by another 6 per day.,Aumenta la tasa de sepultura en otros 6 por día.,Aumenta sepultamento em mais 6 por dia.,+6 par jour en plus.,,,
STAT_GRAVING_3,Graving III,Sepultura III,Sepultamento III,Enterrement III,,,
STAT_GRAVING_3_FLAVOR,Structured Graveyard,Cementerio Estructurado,Cemitério estruturado,Cimetière structuré,,,
STAT_GRAVING_3_DESC,Increases graving rate by another 8 per day.,Aumenta la tasa de sepultura en otros 8 por día.,Aumenta sepultamento em mais 8 por dia.,+8 par jour en plus.,,,
STAT_POLICING_1,Policing I,Vigilancia I,Vigilância I,Police I,,,
STAT_POLICING_1_FLAVOR,Profiling,Perfilado,Perfil,Profilage,,,
STAT_POLICING_1_DESC,Increases policing rate to 20% per day.,Aumenta la tasa de vigilancia al 20% por día.,Aumenta vigilância para 20% por dia.,Taux de police à 20% par jour.,,,
STAT_POLICING_2,Policing II,Vigilancia II,Vigilância II,Police II,,,
STAT_POLICING_2_FLAVOR,Police Database,Base de Datos Policial,Base de dados policial,Base de données policière,,,
STAT_POLICING_2_DESC,Increases policing rate to 35% per day.,Aumenta la tasa de vigilancia al 35% por día.,Aumenta vigilância para 35% por dia.,Taux de police à 35% par jour.,,,
STAT_POLICING_3,Policing III,Vigilancia III,Vigilância III,Police III,,,
STAT_POLICING_3_FLAVOR,Surveillance Drones,Drones de Vigilancia,Drones de vigilância,Drones de surveillance,,,
STAT_POLICING_3_DESC,Increases policing rate to 55% per day.,Aumenta la tasa de vigilancia al 55% por día.,Aumenta vigilância para 55% por dia.,Taux de police à 55% par jour.,,,
STAT_HEX_SUSTAIN,Hex Sustain,Sostenibilidad de Hexágono,Sustentabilidade do hexágono,Durabilité d'hexagone,,,
STAT_HEX_SUSTAIN_FLAVOR,Environmental Sustainability,Sostenibilidad ambiental,Sustentabilidade ambiental,Durabilité environnementale,,,
STAT_HEX_SUSTAIN_DESC,Caps effective hex resource depletion at 80% for overworld spawn distance (raw accumulation can still rise).,Limita el agotamiento efectivo del hexágono al 80% para esta colonia.,Limita o esgotamento efetivo do hexágono a 80% para esta colônia.,Plafonne l'épuisement effectif de l'hexagone à 80% pour cette colonie.,,,
STAT_WORKER_SPEED_2,Worker Speed II,Velocidad de Obrera II,Velocidade de operária II,Vitesse d'ouvrière II,,,
STAT_WORKER_SPEED_2_FLAVOR,Forced March,Marcha forzada,Marcha forçada,Marche forcée,,,
STAT_WORKER_SPEED_2_DESC,Doubles overworld movement speed for worker ants and doubles their contribution to gathering full-efficiency radius.,Duplica la velocidad de movimiento en superficie de las obreras y su radio de recolección a plena eficiencia.,Dobra a velocidade de movimento das operárias na superfície e a contribuição ao raio de coleta em plena eficiência.,Double la vitesse de déplacement des ouvrières en surface et leur contribution au rayon de pleine efficacité.,,,
STAT_HEALTH_1,Health I,Salud I,Vida I,Santé I,,,
STAT_HEALTH_1_FLAVOR,Reinforced Cuticle,Cutícula Reforzada,Cutícula reforçada,Cuticule renforcée,,,
STAT_HEALTH_1_DESC,Increases base health for adult ants by 50% before type multipliers (100 → 150).,Aumenta la salud base de las hormigas adultas un 50% antes de multiplicadores de tipo (100 → 150).,Aumenta a vida base das formigas adultas em 50% antes dos multiplicadores de tipo (100 → 150).,Augmente la santé de base des fourmis adultes de 50 % avant multiplicateurs de type (100 → 150).,,,
STAT_ATTACK_1,Attack I,Ataque I,Ataque I,Attaque I,,,
STAT_ATTACK_1_FLAVOR,Mandible Hardening,Mandíbulas Endurecidas,Mandíbulas endurecidas,Mandibules durcies,,,
STAT_ATTACK_1_DESC,Increases base attack by 30% before type multipliers (10 → 13).,Aumenta el ataque base un 30% antes de multiplicadores de tipo (10 → 13).,Aumenta o ataque base em 30% antes dos multiplicadores de tipo (10 → 13).,Augmente l'attaque de base de 30 % avant multiplicateurs de type (10 → 13).,,,
STAT_DEFENSE_1,Defense I,Defensa I,Defesa I,Défense I,,,
STAT_DEFENSE_1_FLAVOR,Hardened Carapace,Caparazón Endurecido,Carapaça endurecida,Carapace durcie,,,
STAT_DEFENSE_1_DESC,Adds a flat 5% defense to all adult ants (stacks with type defense).,Añade un 5% plano de defensa a todas las hormigas adultas (se suma a la defensa del tipo).,Adiciona 5% fixos de defesa a todas as formigas adultas (soma à defesa do tipo).,Ajoute 5 % de défense fixe à toutes les fourmis adultes (s'ajoute à la défense du type).,,,
STAT_HEALTH_2,Health II,Salud II,Vida II,Santé II,,,
STAT_HEALTH_2_FLAVOR,Dense Exoskeleton,Exoesqueleto Denso,Exoesqueleto denso,Exosquelette dense,,,
STAT_HEALTH_2_DESC,Increases base health by another 80% before type multipliers (stacks additively with Reinforced Cuticle: 100 → 230).,Aumenta la salud base otro 80% antes de multiplicadores (se suma a Cutícula Reforzada: 100 → 230).,Aumenta a vida base em mais 80% antes dos multiplicadores (soma com Cutícula reforçada: 100 → 230).,Augmente encore la santé de base de 80 % avant multiplicateurs (s'ajoute à Cuticule renforcée : 100 → 230).,,,
STAT_ATTACK_2,Attack II,Ataque II,Ataque II,Attaque II,,,
STAT_ATTACK_2_FLAVOR,Serrated Mandibles,Mandíbulas Dentadas,Mandíbulas serrilhadas,Mandibules dentelées,,,
STAT_ATTACK_2_DESC,Increases base attack by another 50% before type multipliers (stacks additively with Mandible Hardening: 10 → 18).,Aumenta el ataque base otro 50% antes de multiplicadores (se suma a Mandíbulas Endurecidas: 10 → 18).,Aumenta o ataque base em mais 50% antes dos multiplicadores (soma com Mandíbulas endurecidas: 10 → 18).,Augmente encore l'attaque de base de 50 % avant multiplicateurs (s'ajoute à Mandibules durcies : 10 → 18).,,,
STAT_DEFENSE_2,Defense II,Defensa II,Defesa II,Défense II,,,
STAT_DEFENSE_2_FLAVOR,Laminated Armor,Armadura Laminada,Armadura laminada,Armure laminée,,,
STAT_DEFENSE_2_DESC,Adds another flat 5% defense to all adult ants (stacks with Hardened Carapace for +10% total).,Añade otro 5% plano de defensa (se suma a Caparazón Endurecido: +10% en total).,Adiciona mais 5% fixos de defesa (soma com Carapaça endurecida: +10% no total).,Ajoute encore 5 % de défense fixe (s'ajoute à Carapace durcie : +10 % au total).,,,
STAT_ATTACK_SPEED_1,Attack Speed I,Velocidad de Ataque I,Velocidade de ataque I,Vitesse d'attaque I,,,
STAT_ATTACK_SPEED_1_FLAVOR,Rapid Strikes,Golpes Rápidos,Golpes rápidos,Frappes rapides,,,
STAT_ATTACK_SPEED_1_DESC,Adds 1 attack speed to colony base attack speed before type multipliers.,Añade 1 de velocidad de ataque a la base de la colonia antes de multiplicadores de tipo.,Adiciona 1 de velocidade de ataque à base da colônia antes dos multiplicadores de tipo.,Ajoute 1 de vitesse d'attaque à la base de la colonie avant multiplicateurs de type.,,,
STAT_CAT_OVERWORLD,Hex,Hexágono,Hexágono,Hexagone,,,
STAT_HEX_DEPLETION,Depletion,Agotamiento,Esgotamento,Épuisement,,,
STAT_HEX_SOURCES_FOUND,Sources found,Fuentes encontradas,Fontes encontradas,Sources trouvées,,,
STAT_HEX_MAX_EFFICIENCY_DISTANCE,Max efficiency distance,Distancia máx. a plena eficiencia,Distância máx. de plena eficiência,Distance max. pleine efficacité,,,
STAT_LOCAL_HEX_NOTE_CAT,Note,Nota,Nota,Note,,,
STAT_LOCAL_HEX_DYNASTY_HINT,"In dynasty mode, this tab describes the colony you opened statistics from, not every colony at once.","En modo dinastía, esta pestaña describe la colonia desde la que abriste estadísticas, no todas a la vez.","No modo dinastia, esta aba descreve a colônia da qual você abriu estatísticas, não todas de uma vez.","En mode dynastie, cet onglet concerne la colonie depuis laquelle vous avez ouvert les statistiques, pas toutes les colonies à la fois.",,,
UNIT_STAT_WORKER_MARCH,Worker march,Marcha obrera,Marcha operária,Marche ouvrière,,,
UNIT_STAT_WORKER_MARCH_DESC,Worker ants move at double speed on the surface (Forced March).,Las obreras se mueven al doble de velocidad en superficie (marcha forzada).,Operárias movem-se ao dobro da velocidade na superfície (marcha forçada).,Les ouvrières se déplacent deux fois plus vite en surface (marche forcée).,,,
ASSIMILATED_FARMING,Farming,Agricultura,Cultivo,Culture,,,
ASSIMILATED_FARMING_FLAVOR,Ancestral Farming Techniques,Técnicas Agrícolas Ancestrales,Técnicas agrícolas ancestrais,Techniques agricoles ancestrales,,,
ASSIMILATED_FARMING_DESC,Your dynasty has learned how to farm fungi more efficiently. By getting 1 extra mushroom matter per plant and protein.,"Tu dinastía ha aprendido a cultivar hongos de manera más eficiente, obteniendo 1 unidad extra por cada planta y proteína.","Sua dinastia aprendeu a cultivar cogumelos com mais eficiência, +1 unidade extra por planta e proteína.",Votre dynastie cultive les champignons plus efficacement : +1 unité champignon par matière végétale et animale.,,,
ASSIMILATED_MULTIQUEEN,Multi-Queen,Reinas Múltiples,Várias rainhas,Multi-reines,,,
ASSIMILATED_MULTIQUEEN_FLAVOR,Multi Royal Mandate,Mandato Real Múltiple,Mandato real múltiplo,Mandat royal multiple,,,
ASSIMILATED_MULTIQUEEN_DESC,"Your dynasty can now handle multiple queens in a single colony, still requires the upgrading of the Royal Chamber.",Tu dinastía ahora puede tener varias reinas en una sola colonia (requiere mejorar la Cámara Real).,Sua dinastia pode ter várias rainhas numa colônia (requer melhorar a câmara real).,Plusieurs reines dans une même colonie (nécessite d'améliorer la chambre royale).,,,
ROYAL_CHAMBER_0,Basic Royal Chamber,Cámara Real Básica,Câmara real básica,Chambre royale de base,,,
ROYAL_CHAMBER_0_DESC,"The base queen chamber for the colony, holds 1 queen.",Cámara de la reina base de la colonia; alberga 1 reina.,Câmara base da rainha; abriga 1 rainha.,Chambre de la reine de base ; accueille 1 reine.,,,
EGG_CHAMBER_0,Basic Egg Chamber,Cámara de Huevos Básica,Câmara de ovos básica,Chambre à œufs de base,,,
EGG_CHAMBER_0_DESC,"The base egg chamber for the colony, holds 50 juvenile ants of each type.",Cámara de huevos base; alberga 50 hormigas juveniles de cada tipo.,Câmara de ovos base; abriga 50 formigas jovens de cada tipo.,Chambre à œufs de base ; 50 juvéniles de chaque type.,,,
MUSHROOM_CHAMBER_0,Basic Mushroom Chamber,Cámara de Hongos Básica,Câmara de cogumelos básica,Chambre à champignons de base,,,
MUSHROOM_CHAMBER_0_DESC,"The base mushroom chamber for the colony, holds 8000 mushroom matter.",Cámara de hongos base; alberga 8000 unidades de hongo.,Câmara de cogumelos base; abriga 8000 unidades de cogumelo.,8000 unités de champignon.,,,
PLANT_CHAMBER_0,Basic Plant Chamber,Cámara de Plantas Básica,Câmara de plantas básica,Chambre à plantes de base,,,
PLANT_CHAMBER_0_DESC,"The base plant chamber for the colony, holds 4000 plant matter.",Cámara de plantas base; alberga 4000 unidades de materia vegetal.,Câmara de plantas base; abriga 4000 unidades de matéria vegetal.,4000 unités de matière végétale.,,,
WATER_RESERVOIR_0,Basic Water Reservoir,Reservorio de Agua Básico,Reservatório de água básico,Réservoir d'eau de base,,,
WATER_RESERVOIR_0_DESC,"The base water reservoir for the colony, holds 1000 water drops.",Reservorio de agua base; alberga 1000 gotas de agua.,Reservatório base; abriga 1000 gotas de água.,1000 gouttes d'eau.,,,
MEAT_CHAMBER_0,Basic Protein Chamber,Cámara de Proteína Básica,Câmara de proteína básica,Chambre protéique de base,,,
MEAT_CHAMBER_0_DESC,"The base protein chamber for the colony, holds 2000 animal matter.",Cámara de proteína base; alberga 2000 unidades de materia animal.,Câmara de proteína base; abriga 2000 unidades de matéria animal.,2000 unités de matière animale.,,,
SYRUP_RESERVOIR_0,Basic Syrups Reservoir,Reservorio de Jarabes Básico,Reservatório de xaropes básico,Réservoir de miellat de base,,,
SYRUP_RESERVOIR_0_DESC,"The base syrup reservoir for the colony, holds 500 syrup drops.",Reservorio de jarabe base; alberga 500 gotas de jarabe.,Reservatório base; abriga 500 gotas de xarope.,500 gouttes de miellat.,,,
ROCK_WAREHOUSE_0,Basic Mineral Warehouse,Almacén de Minerales Básico,Armazém de minerais básico,Entrepôt minéral de base,,,
ROCK_WAREHOUSE_0_DESC,"The base mineral warehouse for the colony, holds 100 mineral rocks.",Almacén de minerales base; alberga 100 rocas minerales.,Armazém base; abriga 100 rochas minerais.,100 roches minérales.,,,
RESIN_RESERVOIR_0,Basic Resin Reservoir,Reservorio de Resina Básico,Reservatório de resina básico,Réservoir de résine de base,,,
RESIN_RESERVOIR_0_DESC,"The base resin reservoir for the colony, holds 200 resin drops.",Reservorio de resina base; alberga 200 gotas de resina.,Reservatório base; abriga 200 gotas de resina.,200 gouttes de résine.,,,
ROYAL_CHAMBER_1,Expanded Royal Chamber,Cámara Real Expandida,Câmara real expandida,Chambre royale expansée,,,
ROYAL_CHAMBER_1_DESC,"The upgraded queen chamber for the colony, holds 2 queens, still requires Multi-Queen.",Cámara real mejorada; alberga 2 reinas (requiere Reinas Múltiples).,Câmara real melhorada; abriga 2 rainhas (requer várias rainhas).,Chambre royale améliorée ; 2 reines (nécessite multi-reines).,,,
EGG_CHAMBER_1,Expanded Egg Chamber,Cámara de Huevos Expandida,Câmara de ovos expandida,Chambre à œufs expansée,,,
EGG_CHAMBER_1_DESC,"The upgraded egg chamber for the colony, holds 80 juvenile ants of each type.",Cámara de huevos mejorada; alberga 80 hormigas juveniles de cada tipo.,Câmara melhorada; abriga 80 formigas jovens de cada tipo.,80 juvéniles de chaque type.,,,
MUSHROOM_CHAMBER_1,Expanded Mushroom Chamber,Cámara de Hongos Expandida,Câmara de cogumelos expandida,Chambre à champignons expansée,,,
MUSHROOM_CHAMBER_1_DESC,"The upgraded mushroom chamber for the colony, holds 15000 mushroom matter.",Cámara de hongos mejorada; alberga 15000 unidades de hongo.,Câmara melhorada; abriga 15000 unidades de cogumelo.,15000 unités de champignon.,,,
PLANT_CHAMBER_1,Expanded Plant Chamber,Cámara de Plantas Expandida,Câmara de plantas expandida,Chambre à plantes expansée,,,
PLANT_CHAMBER_1_DESC,"The upgraded plant chamber for the colony, holds 10000 plant matter.",Cámara de plantas mejorada; alberga 10000 unidades de materia vegetal.,Câmara melhorada; abriga 10000 unidades de matéria vegetal.,10000 unités de matière végétale.,,,
WATER_RESERVOIR_1,Expanded Water Reservoir,Reservorio de Agua Expandido,Reservatório de água expandido,Réservoir d'eau expansé,,,
WATER_RESERVOIR_1_DESC,"The upgraded water reservoir for the colony, holds 2500 water drops.",Reservorio de agua mejorado; alberga 2500 gotas de agua.,Reservatório melhorado; abriga 2500 gotas de água.,2500 gouttes d'eau.,,,
MEAT_CHAMBER_1,Expanded Protein Chamber,Cámara de Proteína Expandida,Câmara de proteína expandida,Chambre protéique expansée,,,
MEAT_CHAMBER_1_DESC,"The upgraded protein chamber for the colony, holds 5000 animal matter.",Cámara de proteína mejorada; alberga 5000 unidades de materia animal.,Câmara melhorada; abriga 5000 unidades de matéria animal.,5000 unités de matière animale.,,,
SYRUP_RESERVOIR_1,Expanded Syrups Reservoir,Reservorio de Jarabes Expandido,Reservatório de xaropes expandido,Réservoir de miellat expansé,,,
SYRUP_RESERVOIR_1_DESC,"The upgraded syrup reservoir for the colony, holds 1200 syrup drops.",Reservorio de jarabe mejorado; alberga 1200 gotas de jarabe.,Reservatório melhorado; abriga 1200 gotas de xarope.,1200 gouttes de miellat.,,,
ROCK_WAREHOUSE_1,Expanded Mineral Warehouse,Almacén de Minerales Expandido,Armazém de minerais expandido,Entrepôt minéral expansé,,,
ROCK_WAREHOUSE_1_DESC,"The upgraded mineral warehouse for the colony, holds 250 mineral rocks.",Almacén de minerales mejorado; alberga 250 rocas minerales.,Armazém melhorado; abriga 250 rochas minerais.,250 roches minérales.,,,
RESIN_RESERVOIR_1,Expanded Resin Reservoir,Reservorio de Resina Expandido,Reservatório de resina expandido,Réservoir de résine expansé,,,
RESIN_RESERVOIR_1_DESC,"The upgraded resin reservoir for the colony, holds 500 resin drops.",Reservorio de resina mejorado; alberga 500 gotas de resina.,Reservatório melhorado; abriga 500 gotas de resina.,500 gouttes de résine.,,,
ROYAL_CHAMBER_2,Reinforced Royal Chamber,Cámara Real Reforzada,Câmara real reforçada,Chambre royale renforcée,,,
ROYAL_CHAMBER_2_DESC,"The resin-reinforced queen chamber for the colony, holds 4 queens, still requires Multi-Queen.",Cámara real reforzada con resina; alberga 4 reinas (requiere Reinas Múltiples).,Câmara reforçada com resina; abriga 4 rainhas (requer várias rainhas).,Chambre royale renforcée à la résine ; 4 reines (multi-reines).,,,
EGG_CHAMBER_2,Reinforced Egg Chamber,Cámara de Huevos Reforzada,Câmara de ovos reforçada,Chambre à œufs renforcée,,,
EGG_CHAMBER_2_DESC,"The resin-reinforced egg chamber for the colony, holds 150 juvenile ants of each type.",Cámara de huevos reforzada con resina; alberga 150 hormigas juveniles de cada tipo.,Câmara reforçada com resina; abriga 150 formigas jovens de cada tipo.,150 juvéniles de chaque type.,,,
MUSHROOM_CHAMBER_2,Reinforced Mushroom Chamber,Cámara de Hongos Reforzada,Câmara de cogumelos reforçada,Chambre à champignons renforcée,,,
MUSHROOM_CHAMBER_2_DESC,"The resin-reinforced mushroom chamber for the colony, holds 40000 mushroom matter.",Cámara de hongos reforzada con resina; alberga 40000 unidades de hongo.,Câmara reforçada; abriga 40000 unidades de cogumelo.,40000 unités de champignon.,,,
PLANT_CHAMBER_2,Reinforced Plant Chamber,Cámara de Plantas Reforzada,Câmara de plantas reforçada,Chambre à plantes renforcée,,,
PLANT_CHAMBER_2_DESC,"The resin-reinforced plant chamber for the colony, holds 25000 plant matter.",Cámara de plantas reforzada con resina; alberga 25000 unidades de materia vegetal.,Câmara reforçada; abriga 25000 unidades de matéria vegetal.,25000 unités de matière végétale.,,,
WATER_RESERVOIR_2,Reinforced Water Reservoir,Reservorio de Agua Reforzado,Reservatório de água reforçado,Réservoir d'eau renforcé,,,
WATER_RESERVOIR_2_DESC,"The resin-reinforced water reservoir for the colony, holds 10000 water drops.",Reservorio de agua reforzado con resina; alberga 10000 gotas de agua.,Reservatório reforçado; abriga 10000 gotas de água.,10000 gouttes d'eau.,,,
MEAT_CHAMBER_2,Reinforced Protein Chamber,Cámara de Proteína Reforzada,Câmara de proteína reforçada,Chambre protéique renforcée,,,
MEAT_CHAMBER_2_DESC,"The resin-reinforced protein chamber for the colony, holds 15000 animal matter.",Cámara de proteína reforzada con resina; alberga 15000 unidades de materia animal.,Câmara reforçada; abriga 15000 unidades de matéria animal.,15000 unités de matière animale.,,,
SYRUP_RESERVOIR_2,Reinforced Syrups Reservoir,Reservorio de Jarabes Reforzado,Reservatório de xaropes reforçado,Réservoir de miellat renforcé,,,
SYRUP_RESERVOIR_2_DESC,"The resin-reinforced syrup reservoir for the colony, holds 3500 syrup drops.",Reservorio de jarabe reforzado con resina; alberga 3500 gotas de jarabe.,Reservatório reforçado; abriga 3500 gotas de xarope.,3500 gouttes de miellat.,,,
ROCK_WAREHOUSE_2,Reinforced Mineral Warehouse,Almacén de Minerales Reforzado,Armazém de minerais reforçado,Entrepôt minéral renforcé,,,
ROCK_WAREHOUSE_2_DESC,"The resin-reinforced mineral warehouse for the colony, holds 750 mineral rocks.",Almacén de minerales reforzado con resina; alberga 750 rocas minerales.,Armazém reforçado; abriga 750 rochas minerais.,750 roches minérales.,,,
RESIN_RESERVOIR_2,Reinforced Resin Reservoir,Reservorio de Resina Reforzado,Reservatório de resina reforçado,Réservoir de résine renforcé,,,
RESIN_RESERVOIR_2_DESC,"The resin-reinforced resin reservoir for the colony, holds 1200 resin drops.",Reservorio de resina reforzado con resina; alberga 1200 gotas de resina.,Reservatório reforçado; abriga 1200 gotas de resina.,1200 gouttes de résine.,,,
ROYAL_CHAMBER_3,Fortified Royal Chamber,Cámara Real Fortificada,Câmara real fortificada,Chambre royale fortifiée,,,
ROYAL_CHAMBER_3_DESC,"The further fortified queen chamber for the colony, holds 10 queens, still requires Multi-Queen.",Cámara real fortificada; alberga 10 reinas (requiere Reinas Múltiples).,Câmara fortificada; abriga 10 rainhas (requer várias rainhas).,Chambre royale fortifiée ; 10 reines (multi-reines).,,,
EGG_CHAMBER_3,Fortified Egg Chamber,Cámara de Huevos Fortificada,Câmara de ovos fortificada,Chambre à œufs fortifiée,,,
EGG_CHAMBER_3_DESC,"The further fortified egg chamber for the colony, holds 500 juvenile ants of each type.",Cámara de huevos fortificada; alberga 500 hormigas juveniles de cada tipo.,Câmara fortificada; abriga 500 formigas jovens de cada tipo.,500 juvéniles de chaque type.,,,
MUSHROOM_CHAMBER_3,Fortified Mushroom Chamber,Cámara de Hongos Fortificada,Câmara de cogumelos fortificada,Chambre à champignons fortifiée,,,
MUSHROOM_CHAMBER_3_DESC,"The further fortified mushroom chamber for the colony, holds 100000 mushroom matter.",Cámara de hongos fortificada; alberga 100000 unidades de hongo.,Câmara fortificada; abriga 100000 unidades de cogumelo.,100000 unités de champignon.,,,
PLANT_CHAMBER_3,Fortified Plant Chamber,Cámara de Plantas Fortificada,Câmara de plantas fortificada,Chambre à plantes fortifiée,,,
PLANT_CHAMBER_3_DESC,"The further fortified plant chamber for the colony, holds 60000 plant matter.",Cámara de plantas fortificada; alberga 60000 unidades de materia vegetal.,Câmara fortificada; abriga 60000 unidades de matéria vegetal.,60000 unités de matière végétale.,,,
WATER_RESERVOIR_3,Fortified Water Reservoir,Reservorio de Agua Fortificado,Reservatório de água fortificado,Réservoir d'eau fortifié,,,
WATER_RESERVOIR_3_DESC,"The further fortified water reservoir for the colony, holds 25000 water drops.",Reservorio de agua fortificado; alberga 25000 gotas de agua.,Reservatório fortificado; abriga 25000 gotas de água.,25000 gouttes d'eau.,,,
MEAT_CHAMBER_3,Fortified Protein Chamber,Cámara de Proteína Fortificada,Câmara de proteína fortificada,Chambre protéique fortifiée,,,
MEAT_CHAMBER_3_DESC,"The further fortified protein chamber for the colony, holds 40000 animal matter.",Cámara de proteína fortificada; alberga 40000 unidades de materia animal.,Câmara fortificada; abriga 40000 unidades de matéria animal.,40000 unités de matière animale.,,,
SYRUP_RESERVOIR_3,Fortified Syrups Reservoir,Reservorio de Jarabes Fortificado,Reservatório de xaropes fortificado,Réservoir de miellat fortifié,,,
SYRUP_RESERVOIR_3_DESC,"The further fortified syrup reservoir for the colony, holds 10000 syrup drops.",Reservorio de jarabe fortificado; alberga 10000 gotas de jarabe.,Reservatório fortificado; abriga 10000 gotas de xarope.,10000 gouttes de miellat.,,,
ROCK_WAREHOUSE_3,Fortified Mineral Warehouse,Almacén de Minerales Fortificado,Armazém de minerais fortificado,Entrepôt minéral fortifié,,,
ROCK_WAREHOUSE_3_DESC,"The further fortified mineral warehouse for the colony, holds 2500 mineral rocks.",Almacén de minerales fortificado; alberga 2500 rocas minerales.,Armazém fortificado; abriga 2500 rochas minerais.,2500 roches minérales.,,,
RESIN_RESERVOIR_3,Fortified Resin Reservoir,Reservorio de Resina Fortificado,Reservatório de resina fortificado,Réservoir de résine fortifié,,,
RESIN_RESERVOIR_3_DESC,"The further fortified resin reservoir for the colony, holds 3000 resin drops.",Reservorio de resina fortificado; alberga 3000 gotas de resina.,Reservatório fortificado; abriga 3000 gotas de resina.,3000 gouttes de résine.,,,
ROYAL_CHAMBER_4,Mineralized Royal Chamber,Cámara Real Mineralizada,Câmara real mineralizada,Chambre royale minéralisée,,,
ROYAL_CHAMBER_4_DESC,"The mineralized royal chamber for the colony, holds more queens with Multiqueen (20).",Cámara real mineralizada; más reinas con Multireina (20).,Câmara real mineralizada; mais rainhas com Multirainha (20).,Chambre royale minéralisée ; plus de reines avec Multi-reines (20).,,,
EGG_CHAMBER_4,Mineralized Egg Chamber,Cámara de Huevos Mineralizada,Câmara de ovos mineralizada,Chambre à œufs minéralisée,,,
EGG_CHAMBER_4_DESC,"The mineralized egg chamber for the colony, holds 1200 eggs.",Cámara de huevos mineralizada; alberga 1200 huevos.,Câmara de ovos mineralizada; abriga 1200 ovos.,1200 œufs.,,,
MUSHROOM_CHAMBER_4,Mineralized Fungi Chamber,Cámara de Hongos Mineralizada,Câmara de fungos mineralizada,Chambre à champignons minéralisée,,,
MUSHROOM_CHAMBER_4_DESC,"The mineralized fungi chamber for the colony, holds 250000 mushroom matter.",Cámara de hongos mineralizada; alberga 250000 de materia de hongo.,Câmara mineralizada; abriga 250000 de matéria de cogumelo.,250000 unités de champignon.,,,
PLANT_CHAMBER_4,Mineralized Plant Chamber,Cámara de Plantas Mineralizada,Câmara de plantas mineralizada,Chambre à plantes minéralisée,,,
PLANT_CHAMBER_4_DESC,"The mineralized plant chamber for the colony, holds 150000 plant matter.",Cámara de plantas mineralizada; alberga 150000 de materia vegetal.,Câmara mineralizada; abriga 150000 de matéria vegetal.,150000 unités de plantes.,,,
WATER_RESERVOIR_4,Mineralized Water Reservoir,Reservorio de Agua Mineralizado,Reservatório de água mineralizado,Réservoir d'eau minéralisé,,,
WATER_RESERVOIR_4_DESC,"The mineralized water reservoir for the colony, holds 60000 water drops.",Reservorio de agua mineralizado; alberga 60000 gotas.,Reservatório mineralizado; abriga 60000 gotas.,60000 gouttes d'eau.,,,
MEAT_CHAMBER_4,Mineralized Protein Chamber,Cámara de Proteína Mineralizada,Câmara de proteína mineralizada,Chambre protéique minéralisée,,,
MEAT_CHAMBER_4_DESC,"The mineralized protein chamber for the colony, holds 100000 animal matter.",Cámara de proteína mineralizada; alberga 100000 de materia animal.,Câmara mineralizada; abriga 100000 de matéria animal.,100000 unités de matière animale.,,,
SYRUP_RESERVOIR_4,Mineralized Syrups Reservoir,Reservorio de Jarabes Mineralizado,Reservatório de xaropes mineralizado,Réservoir de miellat minéralisé,,,
SYRUP_RESERVOIR_4_DESC,"The mineralized syrup reservoir for the colony, holds 25000 syrup drops.",Reservorio de jarabe mineralizado; alberga 25000 gotas.,Reservatório mineralizado; abriga 25000 gotas.,25000 gouttes de miellat.,,,
ROCK_WAREHOUSE_4,Mineralized Mineral Warehouse,Almacén de Minerales Mineralizado,Armazém de minerais mineralizado,Entrepôt minéral minéralisé,,,
ROCK_WAREHOUSE_4_DESC,"The mineralized mineral warehouse for the colony, holds 6000 mineral rocks.",Almacén de minerales mineralizado; alberga 6000 rocas.,Armazém mineralizado; abriga 6000 rochas.,6000 roches minérales.,,,
RESIN_RESERVOIR_4,Mineralized Resin Reservoir,Reservorio de Resina Mineralizado,Reservatório de resina mineralizado,Réservoir de résine minéralisé,,,
RESIN_RESERVOIR_4_DESC,"The mineralized resin reservoir for the colony, holds 7500 resin drops.",Reservorio de resina mineralizado; alberga 7500 gotas.,Reservatório mineralizado; abriga 7500 gotas.,7500 gouttes de résine.,,,
ROYAL_CHAMBER_5,Armored Royal Chamber,Cámara Real Blindada,Câmara real blindada,Chambre royale blindée,,,
ROYAL_CHAMBER_5_DESC,"Armored royal chamber, holds more queens with Multiqueen (40).",Cámara real blindada; más reinas con Multireina (40).,Câmara real blindada; mais rainhas com Multirainha (40).,Chambre royale blindée ; plus de reines avec Multi-reines (40).,,,
EGG_CHAMBER_5,Armored Egg Chamber,Cámara de Huevos Blindada,Câmara de ovos blindada,Chambre à œufs blindée,,,
EGG_CHAMBER_5_DESC,"The armored egg chamber for the colony, holds 3000 eggs.",Cámara de huevos blindada; alberga 3000 huevos.,Câmara blindada; abriga 3000 ovos.,3000 œufs.,,,
MUSHROOM_CHAMBER_5,Armored Fungi Chamber,Cámara de Hongos Blindada,Câmara de fungos blindada,Chambre à champignons blindée,,,
MUSHROOM_CHAMBER_5_DESC,"The armored fungi chamber for the colony, holds 600000 mushroom matter.",Cámara de hongos blindada; alberga 600000 de materia de hongo.,Câmara blindada; abriga 600000 de matéria de cogumelo.,600000 unités de champignon.,,,
PLANT_CHAMBER_5,Armored Plant Chamber,Cámara de Plantas Blindada,Câmara de plantas blindada,Chambre à plantes blindée,,,
PLANT_CHAMBER_5_DESC,"The armored plant chamber for the colony, holds 400000 plant matter.",Cámara de plantas blindada; alberga 400000 de materia vegetal.,Câmara blindada; abriga 400000 de matéria vegetal.,400000 unités de plantes.,,,
WATER_RESERVOIR_5,Armored Water Reservoir,Reservorio de Agua Blindado,Reservatório de água blindado,Réservoir d'eau blindé,,,
WATER_RESERVOIR_5_DESC,"The armored water reservoir for the colony, holds 150000 water drops.",Reservorio de agua blindado; alberga 150000 gotas.,Reservatório blindado; abriga 150000 gotas.,150000 gouttes d'eau.,,,
MEAT_CHAMBER_5,Armored Protein Chamber,Cámara de Proteína Blindada,Câmara de proteína blindada,Chambre protéique blindée,,,
MEAT_CHAMBER_5_DESC,"The armored protein chamber for the colony, holds 250000 animal matter.",Cámara de proteína blindada; alberga 250000 de materia animal.,Câmara blindada; abriga 250000 de matéria animal.,250000 unités de matière animale.,,,
SYRUP_RESERVOIR_5,Armored Syrups Reservoir,Reservorio de Jarabes Blindado,Reservatório de xaropes blindado,Réservoir de miellat blindé,,,
SYRUP_RESERVOIR_5_DESC,"The armored syrup reservoir for the colony, holds 60000 syrup drops.",Reservorio de jarabe blindado; alberga 60000 gotas.,Reservatório blindado; abriga 60000 gotas.,60000 gouttes de miellat.,,,
ROCK_WAREHOUSE_5,Armored Mineral Warehouse,Almacén de Minerales Blindado,Armazém de minerais blindado,Entrepôt minéral blindé,,,
ROCK_WAREHOUSE_5_DESC,"The armored mineral warehouse for the colony, holds 15000 mineral rocks.",Almacén de minerales blindado; alberga 15000 rocas.,Armazém blindado; abriga 15000 rochas.,15000 roches minérales.,,,
RESIN_RESERVOIR_5,Armored Resin Reservoir,Reservorio de Resina Blindado,Reservatório de resina blindado,Réservoir de résine blindé,,,
RESIN_RESERVOIR_5_DESC,"The armored resin reservoir for the colony, holds 20000 resin drops.",Reservorio de resina blindado; alberga 20000 gotas.,Reservatório blindado; abriga 20000 gotas.,20000 gouttes de résine.,,,
PASSIVE_LAB,Passive Experiments,Experimentos Pasivos,Experimentos passivos,Expériences passives,,,
PASSIVE_LAB_DESC,"Enables passive research gain even if there are no ants assigned, simulates 1 researcher.",Permite ganar investigación de forma pasiva sin investigadoras asignadas.,Ganha pesquisa passiva sem pesquisadoras atribuídas.,Permet un gain de recherche passif sans chercheuses assignées.,,,
PASSIVE_WATER,Passive Water Collector,Colector de Agua Pasivo,Coletor de água passivo,Collecteur d'eau passif,,,
PASSIVE_WATER_DESC,"Enables passive water collection even if there are no ants assigned, at 10% your water capacity.",Recolección pasiva de agua al 10% de la capacidad de tu reservorio.,Coleta passiva de água a 10% da capacidade do reservatório.,Collecte passive d'eau à 10% de la capacité du réservoir.,,,
PASSIVE_APHID,Passive Aphid Ranch,Granja de Áfidos Pasiva,Fazenda de pulgões passiva,Élevage de pucerons passif,,,
PASSIVE_APHID_DESC,"Enables your colony to hold more aphids that will never escape, simulates 1 rancher.",Aumenta la capacidad de áfidos y evita que escapen.,Aumenta capacidade de pulgões e impede fuga.,Augmente la capacité des pucerons et évite qu'ils s'échappent.,,,
PASSIVE_NURSE,Passive Nursery,Guardería Pasiva,Creche passiva,Crèche passive,,,
PASSIVE_NURSE_DESC,"Enables passive juvenile care even if there are no ants assigned, simulates 1 nurse.",Cuidado pasivo de juveniles sin necesidad de niñeras.,Cuidado passivo de jovens sem babás.,Soins passifs aux juvéniles sans nourrices.,,,
PASSIVE_FARM,Passive Farm,Granja Pasiva,Fazenda passiva,Ferme passive,,,
PASSIVE_FARM_DESC,"Enables passive farming even if there are no ants assigned, simulates 1 farmer.",Cultivo pasivo de hongos sin necesidad de granjeras.,Cultivo passivo de cogumelos sem agricultoras.,Culture passive de champignons sans agricultrices.,,,
PASSIVE_GRAVE,Passive Graveyard,Cementerio Pasivo,Cemitério passivo,Cimetière passif,,,
PASSIVE_GRAVE_DESC,"Enables passive grave keeping even if there are no ants assigned, simulates 1 graver.",Limpieza pasiva de tumbas sin necesidad de sepultureras.,Limpeza passiva de túmulos sem coveiras.,Nettoyage passif des tombes sans fossoyeuses.,,,
BUILDING_COMPOSTER,Composter,Compostador,Composteira,Composteur,,,
BUILDING_COMPOSTER_DESC,Turns dead bodies into mushrooms daily. 1 body to 4 mushrooms matter.,Convierte cuerpos en hongo diariamente (1 cuerpo = 4 hongos).,Converte corpos em cogumelo diariamente (1 corpo = 4 cogumelos).,Transforme les corps en champignon chaque jour (1 corps = 4 champignons).,,,
ASSIMILATION_LEAFCUTTER,Farming,Agricultura,Cultivo,Culture,,,
ASSIMILATION_LEAFCUTTER_DESC,After assimilating the leafcutter ant genome:,Tras asimilar el genoma de la hormiga cortadora de hojas:,Após assimilar o genoma da cortadeira de folhas:,Après assimilation du génome de la fourmi coupe-feuille :,,,
ASSIMILATION_PHARAOH,Multiqueen,Multireina,Multirainha,Multi-reines,,,
ASSIMILATION_PHARAOH_DESC,After assimilating the pharaoh ant genome: ,Tras asimilar el genoma de la hormiga faraón:,Após assimilar o genoma da formiga faraó:,Après assimilation du génome de la fourmi pharaon :,,,
ASSIMILATION_MARAUDER,Majors,Mayores,Majores,Majores,,,
ASSIMILATION_MARAUDER_DESC,After assimilating the marauder ant genome: ,Tras asimilar el genoma de la hormiga merodeadora:,Após assimilar o genoma da formiga saqueadora:,Après assimilation du génome de la fourmi maraudeuse :,,,
HELP_TAB_WELCOME,Welcome,Bienvenida,Boas-vindas,Bienvenue,,,
HELP_TAB_STARTED,Getting Started,Primeros Pasos,Primeiros passos,Prise en main,,,
HELP_TAB_DYNASTY,Dynasty,Dinastía,Dinastia,Dynastie,,,
HELP_TAB_HOTKEYS,Hotkeys,Teclas,Teclas,Raccourcis,,,
HELP_TAB_TUTORIALS,Tutorials,Tutoriales,Tutoriais,Tutoriels,,,
HELP_TAB_SPECIES,Ant Species,Especies de hormiga,Espécies de formiga,Espèces de fourmis,,,
HELP_TAB_TYPES,Ant Types,Tipos,Tipos,Types,,,
HELP_TAB_SUBTYPES,Ant Subtypes,Subtipos de hormiga,Subtipos de formiga,Sous-types de fourmi,,,
HELP_SUBTYPES_INTRO,Assimilated body-part traits can roll onto new hatchlings. Configure odds per ant type in Hatch Rates (P). Each active subtype part adds +50% food consumption.,Los rasgos asimilados de partes del cuerpo pueden aparecer en nuevas eclosiones. Configura las probabilidades por tipo de hormiga en Tasas de eclosión (P). Cada parte activa del subtipo añade +50% de consumo de alimento.,Traços assimilados de partes do corpo podem surgir em novas eclosões. Configure as probabilidades por tipo de formiga em Taxas de eclosão (P). Cada parte ativa do subtipo adiciona +50% de consumo de alimento.,Les traits assimilés de parties du corps peuvent apparaître sur les nouvelles éclosions. Réglez les probabilités par type de fourmi dans Taux d'éclosion (P). Chaque partie active du sous-type ajoute +50 % de consommation alimentaire.,,,
HELP_TAB_BUGS,Critter Species,Especies de criaturas,Espécies de criaturas,Espèces de créatures,,,
HELP_TAB_ANT_ROLES,Ant Roles,Roles de Hormiga,Funções de Formiga,Rôles de Fourmi,,,
HELP_TAB_EMPIRE,Dynasty,Dinastía,Dinastia,Dynastie,,,
HELP_TAB_UPGRADES,Upgrades,Mejoras,Melhorias,Améliorations,,,
HELP_TAB_BUILDINGS,Buildings,Edificios,Edifícios,Bâtiments,,,
HELP_TAB_ASSIMILATIONS,Assimilations,Asimilaciones,Assimilações,Assimilations,,,
HELP_TAB_SYNERGIES,Synergies,Sinergias,Sinergias,Synergies,,,
HELP_TAB_COMBAT,Combat,Combate,Combate,Combat,,,
HELP_COMBAT_INTRO,"Battles resolve creature-vs-creature each hour. Active ants (up to combat capacity per battle line) act with skills; reserves fill gaps. Hit chance is skill accuracy × line accuracy (capped at 100%). Damage uses attack × skill multiplier, reduced once by the target's defense %. Border clash ends when ~90% of an army (including reserves) is dead; hex assault ends when the last defending queen dies. Queens are always on the line as commanders; while any Defenders live, attacks prefer non-queens.","Las batallas se resuelven criatura contra criatura cada hora. Las hormigas activas (hasta la capacidad de combate por línea) actúan con habilidades; las reservas cubren bajas. El acierto es precisión de habilidad × precisión de línea (máx. 100%). El daño usa ataque × multiplicador, reducido una vez por la defensa %. El choque fronterizo termina al ~90% del ejército muerto (incl. reservas); el asalto de hexágono, al morir la última reina defensora. Las reinas siempre están en línea como comandantes; si hay Defensoras vivas, los ataques priorizan no-reinas.","As batalhas resolvem-se criatura contra criatura a cada hora. Formigas ativas (até à capacidade de combate por linha) agem com habilidades; reservas cobrem baixas. O acerto é precisão da habilidade × precisão da linha (máx. 100%). O dano usa ataque × multiplicador, reduzido uma vez pela defesa %. O embate de fronteira termina com ~90% do exército morto (incl. reservas); o assalto de hexágono, quando morre a última rainha defensora. Rainhas ficam sempre na linha como comandantes; enquanto houver Defensoras vivas, os ataques preferem não-rainhas.","Les batailles se résolvent créature contre créature chaque heure. Les fourmis actives (jusqu'à la capacité de combat par ligne) agissent avec des compétences ; les réserves comblent les pertes. La chance de toucher est précision de compétence × précision de ligne (plafonnée à 100 %). Les dégâts utilisent attaque × multiplicateur, réduits une fois par la défense %. L'affrontement frontalier se termine à ~90 % d'armée morte (réserves incluses) ; l'assaut d'hexagone, à la mort de la dernière reine défenderesse. Les reines sont toujours en ligne comme commandantes ; tant que des Défenseuses vivent, les attaques préfèrent les non-reines.",,,
HELP_COMBAT_SKILLS,Skills,Habilidades,Habilidades,Compétences,,,
HELP_COMBAT_BATTLE_LINES,Battle Lines,Líneas de batalla,Linhas de batalha,Lignes de bataille,,,
HELP_COMBAT_WAR_PHASES,War Stage Phases,Fases de etapa de guerra,Fases de etapa de guerra,Phases d'étape de guerre,,,
HELP_COMBAT_WAR_STANDING,War Standing,Posición en la guerra,Posição na guerra,Position de guerre,,,
HELP_COMBAT_UNIT_STATS,Unit Stats,Estadísticas de unidad,Estatísticas de unidade,Stats d'unité,,,
HELP_SKILL_ACCURACY_FMT,Accuracy: %s,Precisión: %s,Precisão: %s,Précision : %s,,,
HELP_SKILL_DAMAGE_FMT,Damage: %s,Daño: %s,Dano: %s,Dégâts : %s,,,
HELP_SKILL_TARGETS_FMT,Targets: %s,Objetivos: %s,Alvos: %s,Cibles : %s,,,
HELP_SKILL_SACRIFICES_SELF,The ant dies when using this skill.,La hormiga muere al usar esta habilidad.,A formiga morre ao usar esta habilidade.,La fourmi meurt en utilisant cette compétence.,,,
HELP_SKILL_BATTLE_LINE_FMT,Battle line: %s,Línea de batalla: %s,Linha de batalha: %s,Ligne de bataille : %s,,,
HELP_SKILL_BOOST_REGEN_EFFECT,Support: doubles this ant's HP healed on the next war redeploy (regen % of max HP). Portable-Feeders with Honeypot use it automatically until battle skill picks exist.,Soporte: duplica la curación de HP de esta hormiga en el siguiente redespliegue de guerra (% de regeneración del HP máximo). Las Hormiga-Copa con Mielera la usan automáticamente hasta que existan elecciones de habilidad en batalla.,Suporte: duplica o HP curado desta formiga no próximo redesdobramento de guerra (% de regeneração do HP máximo). Alimentadoras portáteis com Melífera usam automaticamente até existirem escolhas de habilidade em batalha.,Soutien : double les PV soignés de cette fourmi au prochain redéploiement de guerre (% de régénération des PV max). Les Porteuses nourriture Pot-de-miel l'utilisent automatiquement tant qu'il n'y a pas de choix de compétences en bataille.,,,
HELP_SKILL_SHIELDING_EFFECT,"Support: in hex defense, this Defender takes losses meant for queens until the ant dies. Doorhead Defenders arm Shielding when hex defense begins.","Soporte: en defensa de hexágono, esta Defensora asume las bajas destinadas a las reinas hasta morir. Las Defensoras doorhead activan Escudo al comenzar la defensa de hexágono.","Suporte: na defesa de hexágono, esta Defensora assume as baixas destinadas às rainhas até morrer. Defensoras doorhead ativam Escudo quando a defesa de hexágono começa.","Soutien : en défense d'hexagone, cette Défenseuse prend les pertes destinées aux reines jusqu'à sa mort. Les Défenseuses doorhead activent Bouclier au début de la défense d'hexagone.",,,
HELP_SKILL_PASSIVE_LANE_DAMAGE_FMT,Passive: +%s damage to the %s battle line while a living ant with this skill is in battle.,Pasiva: +%s de daño a la línea %s mientras una hormiga viva con esta habilidad esté en batalla.,Passiva: +%s de dano à linha %s enquanto uma formiga viva com esta habilidade estiver em batalha.,Passif : +%s de dégâts à la ligne %s tant qu'une fourmi vivante avec cette compétence est en bataille.,,,
HELP_BATTLE_LINE_ACCURACY_FMT,Base accuracy: %s,Precisión base: %s,Precisão base: %s,Précision de base : %s,,,
HELP_BATTLE_LINE_ROLES_FMT,Roles: %s,Roles: %s,Funções: %s,Rôles : %s,,,
HELP_BATTLE_LINE_ROLES_NONE,Roles: none yet,Roles: ninguno aún,Funções: nenhuma ainda,Rôles : aucun pour l'instant,,,
HELP_WAR_PHASE_CLASH_DESC,"Creature battle at the contested border. Each active ant spends actions on attack or support skills; infantry act every hour, artillery every 2nd, air every 3rd. Win by defeating ~90% of the enemy army (active + reserves).","Batalla de criaturas en la frontera disputada. Cada hormiga activa gasta acciones en habilidades de ataque o soporte; infantería cada hora, artillería cada 2.ª, aire cada 3.ª. Victoria al derrotar ~90% del ejército enemigo (activos + reservas).","Batalha criatura contra criatura na fronteira disputada. Cada formiga ativa gasta ações em habilidades de ataque ou suporte; infantaria a cada hora, artilharia a cada 2.º, ar a cada 3.º. Vitória ao derrotar ~90% do exército inimigo (ativos + reservas).","Bataille créature contre créature à la frontière contestée. Chaque fourmi active dépense des actions en compétences d'attaque ou de soutien ; infanterie chaque heure, artillerie tous les 2 tics, air tous les 3. Victoire en battant ~90 % de l'armée ennemie (actifs + réserves).",,,
HELP_WAR_PHASE_RESERVE_DESC,"Siege assault on a colony after the border clash. The contested colony fields every local ant (Defenders, Siege, and queens start active); attackers bring dynasty border-active military plus dynasty-wide Siege (Defenders never leave home). Hex boosts: defending ants 1.5x attack/defense (Defenders 3x); Siege attackers 3x. Defense cannot exceed 100%. Attackers win by killing the last queen.","Asalto de asedio a una colonia tras el choque fronterizo. La colonia disputada despliega todas las hormigas locales (Defensoras, Asedio y reinas empiezan activas); los atacantes traen el militar fronterizo de la dinastía más Asedio a escala de dinastía (las Defensoras no salen). Bonos: defensores 1.5x ataque/defensa (Defensoras 3x); Asedio atacante 3x. La defensa no supera el 100%. Los atacantes ganan al matar a la última reina.","Assalto de cerco a uma colônia após o choque fronteiriço. A colônia disputada alinha todas as formigas locais (Defensoras, Cerco e rainhas começam ativas); atacantes trazem o militar fronteiriço da dinastia mais Cerco dinástico (Defensoras não saem). Bônus: defensores 1.5x ataque/defesa (Defensoras 3x); Cerco atacante 3x. Defesa não passa de 100%. Atacantes vencem ao matar a última rainha.","Assaut de siège après l'affrontement frontalier. La colonie contestée aligne toutes ses fourmis locales (Défenseuses, Siège et reines commencent actives) ; les attaquants amènent le militaire frontalier dynastique plus le Siège dynastique (les Défenseuses ne quittent pas le nid). Bonus : défenseurs 1,5x attaque/défense (Défenseuses 3x) ; Siège attaquant 3x. La défense ne dépasse pas 100 %. Les attaquants gagnent en tuant la dernière reine.",,,
HELP_WAR_PHASE_REDEPLOY_DESC,Forces move to the next stage target after a battle resolves.,Las fuerzas se desplazan al siguiente objetivo tras resolver una batalla.,As forças deslocam-se para o próximo alvo após uma batalha.,Les forces se déplacent vers la prochaine cible après une bataille.,,,
HELP_WAR_STANDING_WINNING_DESC,Your side leads the war by stage progress.,Tu bando lidera la guerra por progreso de etapas.,O seu lado lidera a guerra pelo progresso das etapas.,Votre camp mène la guerre par progression d'étapes.,,,
HELP_WAR_STANDING_LOSING_DESC,The enemy leads the war by stage progress.,El enemigo lidera la guerra por progreso de etapas.,O inimigo lidera a guerra pelo progresso das etapas.,L'ennemi mène la guerre par progression d'étapes.,,,
HELP_WAR_STANDING_EVEN_DESC,Neither side has a clear stage-progress lead.,Ningún bando tiene una ventaja clara de progreso de etapas.,Nenhum lado tem vantagem clara de progresso das etapas.,Aucun camp n'a d'avantage clair en progression d'étapes.,,,
HELP_TAB_WORLD,World,Mundo,Mundo,Monde,,,
HELP_TAB_UI,UI Controls,Controles de interfaz,Controles da interface,Contrôles de l'interface,,,
HELP_UI_INTRO,"During a colony session, the control bar at the bottom-right adjusts simulation speed, pause, and opens the game menu.","Durante una partida en colonia, la barra de control inferior derecha ajusta la velocidad de simulación, la pausa y abre el menú del juego.","Durante uma sessão de colônia, a barra de controle inferior direita ajusta a velocidade da simulação, a pausa e abre o menu do jogo.","Pendant une session de colonie, la barre en bas à droite règle la vitesse de simulation, la pause et ouvre le menu du jeu.",,,
HELP_UI_BAR_TITLE,In-game control bar,Barra de control en juego,Barra de controle em jogo,Barre de contrôle en jeu,,,
HELP_UI_SPEEDS_TITLE,Speed icons,Iconos de velocidad,Ícones de velocidade,Icônes de vitesse,,,
HELP_UI_SPEED_PAUSED,Paused,Pausado,Pausado,En pause,,,
HELP_UI_SPEED_MS,%s ms per tick,%s ms por tick,%s ms por tick,%s ms par tic,,,
HELP_WELCOME_STORY,"Nearly all other ants are extinct. You are an ant queen and have within you all the genetic knowledge of every ant species. You must unlock it and take over the world as the dominant species. <br><br>Build up your colony and begin to spread while fighting other ant colonies, you will need to adapt to new environments by absorbing and researching their abilities.",Casi todas las demás hormigas se han extinguido. Eres una reina hormiga y tienes dentro de ti todo el conocimiento genético de cada especie de hormiga. Debes desbloquearlo y apoderarte del mundo como la especie dominante. <br><br>Construye tu colonia y comienza a expandirte mientras luchas contra otras colonias de hormigas; necesitarás adaptarte a nuevos entornos absorbiendo e investigando sus habilidades.,Quase todas as outras formigas se extinguiram. Você é uma rainha e carrega o conhecimento genético de cada espécie. Desbloqueie-o e domine o mundo. <br><br>Construa a colônia e expanda-se lutando contra outras colônias; adapte-se absorvendo e pesquisando habilidades.,"Presque toutes les autres fourmis ont disparu. Vous êtes une reine et portez tout le savoir génétique de chaque espèce. Débloquez-le et dominez le monde. <br><br>Développez votre colonie, combattez les autres colonies et adaptez-vous en absorbant et recherchant de nouvelles capacités.",,,
HELP_START_INFO,"<b>Basic Survival:</b><br>Your ants need <b>Fungi</b> (Mushrooms) to eat and <b>Water</b> to drink every day. Without them, your colony will starve or die of dehydration.<br>- <b>Foragers</b> gather Plants and Water.<br>- <b>Hunters</b> gather Protein (Meat).<br>- <b>Farmers</b> convert Plants and Protein into Fungi.<br>- <b>Nurses</b> care for your brood. Neglected brood will perish.<br><br><b>Watching Your Colony:</b><br>Press <b>Z</b> to toggle between the <b>Underworld</b> (inside the nest) and the <b>Overworld</b> (outside gathering).<br><br><b>Colony Management:</b><br>Open the game menu with <b>ESC</b> — colony dialogs are under <b>Colony</b> (roles, hatch rates, research, build, and more). Use <b>Hatch Rates (P)</b> to control births. <b>Researchers</b> generate Research Points (RP) in the <b>Research menu (Y)</b> as a research tree of RP upgrades. <b>Builders</b> construct facilities via the <b>Build menu (U)</b>. Press <b>X</b> for <b>Statistics</b> (economy, population/insects, rates, and <b>World History</b>). After body-part assimilations, set <b>subtypes</b> per ant type in Hatch Rates.<br><br><b>Advanced Threats:</b><br>- <b>Contamination:</b> Dead ants must be cleared by <b>Gravers</b>.<br>- <b>Parasite ants:</b> Secretly drain food. Assign <b>Police</b> to eliminate them.<br>- <b>Depletion:</b> Resource nodes dry up; assign <b>Scouts</b> to find new ones.","<b>Supervivencia Básica:</b><br>Tus hormigas necesitan <b>Hongos</b> para comer y <b>Agua</b> para beber todos los días. Sin ellos, tu colonia morirá de hambre o deshidratación.<br>- <b>Recolectoras</b> recogen Plantas y Agua.<br>- <b>Cazadoras</b> recogen Proteína (Carne).<br>- <b>Granjeras</b> convierten Plantas y Proteína en Hongos.<br>- <b>Niñeras</b> cuidan de tu prole. La prole descuidada morirá.<br><br><b>Observando tu Colonia:</b><br>Presiona <b>Z</b> para alternar tu vista entre el <b>Inframundo</b> (dentro del hormiguero) y el <b>Supramundo</b> (recolección exterior).<br><br><b>Gestión de la Colonia:</b><br>Menú de juego con <b>ESC</b> — diálogos de colonia en <b>Colonia</b>. Usa <b>Tasas de Eclosión (P)</b> para controlar los nacimientos. Las <b>Investigadoras</b> generan Puntos de Investigación (PI) para mejoras en el <b>Menú de Investigación (Y)</b> como un árbol de investigación de mejoras con PI. Pulsa <b>X</b> para <b>Estadísticas</b> (incluida la <b>Historia del Mundo</b>). Las <b>Constructoras</b> usan Minerales y Resina para construir instalaciones mediante el <b>Menú de Construcción (U)</b>.<br><br><b>Amenazas Avanzadas:</b><br>- <b>Contaminación:</b> Las hormigas muertas deben ser retiradas por <b>Sepultureras</b>.<br>- <b>Hormigas parásitas:</b> Drenan secretamente la comida. Asigna <b>Vigilantes</b> para eliminarlos.<br>- <b>Agotamiento:</b> Los nodos de recursos se secan; asigna <b>Exploradoras</b> para encontrar nuevos.","<b>Sobrevivência básica:</b><br>Suas formigas precisam de <b>cogumelos</b> para comer e <b>água</b> para beber todos os dias. Sem isso, a colônia morre de fome ou sede.<br>- <b>Coletoras</b> recolhem plantas e água.<br>- <b>Caçadoras</b> recolhem proteína (carne).<br>- <b>Agricultoras</b> convertem planta e proteína em cogumelos.<br>- <b>Babás</b> cuidam da prole. Prole negligenciada morre.<br><br><b>Observando a colônia:</b><br>Pressione <b>Z</b> para alternar entre <b>submundo</b> (formigueiro) e <b>supermundo</b> (coleta externa).<br><br><b>Gestão:</b><br>Menu <b>ESC</b> — diálogos de colônia em <b>Colônia</b>. Use <b>taxas de eclosão (P)</b> para nascimentos. <b>Pesquisadoras</b> geram PP para melhorias no <b>menu de pesquisa (Y)</b> como uma árvore de pesquisa de melhorias com PP. Pressione <b>X</b> para <b>Estatísticas</b> (incluindo a <b>História do Mundo</b>). <b>Construtoras</b> usam minerais e resina no <b>menu de construção (U)</b>.<br><br><b>Ameaças:</b><br>- <b>Contaminação:</b> mortas devem ser retiradas por <b>coveiras</b>.<br>- <b>Formigas parasitas:</b> drenam comida. Atribua <b>vigilantes</b>.<br>- <b>Esgotamento:</b> fontes secam; use <b>batedoras</b> para achar novas.","<b>Survie de base :</b><br>Vos fourmis ont besoin de <b>champignons</b> pour manger et d'<b>eau</b> chaque jour. Sans cela, famine ou déshydratation.<br>- <b>Ramasseuses</b> : plantes et eau.<br>- <b>Chasseuses</b> : protéines (viande).<br>- <b>Agricultrices</b> : plantes et protéines en champignons.<br>- <b>Nourrices</b> : couvée. Une couvée négligée meurt.<br><br><b>Vue :</b><br><b>Z</b> bascule entre <b>souterrain</b> (nid) et <b>surface</b> (collecte).<br><br><b>Gestion :</b><br>Menu <b>ESC</b> — dialogues colonie sous <b>Colonie</b>. <b>Taux d'éclosion (P)</b> pour les naissances. Les <b>chercheuses</b> génèrent des PR dans le <b>menu Recherche (Y)</b> sous forme d’arbre de recherche des améliorations à PR. Appuyez sur <b>X</b> pour les <b>Statistiques</b> (dont <b>Histoire du monde</b>). Les <b>constructrices</b> utilisent minéraux et résine (menu <b>U</b>).<br><br><b>Menaces :</b><br>- <b>Contamination :</b> les mortes doivent être enlevées par les <b>fossoyeuses</b>.<br>- <b>Fourmis parasites :</b> drainent la nourriture. Assignez la <b>police</b>.<br>- <b>Épuisement :</b> les nœuds de ressources s'épuisent ; les <b>éclaireuses</b> en trouvent de nouveaux.",,,
HELP_OVERWORLD_GATHERING,"<b>Overworld (surface) gathering:</b><br><b>Scouts</b> discover new resource nodes. After <b>Miner</b> is unlocked, they can also find <b>mineral</b> sources in mineral-rich biomes. Each map hex tracks <b>depletion</b> from non-water finds; higher depletion tends to place new nodes farther from the nest (some upgrades cap how bad this gets).<br><br><b>Distance:</b> Gathered amounts use straight-line distance from the <b>nest entrance</b>. Inside a <b>full efficiency</b> radius (larger for faster workers and certain upgrades), yields are full; beyond that, yield falls toward a small minimum.<br><br><b>Statistics (Local hex):</b> <b>Depletion</b> is the effective percentage used for spawns; <b>Sources found</b> counts nodes this colony has discovered; <b>Max efficiency distance</b> estimates the full-yield radius for a typical worker.","<b>Recolección en superficie (supramundo):</b><br>Las <b>exploradoras</b> descubren nuevos nodos de recursos. Tras desbloquear <b>Minera</b>, también pueden hallar <b>minerales</b> en biomas ricos. Cada hexágono del mapa acumula <b>agotamiento</b> por hallazgos sin agua; un agotamiento mayor suele colocar nodos nuevos más lejos del nido (algunas mejoras limitan lo fuerte que es esto).<br><br><b>Distancia:</b> Lo recogido depende de la distancia en línea recta desde la <b>entrada del nido</b>. Dentro de un radio de <b>plena eficiencia</b> (mayor con obreras más rápidas y ciertas mejoras), el rendimiento es completo; más lejos, cae hacia un mínimo pequeño.<br><br><b>Estadísticas (Hex local):</b> <b>Agotamiento</b> es el porcentaje efectivo usado para apariciones; <b>Fuentes encontradas</b> cuenta los nodos que esta colonia ha descubierto; <b>Distancia máx. a plena eficiencia</b> estima el radio de rendimiento pleno para una obrera típica.","<b>Coleta no supermundo:</b><br>As <b>batedoras</b> descobrem novos nós de recursos. Após desbloquear <b>Mineradora</b>, também podem achar <b>minerais</b> em biomas ricos. Cada hex do mapa acumula <b>esgotamento</b> por achados sem água; esgotamento maior tende a colocar nós novos mais longe do formigueiro (algumas melhorias limitam isso).<br><br><b>Distância:</b> o rendimento usa linha reta a partir da <b>entrada do ninho</b>. Dentro de um raio de <b>plena eficiência</b> (maior com operárias mais rápidas e certas melhorias), o rendimento é integral; além disso, cai até um mínimo pequeno.<br><br><b>Estatísticas (Hex local):</b> <b>Esgotamento</b> é a porcentagem efetiva usada para aparições; <b>Fontes encontradas</b> conta os nós que esta colônia descobriu; <b>Distância máx. de plena eficiência</b> estima o raio de rendimento pleno para uma operária típica.","<b>Collecte en surface :</b><br>Les <b>éclaireuses</b> découvrent de nouveaux nœuds. Après le déblocage de <b>Mineuse</b>, elles peuvent aussi trouver des <b>minéraux</b> dans les biomes riches. Chaque hex de carte cumule de l'<b>épuisement</b> hors eau ; un épuisement plus éloigne en général les nouveaux nœuds du nid (certaines améliorations plafonnent l'effet).<br><br><b>Distance :</b> le rendement utilise la distance à vol d'oiseau depuis l'<b>entrée du nid</b>. Dans un rayon de <b>pleine efficacité</b> (plus grand avec des ouvrières plus rapides et certaines améliorations), le rendement est entier ; au-delà, il descend vers un petit minimum.<br><br><b>Statistiques (Hex local) :</b> <b>Épuisement</b> est le pourcentage effectif pour les apparitions ; <b>Sources trouvées</b> compte les nœuds découverts par cette colonie ; <b>Distance max. pleine efficacité</b> estime le rayon à plein rendement pour une ouvrière type.",,,
HELP_DYNASTY_INFO,"<b>Expanding Your Dynasty:</b><br>Once you unlock <b>Breeders</b>, perform Nuptial Flights to spread via the <b>World Map (M)</b>.<br><i>Tip: Eclipses trigger spontaneous, free Nuptial Flights!</i><br><br><b>Dynasty Menu:</b> Open from the game menu (<b>ESC</b> → <b>Dynasty</b>) or press <b>A</b> Overview, <b>S</b> Trade, <b>D</b> Diplomacy, <b>F</b> Wars (press the same key again on that tab to close).<br><br><b>Logistics & Trade:</b><br>The Trade tab is always available; unlock <b>Trade Routes</b> to establish convoys. Assign transport ants and pick a convoy method:<br>- <b>Land:</b> Standard overland convoys.<br>- <b>Sea:</b> High capacity between coastal colonies.<br>- <b>Tunnel:</b> Secure and fast; requires a completed tunnel and tunnel-capable roles.<br>- <b>Air:</b> Fast but low capacity; requires <b>Sky Transports</b> (Princesses).<br>- <b>Bilateral:</b> Merges outgoing and incoming routes into one two-way convoy.<br><br><b>Loyalty & Diplomacy:</b><br>Each colony has <b>Loyalty</b> to your dynasty (tier icons in Overview). Low loyalty blocks trade. Other dynasties have <b>Reputation</b> and stance tiers that affect pacts and trade.<br><br><b>Spies &amp; Intelligence:</b> Ghost Stealth unlocks <b>Spies</b>. From Diplomacy Actions, send them against foreign dynasties (works at war) and open the Intelligence dossier. Idle spies raise Counter-Intelligence; at 100% Intelligence they can steal resources.<br><br><b>War:</b><br>Declare war from Diplomacy when both sides have active military roles assigned. Track campaigns on the <b>Wars (F)</b> tab — progress, peace offers, and battle view.<br><br><b>Milestones:</b><br>- <b>Mass Colonization:</b> Removes satellite colony limits.<br>- <b>Automation:</b> NPC colonies can manage themselves.<br><br><b>Evolution:</b><br>Unlock <b>Synergies</b> and <b>Assimilations</b> to combine and absorb traits.","<b>Expandiendo tu Dinastía:</b><br>Una vez que desbloquees a las <b>Criadoras</b>, realiza Vuelos Nupciales para expandirte a través del <b>Mapa Mundial (M)</b>.<br><i>Consejo: ¡Vigila el cielo! ¡Los eclipses activan Vuelos Nupciales espontáneos y gratuitos!</i><br><br><b>Menú de Dinastía:</b> ESC → submenú <b>Dinastía</b>, o teclas <b>A</b> Resumen, <b>S</b> Comercio, <b>D</b> Diplomacia, <b>F</b> Guerras (pulsa de nuevo para cerrar).<br><br><b>Logística y Comercio:</b><br>La pestaña Comercio está siempre disponible; desbloquea las <b>Rutas Comerciales</b> para establecer convoyes. Asigna hormigas de transporte y elige un método de convoy:<br>- <b>Tierra:</b> Convoyes terrestres estándar.<br>- <b>Mar:</b> Alta capacidad entre colonias costeras.<br>- <b>Túnel:</b> Seguro y rápido; requiere túnel completado y roles de túnel.<br>- <b>Aire:</b> Rápido pero de baja capacidad; requiere <b>Transporte Aéreo</b> (Princesas).<br>- <b>Bilateral:</b> Fusiona rutas de ida y vuelta en un convoy bidireccional.<br><br><b>Lealtad y Diplomacia:</b><br>Cada colonia tiene <b>Lealtad</b> a tu dinastía (iconos en Resumen). La baja lealtad bloquea el comercio. Otras dinastías tienen <b>Reputación</b> y postura diplomática.<br><br><b>Espías e Inteligencia:</b> Sigilo Fantasma desbloquea <b>Espías</b>. Desde Acciones de Diplomacia, envíalas contra dinastías extranjeras (funciona en guerra) y abre el dossier de Inteligencia. Las espías inactivas suben el Contraespionaje; al 100% de Inteligencia pueden robar recursos.<br><br><b>Guerra:</b><br>Declara la guerra desde Diplomacia cuando ambos bandos tengan roles militares activos. Sigue las campañas en <b>Guerras (F)</b>: progreso, ofertas de paz y vista de batalla.<br><br><b>Hitos:</b><br>- <b>Colonización Masiva:</b> Elimina los límites de colonias satélite.<br>- <b>Automatización:</b> Las colonias NPC pueden gestionarse solas.<br><br><b>Evolución:</b><br>Desbloquea <b>Sinergias</b> y <b>Asimilaciones</b> para combinar y absorber rasgos.","<b>Expandindo a dinastia:</b><br>Com <b>reprodutoras</b>, faça voos nupciais pelo <b>mapa mundial (M)</b>.<br><i>Dica: eclipses ativam voos nupciais espontâneos e gratuitos!</i><br><br><b>Menu da dinastia:</b> ESC → submenu <b>Dinastia</b>, ou teclas <b>A</b> Visão geral, <b>S</b> Comércio, <b>D</b> Diplomacia, <b>F</b> Guerras (pressione de novo para fechar).<br><br><b>Logística e comércio:</b><br>A aba Comércio está sempre disponível; desbloqueie as <b>rotas comerciais</b> para estabelecer comboios. Atribua formigas de transporte e escolha um método de comboio:<br>- <b>Terra:</b> comboios terrestres padrão.<br>- <b>Mar:</b> alta capacidade entre colônias costeiras.<br>- <b>Túnel:</b> seguro e rápido; túnel concluído e funções de túnel necessárias.<br>- <b>Ar:</b> rápido, baixa capacidade; requer <b>transporte aéreo</b> (princesas).<br>- <b>Bilateral:</b> funde rotas de ida e volta num comboio bidirecional.<br><br><b>Lealdade e diplomacia:</b><br>Cada colônia tem <b>lealdade</b> à sua dinastia (ícones em Visão geral). Baixa lealdade bloqueia comércio. Outras dinastias têm <b>reputação</b> e postura diplomática.<br><br><b>Espiões e Inteligência:</b> Furtividade Fantasma desbloqueia <b>Espiões</b>. Em Ações de Diplomacia, envie-os contra dinastias estrangeiras (funciona em guerra) e abra o dossiê de Inteligência. Espiões ociosos aumentam a Contrainteligência; em 100% de Inteligência podem roubar recursos.<br><br><b>Guerra:</b><br>Declare guerra em Diplomacia quando ambos os lados tiverem funções militares ativas. Acompanhe campanhas em <b>Guerras (F)</b>: progresso, ofertas de paz e vista de batalha.<br><br><b>Marcos:</b><br>- <b>Colonização em massa:</b> remove limite de satélites.<br>- <b>Automação:</b> colônias NPC se gerem.<br><br><b>Evolução:</b><br><b>Sinergias</b> e <b>assimilações</b> para combinar e absorver traços.","<b>Étendre la dynastie :</b><br>Avec les <b>reproductrices</b>, les essaims nuptiaux vous font progresser sur la <b>carte du monde (M)</b>.<br><i>Astuce : les éclipses déclenchent des essaims gratuits !</i><br><br><b>Menu dynastie :</b> ESC → sous-menu <b>Dynastie</b>, ou touches <b>A</b> Aperçu, <b>S</b> Commerce, <b>D</b> Diplomatie, <b>F</b> Guerres (réappuyer pour fermer).<br><br><b>Logistique et commerce :</b><br>L'onglet Commerce est toujours disponible ; débloquez les <b>routes commerciales</b> pour établir des convois. Assignez des transporteuses et choisissez une méthode de convoi :<br>- <b>Terre :</b> convois terrestres standard.<br>- <b>Mer :</b> haute capacité entre colonies côtières.<br>- <b>Tunnel :</b> sûr et rapide ; tunnel terminé et rôles de tunnel requis.<br>- <b>Air :</b> rapide, faible capacité ; <b>transport aérien</b> (princesses).<br>- <b>Bilatéral :</b> fusionne les routes aller et retour.<br><br><b>Loyauté et diplomatie :</b><br>Chaque colonie a une <b>loyauté</b> envers votre dynastie (icônes dans Aperçu). Une faible loyauté bloque le commerce. Les autres dynasties ont une <b>réputation</b> et une posture diplomatique.<br><br><b>Espions et renseignement :</b> Furtivité Fantôme débloque les <b>Espions</b>. Depuis Actions de Diplomatie, envoyez-les contre des dynasties étrangères (fonctionne en guerre) et ouvrez le dossier de Renseignement. Les espions inactifs augmentent le Contre-espionnage ; à 100 % de renseignement ils peuvent voler des ressources.<br><br><b>Guerre :</b><br>Déclarez la guerre depuis Diplomatie quand les deux camps ont des rôles militaires actifs. Suivez les campagnes dans <b>Guerres (F)</b> : progression, offres de paix et vue de bataille.<br><br><b>Étapes :</b><br>- <b>Colonisation de masse :</b> plus de limite de satellites.<br>- <b>Automatisation :</b> colonies PNJ autonomes.<br><br><b>Évolution :</b><br><b>Synergies</b> et <b>assimilations</b> pour combiner et absorber des traits.",,,
HELP_SPECIES_SCIENTIFIC,Scientific Name:,Nombre Científico:,Nome científico:,Nom scientifique :,,,
HELP_SPECIES_ASSIMILATION_FMT,Assimilation: %s,Asimilación: %s,Assimilação: %s,Assimilation : %s,,,
HELP_RESOURCE_SOURCE_SMALL,Small,Pequeño,Pequeno,Petit,,,
HELP_RESOURCE_SOURCE_MEDIUM,Medium,Mediano,Médio,Moyen,,,
HELP_RESOURCE_SOURCE_BIG,Big,Grande,Grande,Grand,,,
HELP_RESOURCE_SOURCE_HUGE,Huge,Enorme,Enorme,Énorme,,,
HOTKEY_PAUSE,Pause / Resume Game,Pausar / Reanudar Juego,Pausar / retomar jogo,Pause / Reprendre,,,
HOTKEY_SPEED,Increase / Decrease Game Speed,Aumentar / Disminuir Velocidad,Aumentar / diminuir velocidade,Accélérer / Ralentir,,,
HOTKEY_VIEW,Toggle Overworld/Underworld View,Alternar Vista Supramundo/Inframundo,Alternar supermundo/submundo,Basculer surface / souterrain,,,
HOTKEY_ESC,Game menu (Colony / Dynasty submenus) or close dialogs,Menú de juego (submenús Colonia / Dinastía) o cerrar diálogos,Menu do jogo (submenus Colônia / Dinastia) ou fechar diálogos,Menu jeu (sous-menus Colonie / Dynastie) ou fermer les dialogues,,,
HOTKEY_ROLES,"Manage Roles — Q Workers, W Soldiers, E Majors, R Princesses, T Queens (press again to close)","Gestionar roles — Q Obreras, W Soldados, E Mayores, R Princesas, T Reinas (pulsa de nuevo para cerrar)","Gerenciar funções — Q Operárias, W Soldados, E Majores, R Princesas, T Rainhas (pressione de novo para fechar)","Gérer les rôles — Q Ouvrières, W Soldates, E Majores, R Princesses, T Reines (réappuyer pour fermer)",,,
HOTKEY_P,Hatch Rates (toggles),Tasas de eclosión (alternar),Taxas de eclosão (alternar),Taux d'éclosion (basculer),,,
HOTKEY_UPGRADES,"Upgrade tabs — Y Research, U Build, I Assimilation, O Synergies (when unlocked)","Mejoras — Y Investigación, U Construcción, I Asimilación, O Sinergias (si están desbloqueadas)","Melhorias — Y Pesquisa, U Construção, I Assimilação, O Sinergias (se desbloqueadas)","Améliorations — Y Recherche, U Construction, I Assimilation, O Synergies (si débloquées)",,,
HOTKEY_ABILITIES,"Colony Operations (C, when unlocked)","Operaciones de colonia (C, si está desbloqueado)","Operações da colônia (C, se desbloqueado)","Opérations de colonie (C, si débloqué)",,,
HOTKEY_DYNASTY,"Dynasty tabs — A Overview, S Trade, D Diplomacy, F Wars (press again to close)","Pestañas de dinastía — A Resumen, S Comercio, D Diplomacia, F Guerras (pulsa de nuevo para cerrar)","Abas da dinastia — A Visão geral, S Comércio, D Diplomacia, F Guerras (pressione de novo para fechar)","Onglets dynastie — A Aperçu, S Commerce, D Diplomatie, F Guerres (réappuyer pour fermer)",,,
HOTKEY_M,"World Map (Toggles; wheel or +/− zoom, drag to pan)","Mapa Mundial (Alternar; rueda o +/− zoom, arrastrar para desplazar)","Mapa mundial (alternar; roda ou +/− zoom, arrastar para pan)","Carte du monde (basculer ; molette ou +/− zoom, glisser pour déplacer)",,,
HOTKEY_X,"Statistics — tabs include World History, economy, population (toggles)","Estadísticas — pestañas incluyen Historia del Mundo, economía, población (alternar)","Estatísticas — abas incluem História do Mundo, economia, população (alternar)","Statistiques — onglets dont Histoire du monde, économie, population (basculer)",,,
HELP_TYPE_EGG_DESC,The first stage of ant life. Requires a Nurse to survive. Will hatch into a Larva.,La primera etapa de la vida de la hormiga. Requiere una Niñera para sobrevivir. Eclosionará en una Larva.,Primeira fase da vida. Precisa de babá. Eclode em larva.,Premier stade de vie. Nécessite une nourrice. Éclora en larve.,,,
HELP_TYPE_LARVA_DESC,The second stage. Larvae must be fed by Nurses to grow. Will pupate into a Pupa.,La segunda etapa. Las larvas deben ser alimentadas por las Niñeras para crecer. Se convertirá en Pupa.,Segunda fase. Larvas precisam ser alimentadas. Viram pupa.,Deuxième stade. Les nourrices doivent nourrir les larves. Devient nymphe.,,,
HELP_TYPE_PUPA_DESC,The final juvenile stage. Does not eat. Will hatch into an adult ant based on your Hatch Rates.,La etapa juvenil final. No come. Eclosionará en una hormiga adulta según tus Tasas de Eclosión.,Fase juvenil final. Não come. Eclode em adulta conforme as taxas de eclosão.,Dernier stade juvénile. Ne mange pas. Éclore en adulte selon vos taux d'éclosion.,,,
HELP_TYPE_WORKER_DESC,"The backbone of the colony. Can be assigned to roles like Forager, Farmer, Nurse, and Builder.","La columna vertebral de la colonia. Se puede asignar a roles como Recolectora, Granjera, Niñera y Constructora.","Espinha dorsal da colônia. Funções como coletora, agricultora, babá e construtora.","Pilier de la colonie. Rôles : ramasseuse, agricultrice, nourrice, constructrice.",,,
HELP_TYPE_SOLDIER_DESC,A combat ant. Stronger than a Worker. Unlocks the Hunter role for gathering Protein.,Una hormiga de combate. Más fuerte que una Obrera. Desbloquea el rol de Cazadora para recolectar Proteína.,Combate. Mais forte que operária. Desbloqueia caçadora para proteína.,Combattante. Plus forte qu'une ouvrière. Débloque chasseuse pour la protéine.,,,
HELP_TYPE_MAJOR_DESC,"A heavy combat ant, significantly stronger and tougher than a Soldier. Unlocks the Brute and Construction Crane roles.","Una hormiga de combate pesado, significativamente más fuerte y resistente que un Soldado. Desbloquea los roles de Bruto y Grúa de Construcción.","Combate pesado, muito mais forte que soldada. Desbloqueia bruta e guindaste de construção.","Combattante lourde, bien plus forte qu'une soldate. Débloque brute et grue de chantier.",,,
HELP_TYPE_PRINCESS_DESC,A winged reproductive. Can be assigned to the Breeder role to mate with a Drone and become a new Queen.,Una reproductora alada. Se puede asignar al rol de Criadora para aparearse con un Zángano y convertirse en una nueva Reina.,Reprodutora alada. Pode acasalar com zangão e virar rainha.,Reproductrice ailée. Rôle reproducteur avec un mâle pour devenir reine.,,,
HELP_TYPE_DRONE_DESC,"A winged male reproductive. Its only purpose is to mate with a Princess, after which it dies.","Un reproductor macho alado. Su único propósito es aparearse con una Princesa, tras lo cual muere.",Macho alado. Apenas acasala com princesa e morre.,Mâle ailé. S'accouple avec une princesse puis meurt.,,,
HELP_TYPE_QUEEN_DESC,The heart of the colony. Can be assigned to Lay Eggs or Research new technologies.,El corazón de la colonia. Se puede asignar a Poner Huevos o Investigar nuevas tecnologías.,Coração da colônia. Pode por ovos ou pesquisar.,Cœur de la colonie. Pondre ou rechercher.,,,
HELP_BUG_ANT_DESC,Wild or rival ants that appear on the overworld. They can fight your ants and compete for space.,Hormigas salvajes o rivales que aparecen en el supramundo. Pueden luchar contra tus hormigas y competir por espacio.,Formigas selvagens ou rivais que aparecem na superfície. Podem lutar com as suas formigas e competir por espaço.,Fourmis sauvages ou rivales sur la surface. Elles peuvent combattre vos fourmis et rivaliser pour l'espace.,,,
HELP_BUG_APHID_DESC,Soft-bodied insects that feed on plants. Native to most biomes except dry ones. Requires the Rancher role before catchers can collect them. Ranchers tend penned aphids (up to 10 per rancher) for syrup income; aphids do not use the catcher pool. Over-capacity aphids escape the next day unless Passive Aphid is built.,"Insectos que se alimentan de plantas. Nativos de la mayoría de biomas excepto los secos. Requieren el rol Pastora antes de que las capturadoras puedan recogerlos. Las pastoras cuidan hasta 10 por pastora para jarabe; los áfidos no usan el grupo de capturadoras. Si la capacidad baja, escapan al día siguiente salvo con Granja de Áfidos Pasiva.","Insetos que se alimentam de plantas. Nativos da maioria dos biomas exceto secos. Exigem o papel Pastora antes de capturadoras os recolherem. Pastoras cuidam de até 10 cada para xarope; pulgões não usam o grupo de capturadoras. Se a capacidade cair, fogem no dia seguinte salvo com Fazenda de pulgões passiva.","Insectes qui se nourrissent de plantes. Natifs de la plupart des biomes sauf les secs. Exigent le rôle Éleveuse avant que les capturantes puissent les collecter. Les éleveuses en gardent jusqu'à 10 chacune pour le miellat ; les pucerons n'utilisent pas le pool des capturantes. En cas de baisse de capacité, ils s'échappent le lendemain sauf avec l'Élevage de pucerons passif.",,,
HELP_BUG_SYMBIOTIC_MITE_DESC,Small predatory mites used as biological control. Native to all biomes. Unlocks for catching when parasitic mites first appear. Kept in the insect pen. Each symbiotic mite eliminates up to 5 parasitic mites per day (12 with Symbiotic Mite Training).,Ácaros depredadores de control biológico. Nativos de todos los biomas. Se desbloquea la captura al aparecer los primeros ácaros parásitos. En el corral de insectos. Cada ácaro simbiótico elimina hasta 5 ácaros parásitos al día (12 con Entrenamiento de ácaros simbióticos).,Ácaros predadores de controlo biológico. Nativos de todos os biomas. A captura desbloqueia na primeira aparição de ácaros parasitas. No curral de insetos. Cada ácaro simbiótico elimina até 5 ácaros parasitas por dia (12 com Treino de ácaros simbióticos).,Acariens prédateurs de lutte biologique. Natifs de tous les biomes. La capture se débloque à la première apparition d'acariens parasitaires. Dans l'enclos à insectes. Chaque acarien symbiotique élimine jusqu'à 5 acariens parasitaires par jour (12 avec Dressage d'acariens symbiotiques).,,,
HELP_BUG_DERMESTID_DESC,"Carrion beetles that clean dead tissue. Native to most biomes except cold ones. Requires Grave Beetle Catching research before catchers can collect them. Gravers tend up to 10 each in the graveyard. With Grave Beetles research, each dermestid counts as one graver.","Escarabajos que limpian carroña. Nativos de la mayoría de biomas excepto los fríos. Requieren la investigación Captura de escarabajos de fosa. Las coveiras cuidan hasta 10 cada una. Con Escarabajos de fosa, cada uno cuenta como una coveira.","Besouros que limpam carcaças. Nativos da maioria dos biomas exceto frios. Exigem a pesquisa Captura de besouros de cova. Coveiras cuidam de até 10 cada. Com Besouros de cova, cada um conta como uma coveira.","Coléoptères qui nettoient les carcasses. Natifs de la plupart des biomes sauf les froids. Exigent la recherche Capture de coléoptères de fosse. Les fossoyeuses en gardent jusqu'à 10 chacune. Avec Coléoptères de fosse, chacun compte comme une fossoyeuse.",,,
HELP_BUG_PARASITE_ANT_DESC,"Parasite ants that hide in the nest and secretly drain your food. Native to hot biomes. Outbreaks can occur in spring and summer when the colony exceeds 1,000 ants (25% chance per month). Assign Police to find and eliminate them before they spread.",Hormigas parásitas que se esconden en el nido y drenan comida en secreto. Nativas de biomas cálidos. Brotes en primavera y verano con más de 1.000 hormigas (25% de probabilidad mensual). Asigna Vigilantes para eliminarlas.,Formigas parasitas que se escondem no formigueiro e drenam comida em segredo. Nativas de biomas quentes. Surto na primavera e verão com mais de 1.000 formigas (25% por mês). Atribua Polícias para eliminá-las.,Fourmis parasites cachées dans le nid qui drainent secrètement vos réserves. Natifs des biomes chauds. Flambées au printemps et en été au-delà de 1 000 fourmis (25% par mois). Assignez des Policiers pour les éliminer.,,,
HELP_BUG_PARASITIC_MITE_DESC,"Tiny mites that infest adult ants when the colony hoards resources. Native to cold biomes. Outbreaks can occur in autumn and winter above 10,000 stored resources (25% chance per month). Each 10 mites slow one ant to half speed. Symbiotic mites are the main counter. Police do not affect them.",Ácaros diminutos que infestan hormigas adultas cuando la colonia acumula recursos. Nativos de biomas fríos. Brotes en otoño e invierno con más de 10.000 recursos almacenados (25% mensual). Cada 10 ácaros ralentizan una hormiga a la mitad. Los ácaros simbióticos son el principal contramedio.,Ácaros minúsculos que infestam formigas adultas quando a colônia acumula recursos. Nativos de biomas frios. Surto no outono e inverno acima de 10.000 recursos armazenados (25% por mês). Cada 10 ácaros reduzem uma formiga à metade da velocidade. Ácaros simbióticos são o principal contramedida.,Minuscules acariens qui infestent les fourmis adultes quand la colonie accumule des ressources. Natifs des biomes froids. Flambées en automne et hiver au-delà de 10 000 ressources stockées (25% par mois). Tous les 10 acariens ralentissent une fourmi de moitié. Les acariens symbiotiques sont le principal contre.,,,
HELP_BIOMES_TITLE,Biomes,Biomas,Biomas,Biomes,,,
HELP_BIOME_TEMP,Temp: ,Temp.: ,Temp.: ,Temp : ,,,
HELP_BIOME_HUMID,Humid: ,Humedad: ,Umidade: ,Humidité : ,,,
HELP_WORLD_INFO_TITLE,World Info,Información del Mundo,Informações do mundo,Infos monde,,,
HELP_SEASONS,Seasons,Estaciones,Estações,Saisons,,,
HELP_WEATHER,Weather,Clima,Clima,Météo,,,
HELP_TIME_DAY,Time of Day,Momento del Día,Momento do dia,Moment du jour,,,
HELP_MOON,Moon Phases,Fases Lunares,Fases da lua,Phases lunaires,,,
HELP_TEMP,Temperatures,Temperaturas,Temperaturas,Températures,,,
HELP_HUMID,Humidity,Humedad,Umidade,Humidité,,,
HELP_SELECT_ITEM,Select an item from the list to see its description.,Selecciona un elemento de la lista para ver su descripción.,Selecione um item da lista para ver a descrição.,Sélectionnez un élément pour sa description.,,,
HELP_BUILD_BASE_COST,Base Cost,Coste Base,Custo base,Coût de base,,,
HELP_TUTORIAL_TITLE,Welcome to %s!,¡Bienvenido a %s!,Bem-vindo ao %s!,Bienvenue dans %s !,,,
HELP_TUTORIAL_TIPS,"<b>Basic Tips:</b><br><br>Your main food is <b>Fungi</b> (Mushrooms), which ants eat daily.<br><br>Assign <b>Workers</b> (Q) to <b>Forager</b> roles for Plants and Water. Without water, your ants die of thirst!<br><br>Assign <b>Farmers</b> (Q) to turn Plants into Fungi. One Farmer usually supports about six Foragers.<br><br>Assign <b>Nurses</b> (Q) for <b>Eggs, Larvae, and Pupae</b>. Without enough nurses, your brood dies!<br><br>Press <b>Z</b> to switch between the <b>Underworld</b> and <b>Overworld</b>. Press <b>X</b> for Statistics (including World History).<br><br><i>Tip: If you assign a role with no spare ants, the game pulls from your default workforce (often Foragers).</i>","<b>Consejos Básicos:</b><br><br>Tu principal alimento son los <b>Hongos</b>, que las hormigas comerán a diario.<br><br>Asigna <b>Obreras</b> (Q) a roles de <b>Recolectora</b> para recoger Plantas y Agua. ¡Sin ellas tus hormigas morirán de sed!<br><br>Asigna <b>Granjeras</b> (Q) para convertir las Plantas recogidas en Hongos. Una Granjera generalmente puede manejar a 6 Recolectoras.<br><br>Asigna <b>Niñeras</b> (Q) para cuidar de tus <b>Huevos, Larvas y Pupas</b>. ¡Sin suficientes niñeras, tus crías morirán por descuido!<br><br>Presiona <b>Z</b> para alternar el <b>Inframundo</b> y el <b>Supramundo</b>. Presiona <b>X</b> para Estadísticas (incluida la Historia del Mundo).<br><br><i>Consejo de QoL: Si asignas un nuevo rol pero no tienes hormigas sin asignar, el juego las tomará automáticamente de tu fuerza de trabajo por defecto (como las Recolectoras).</i>","<b>Dicas:</b><br><br>O principal alimento são <b>cogumelos</b>, consumidos diariamente.<br><br>Atribua <b>operárias</b> (Q) como <b>coletoras</b> para plantas e água. Sem água, suas formigas morrem de sede!<br><br>Atribua <b>agricultoras</b> (Q) para converter plantas em cogumelos. Uma agricultora costuma atender ~6 coletoras.<br><br>Atribua <b>babás</b> (Q) para <b>ovos, larvas e pupas</b>. Sem babás, as crias morrem!<br><br>Pressione <b>Z</b> para alternar submundo e supermundo. Pressione <b>X</b> para Estatísticas (incluindo a História do Mundo).<br><br><i>Se não houver formigas livres ao mudar função, o jogo pode puxar da força padrão (ex.: coletoras).</i>","<b>Conseils :</b><br><br>Aliment principal : <b>champignons</b>, consommés chaque jour.<br><br>Assignez des <b>ouvrières</b> (Q) en <b>ramasseuses</b> pour plantes et eau. Sans eau, soif !<br><br>Les <b>agricultrices</b> (Q) transforment les plantes en champignons. En général 1 agricultrice pour ~6 ramasseuses.<br><br>Les <b>nourrices</b> (Q) s'occupent des <b>œufs, larves et nymphes</b>. Sans assez de nourrices, la couvée meurt !<br><br><b>Z</b> bascule <b>souterrain</b> / <b>surface</b>. Appuyez sur <b>X</b> pour les Statistiques (dont l'Histoire du monde).<br><br><i>QoL : si vous assignez un rôle sans fourmis libres, le jeu les prend sur votre effectif par défaut (ex. ramasseuses).</i>",,,
HELP_TUTORIAL_THREATS,<b>Colony Threats:</b><br><br><b>Contamination:</b> Dead ants spread disease if bodies pile up. Assign <b>Gravers</b>.<br><br><b>Parasite ants:</b> Drain your Fungi reserves. Assign <b>Police</b>.<br><br><b>Depletion:</b> Resource nodes run out. Assign <b>Scouts</b> to find new ones.,"<b>Amenazas a la Colonia:</b><br><br><b>Contaminación:</b> Las hormigas mueren naturalmente de vejez. Si los cuerpos se acumulan, la enfermedad se propagará y matará a tu colonia. Asigna <b>Sepultureras</b> para limpiar a los muertos.<br><br><b>Hormigas parásitas:</b> Plagas invisibles absorberán tus reservas de Hongos. Asigna <b>Vigilantes</b> para detectarlos y eliminarlos.<br><br><b>Agotamiento:</b> Los nodos de recursos no duran para siempre. Si tus recolectoras se quedan sin plantas o agua, asigna <b>Exploradoras</b> para encontrar nuevos recursos cerca.",<b>Ameaças:</b><br><br><b>Contaminação:</b> formigas morrem de velhice. Corpos acumulam doença. Use <b>coveiras</b>.<br><br><b>Formigas parasitas:</b> drenam cogumelos. Use <b>vigilantes</b>.<br><br><b>Esgotamento:</b> fontes acabam. Use <b>batedoras</b> para achar novas.,<b>Menaces :</b><br><br><b>Contamination :</b> les morts naturels s'accumulent et propagent la maladie. <b>Fossoyeuses</b> pour nettoyer.<br><br><b>Fourmis parasites :</b> drainent les champignons. <b>Police</b> pour les détecter et éliminer.<br><br><b>Épuisement :</b> les ressources s'épuisent. <b>Éclaireuses</b> pour en trouver d'autres.,,,
HELP_TUTORIAL_DYNASTY,"<b>Dynasty:</b><br><br>Unlock <b>Breeder</b> Princesses to found colonies on the <b>World Map (M)</b>.<br><i>Eclipses can trigger free Nuptial Flights!</i><br><br>Dynasty tabs are available from the start: <b>A</b> Overview, <b>S</b> Trade, <b>D</b> Diplomacy, <b>F</b> Wars (ESC → Dynasty submenu). Declare war from Diplomacy; track campaigns on the Wars tab.","<b>Dinastía:</b><br><br>Desbloquea Princesas <b>Criadoras</b> para fundar colonias en el <b>Mapa Mundial (M)</b>.<br><i>¡Los eclipses pueden activar Vuelos Nupciales gratuitos!</i><br><br>Las pestañas de dinastía están disponibles desde el inicio: <b>A</b> Resumen, <b>S</b> Comercio, <b>D</b> Diplomacia, <b>F</b> Guerras (ESC → submenú Dinastía). Declara la guerra desde Diplomacia; sigue las campañas en la pestaña Guerras.","<b>Dinastia:</b><br><br>Desbloqueie princesas <b>reprodutoras</b> para fundar colônias no <b>mapa mundial (M)</b>.<br><i>Eclipses podem gerar voos nupciais gratuitos!</i><br><br>As abas da dinastia estão disponíveis desde o início: <b>A</b> Visão geral, <b>S</b> Comércio, <b>D</b> Diplomacia, <b>F</b> Guerras (ESC → submenu Dinastia). Declare guerra em Diplomacia; acompanhe campanhas na aba Guerras.","<b>Dynastie :</b><br><br>Débloquez des princesses <b>reproductrices</b> pour fonder des colonies sur la <b>carte (M)</b>.<br><i>Les éclipses peuvent déclencher des essaims gratuits !</i><br><br>Les onglets dynastie sont disponibles dès le début : <b>A</b> Aperçu, <b>S</b> Commerce, <b>D</b> Diplomatie, <b>F</b> Guerres (ESC → sous-menu Dynastie). Déclarez la guerre depuis Diplomatie ; suivez les campagnes dans l'onglet Guerres.",,,
HELP_EMPIRE_TRADE,Trade Methods,Métodos de Comercio,Métodos de Comércio,Méthodes de commerce,,,
HELP_EMPIRE_LOYALTY,Colony Loyalty Tiers,Niveles de Lealtad de Colonia,Níveis de Lealdade da Colônia,Paliers de loyauté des colonies,,,
HELP_EMPIRE_MILITARY_POWER,Military Power,Poder militar,Poder militar,Puissance militaire,,,
HELP_MILITARY_POWER_BODY,"Adult types (roles ignored): Worker×1, Soldier×5, Major×15, Princess×10, Queen×50.<br>Scaled by Skeleton + Acid. Recalculated each world day.<br>Large power gaps nudge diplomacy and loyalty toward the stronger side.","Tipos adultos (sin roles): Obrera×1, Soldado×5, Mayor×15, Princesa×10, Reina×50.<br>Escalado por Esqueleto + Ácido. Se recalcula cada día del mundo.<br>Grandes brechas de poder inclinan diplomacia y lealtad hacia el más fuerte.","Tipos adultos (papéis ignorados): Operária×1, Soldado×5, Majore×15, Princesa×10, Rainha×50.<br>Escalado por Esqueleto + Ácido. Recalculado a cada dia do mundo.<br>Grandes diferenças de poder inclinam diplomacia e lealdade para o mais forte.","Types adultes (rôles ignorés) : Ouvrière×1, Soldat×5, Majore×15, Princesse×10, Reine×50.<br>Modulé par Squelette + Acide. Recalculé chaque jour du monde.<br>Un fort écart de puissance pousse diplomatie et loyauté vers le plus fort.",,,
HELP_EMPIRE_REPUTATION,Diplomatic Reputation Stances,Posturas de Reputación Diplomática,Posturas de Reputação Diplomática,Postures de réputation diplomatique,,,
HELP_EMPIRE_MOVEMENT,Pet Insect Movement,Movimiento de Insectos Mascota,Movimento de Insetos de Estimação,Mouvement des insectes de compagnie,,,
HELP_EMPIRE_RANKS,Dynasty Ranks,Rangos de Dinastía,Postos da Dinastia,Rangs de dynastie,,,
HELP_RANK_MIN_POPULATION, (min pop. %s), (pob. mín. %s), (pop. mín. %s), (pop. min. %s),,,
HELP_RANK_UNLOCKS_TIER,unlocks,desbloquea,desbloqueia,débloque,,,
HELP_RANK_UNLOCKS_UPGRADE,unlocks,desbloquea,desbloqueia,débloque,,,
HELP_TIER_MIN_SCORE, (min %s), (mín. %s), (mín. %s), (min. %s),,,
HELP_LOYALTY_MODIFIERS_TITLE,Active modifiers,Modificadores activos,Modificadores ativos,Modificateurs actifs,,,
HELP_LOYALTY_MODIFIER_MILITARY,Military vs Capital: +/-1 to +/-10 from power ratio vs capital (weaker colonies gain loyalty; stronger satellites lose it).,Militar vs capital: +/-1 a +/-10 según la ratio de poder con la capital (colonias más débiles ganan lealtad; satélites más fuertes la pierden).,Militar vs capital: +/-1 a +/-10 pela razão de poder com a capital (colônias mais fracas ganham lealdade; satélites mais fortes perdem).,Militaire vs capitale : +/-1 à +/-10 selon le ratio de puissance avec la capitale (colonies plus faibles gagnent ; satellites plus forts perdent).,,,
HELP_LOYALTY_MODIFIER_DISTANCE,"Distance from Capital: 0 at 1 tile away, up to -10 at 10+ tiles (linear in between).","Distancia a la capital: 0 a 1 casilla, hasta -10 a 10+ casillas (lineal entre medias).","Distância da capital: 0 a 1 casa, até -10 a 10+ casas (linear entre elas).","Distance à la capitale : 0 à 1 case, jusqu'à -10 à 10+ cases (linéaire entre les deux).",,,
HELP_ROLE_ANT_TYPE,Ant type: %s,Tipo de hormiga: %s,Tipo de formiga: %s,Type de fourmi : %s,,,
HOTKEY_PAUSE_LABEL,Pause/Play:,Pausa/Jugar:,Pausa/jogar:,Pause/Jouer :,,,
HOTKEY_ESC_LABEL,Game Menu:,Menú de Juego:,Menu:,Menu jeu :,,,
HOTKEY_VIEW_LABEL,Toggle View:,Alternar Vista:,Alternar vista:,Basculer vue :,,,
HOTKEY_ROLES_LABEL,Roles (Q-T):,Roles (Q-T):,Funções (Q-T):,Rôles (Q-T) :,,,
HOTKEY_UPGRADES_LABEL,Upgrades (Y-O):,Mejoras (Y-O):,Melhorias (Y-O):,Améliorations (Y-O) :,,,
HOTKEY_P_LABEL,Hatch Rates:,Eclosión:,Eclosão:,Éclosion :,,,
HOTKEY_ABILITIES_LABEL,Colony Ops:,Operaciones:,Operações:,Opérations :,,,
HOTKEY_DYNASTY_LABEL,Dynasty (A/S/D/F):,Dinastía (A/S/D/F):,Dinastia (A/S/D/F):,Dynastie (A/S/D/F) :,,,
HOTKEY_M_LABEL,World Map:,Mapa Mundial:,Mapa mundial:,Carte :,,,
HOTKEY_X_LABEL,Stats:,Estadísticas:,Estatísticas:,Stats :,,,
HELP_SKIP_TUTORIAL,Skip Tutorial,Saltar Tutorial,Pular tutorial,Passer le tutoriel,,,
HELP_FINISH,Finish,Finalizar,Concluir,Terminer,,,
ALERT_STARVATION_RISK,Starving,Hambre,Fome,Famine,,,
ALERT_NEW_RESEARCH,Research,Investigación,Pesquisa,Recherche,,,
ALERT_CAN_BUILD_FMT,Can build: %s,Se puede construir: %s,Pode construir: %s,Peut construire : %s,,,
ALERT_BODY_PILE_FMT,Bodies: %s,Cadáveres: %s,Cadáveres: %s,Cadavres : %s,,,
ALERT_NUPTIAL_FLIGHT,Nuptial,Nupcial,Nupcial,Nuptial,,,
ALERT_BUILT_PREFIX,Built: ,Construido: ,Construído: ,Construit : ,,,
ALERT_COMPOST_RECYCLED_PREFIX,Recycled ,Reciclados ,Reciclados ,Recyclés ,,,
ALERT_COMPOST_BODIES_SUFFIX, Bodies, cadáveres, corpos, corps,,,
ALERT_DETAIL_DEATH,Ants died in one of your colonies.,Murieron hormigas en una de tus colonias.,Formigas morreram em uma das suas colônias.,Des fourmis sont mortes dans l'une de vos colonies.,,,
ALERT_DETAIL_DEAD,Corpse pile is high — disease risk rises. Assign gravers.,Hay demasiados cadáveres: sube el riesgo de enfermedad. Asigna sepultureras.,Há muitos cadáveres — o risco de doença sobe. Atribua coveiras.,Le tas de cadavres est élevé — risque de maladie. Assignez des fossoyeuses.,,,
ALERT_DETAIL_STARVE,Food use exceeds production and mushroom stores are low.,El consumo supera la producción y las reservas de hongos son bajas.,O consumo supera a produção e as reservas de cogumelos estão baixas.,La consommation dépasse la production et les stocks de champignons sont bas.,,,
ALERT_DETAIL_RESEARCH,You can afford a new research upgrade.,Puedes costear una nueva mejora de investigación.,Você pode custear uma nova pesquisa.,Vous pouvez vous offrir une nouvelle recherche.,,,
ALERT_DETAIL_BUILD,You can afford to start this building.,Puedes costear empezar este edificio.,Você pode custear começar este edifício.,Vous pouvez vous offrir de commencer ce bâtiment.,,,
ALERT_DETAIL_SUCC,A construction or project finished.,Se terminó una construcción o proyecto.,Uma construção ou projeto terminou.,Une construction ou un projet est terminé.,,,
ALERT_DETAIL_COMP,Gravers composted corpses into mushrooms.,Las sepultureras compostaron cadáveres en hongos.,As coveiras compostaram cadáveres em cogumelos.,Les fossoyeuses ont composté des cadavres en champignons.,,,
ALERT_DETAIL_NUPTIAL,A nuptial flight added new queens.,Un vuelo nupcial añadió nuevas reinas.,Um voo nupcial adicionou novas rainhas.,Un essaim nuptial a ajouté de nouvelles reines.,,,
ALERT_DETAIL_REBEL,This colony's loyalty is critically low and may rebel.,La lealtad de esta colonia es crítica y puede rebelarse.,A lealdade desta colônia está crítica e ela pode se rebelar.,La loyauté de cette colonie est critique et elle peut se rebeller.,,,
ALERT_DETAIL_WAR,A war-related event involving your dynasty.,Un evento de guerra que involucra a tu dinastía.,Um evento de guerra envolvendo sua dinastia.,Un événement de guerre concernant votre dynastie.,,,
ALERT_DETAIL_TRADE,A trade or convoy update for your dynasty.,Una actualización de comercio o convoy de tu dinastía.,Uma atualização de comércio ou comboio da sua dinastia.,Une mise à jour de commerce ou de convoi pour votre dynastie.,,,
ALERT_DETAIL_DYN,A dynasty-level event.,Un evento a nivel de dinastía.,Um evento em nível de dinastia.,Un événement au niveau de la dynastie.,,,
ALERT_DETAIL_WARN,A warning from one of your colonies.,Una advertencia de una de tus colonias.,Um aviso de uma das suas colônias.,Un avertissement d'une de vos colonies.,,,
ALERT_DETAIL_FAIL,Something failed in one of your colonies.,Algo falló en una de tus colonias.,Algo falhou em uma das suas colônias.,Quelque chose a échoué dans une de vos colonies.,,,
ALERT_DETAIL_AUTO,An automation action ran.,Se ejecutó una acción de automatización.,Uma ação de automação foi executada.,Une action d'automatisation s'est exécutée.,,,
ALERT_DETAIL_PROMO,A colony rank or capital change occurred.,Hubo un cambio de rango o capital de colonia.,Houve uma mudança de posto ou capital da colônia.,Un changement de rang ou de capitale de colonie a eu lieu.,,,
ALERT_DETAIL_INFO,Colony information.,Información de la colonia.,Informação da colônia.,Information de colonie.,,,
ASSIMILATION_DIALOG_SUCCESS_TITLE,Assimilation Success,Asimilación completada,Assimilação concluída,Assimilation réussie,,,
ASSIMILATION_DIALOG_SUCCESS_BODY,"Genetic Assimilation Complete!

%s finished.
Unlocked: %s","Asimilación genética completada

%s finalizada.
Desbloqueado: %s","Assimilação genética concluída!

%s finalizada.
Desbloqueado: %s","Assimilation génétique terminée !

%s terminée.
Débloqué : %s",,,
UI_DIALOG_LOADING_TITLE,Loading,Cargando,Carregando,Chargement,,,
SAVE_DEFAULT_NAME_FMT,Save %s,Partida %s,Salvamento %s,Sauvegarde %s,,,
STAT_NEIGHBOR_NORTH,North,Norte,Norte,Nord,,,
STAT_NEIGHBOR_NORTH_WEST,North-West,Noroeste,Noroeste,Nord-Ouest,,,
STAT_NEIGHBOR_NORTH_EAST,North-East,Noreste,Nordeste,Nord-Est,,,
STAT_NEIGHBOR_SOUTH,South,Sur,Sul,Sud,,,
STAT_NEIGHBOR_SOUTH_WEST,South-West,Suroeste,Sudoeste,Sud-Ouest,,,
STAT_NEIGHBOR_SOUTH_EAST,South-East,Sureste,Sudeste,Sud-Est,,,
STAT_TABLE_SEPARATOR,------,------,------,------,,,
STAT_HEX_COLONY_FMT, (Colony: %s), (Colonia: %s), (Colônia: %s), (Colonie : %s),,,
STAT_LABEL_ID,ID,ID,ID,ID,,,
STAT_LABEL_ERROR,Error,Error,Erro,Erreur,,,
STAT_LABEL_PROGRESS,Progress,Progreso,Progresso,Progrès,,,
STAT_GLOBAL_RESOURCE_FMT,Global %s,Global %s,Global %s,Global %s,,,
STAT_DEFEATED_UNKNOWN_FMT,ID:%s,ID:%s,ID:%s,ID:%s,,,
STAT_JOB_FARMING,Farming,Agricultura,Agricultura,Agriculture,,,
STAT_JOB_FARMERS_EFF_FMT,%s Eff. Farmers,%s granjeras ef.,%s agr. efic.,%s agricultrices eff.,,,
STAT_RATE_CONVERT_DAY,~%s convert/day,~%s conv./día,~%s conv./dia,~%s conv./jour,,,
STAT_RATE_PWR_DAY,~%s pwr/day,~%s pot./día,~%s pot./dia,~%s p./jour,,,
STAT_RATE_RES_DAY,~%s res/day,~%s rec./día,~%s rec./dia,~%s res./jour,,,
STAT_RATE_SCOUT_STATUS,Finding resources,Buscando recursos,Procurando recursos,Recherche de ressources,,,
STAT_RATE_RESEARCH_ASST_FMT,%s Res / %s Asst,%s Inv / %s Asist,%s Pesq. / %s Ass.,%s Cher. / %s Ass.,,,
STAT_RATE_PTS_DAY_FMT,+%s pts/day,+%s pts/día,+%s pts/dia,+%s pts/jour,,,
STAT_JOB_EGG_LAYING,Egg Laying,Puesta de huevos,Postura de ovos,Ponte,,,
STAT_RATE_LAYERS_FMT,%s Layers,%s ponedoras,%s posturas,%s pondeuses,,,
STAT_RATE_EGGS_DAY,+%s eggs/day,+%s huevos/día,+%s ovos/dia,+%s œufs/jour,,,
STAT_RATE_NURSES_FMT,%s Nurses,%s niñeras,%s babás,%s nourrices,,,
STAT_RATE_CAP_SHORT,%s Cap,%s cap.,%s cap.,%s cap.,,,
STAT_RATE_LOAD_FMT,%s / %s Load,%s / %s carga,%s / %s carga,%s / %s charge,,,
STAT_RATE_GRAVERS_FMT,%s Gravers,%s sepultureras,%s coveiras,%s fossoyeuses,,,
STAT_RATE_RANCHERS_FMT,%s Ranchers,%s pastoras,%s criadoras,%s éleveuses,,,
STAT_RATE_APHIDS_FMT,%s / %s Aphids,%s / %s pulgones,%s / %s pulgões,%s / %s pucerons,,,
STAT_RATE_POLICE_FMT,%s Police,%s policía,%s polícia,%s police,,,
STAT_RATE_PARASITE_ANTS_FMT,%s parasite ants,%s hormigas parásitas,%s formigas parasitas,%s fourmis parasites,,,
STAT_RATE_DET_DAY,~%s det./day,~%s det./día,~%s det./dia,~%s dét./jour,,,
STAT_NO_INSECTS,No insects tracked,Sin insectos registrados,Nenhum inseto registado,Aucun insecte suivi,,,
STAT_INSECT_CATCHERS_FMT,%s catchers,%s capturadoras,%s capturadoras,%s capturantes,,,
STAT_INSECT_SLOWED_FMT,%s slowed ants,%s hormigas ralentizadas,%s formigas lentas,%s fourmis ralenties,,,
STAT_INSECT_POOL,Catcher pool,Cupo de capturadoras,Cota das capturadoras,Réserve des capturantes,,,
STAT_INSECT_PARASITIC_CAP_FMT,%s mites per slowed ant,%s ácaros por hormiga ralentizada,%s ácaros por formiga lenta,%s acariens par fourmi ralentie,,,
STAT_INSECT_PARASITIC_KILL_FMT,"%s slowed, ~%s/day counter","%s ralentizadas, ~%s/día de contramedida","%s lentas, ~%s/dia de contramedida","%s ralenties, ~%s/jour de contre",,,
STAT_OUTBREAK_PREV_FMT,%s / %s (2× %s/mo spawn),%s / %s (2× %s/mes de aparición),%s / %s (2× %s/mês de surto),%s / %s (2× %s/mois d'apparition),,,
STAT_OUTBREAK_PREV_BLOCKED,Outbreak prevented,Brotes bloqueados,Surtos bloqueados,Flambées bloquées,,,
STAT_OUTBREAK_PREV_PROJECTED_FMT,Up to %s/mo on outbreak,Hasta %s/mes en brote,Até %s/mês em surto,Jusqu'à %s/mois en flambée,,,
TOOLTIP_OUTBREAK_PREV_POLICE,"If police count is at least twice the projected monthly parasite-ant spawn, new outbreaks are blocked entirely (25% monthly roll still applies otherwise).","Si el número de vigilantes es al menos el doble de la aparición mensual proyectada de hormigas parásitas, los nuevos brotes quedan bloqueados por completo (si no, sigue aplicándose el 25% mensual).","Se a contagem de polícias for pelo menos o dobro do surto mensal projetado de formigas parasitas, novos surtos são bloqueados por completo (caso contrário, o sorteio mensal de 25% ainda se aplica).","Si le nombre de policiers atteint au moins le double de l'apparition mensuelle projetée de fourmis parasites, les nouvelles flambées sont entièrement bloquées (sinon, le tirage mensuel à 25 % s'applique toujours).",,,
TOOLTIP_OUTBREAK_PREV_SYMBIOTIC,"If symbiotic mite count is at least twice the projected monthly parasitic-mite spawn, new outbreaks are blocked entirely (25% monthly roll still applies otherwise).","Si el número de ácaros simbióticos es al menos el doble de la aparición mensual proyectada de ácaros parásitos, los nuevos brotes quedan bloqueados por completo (si no, sigue aplicándose el 25% mensual).","Se a contagem de ácaros simbióticos for pelo menos o dobro do surto mensal projetado de ácaros parasitas, novos surtos são bloqueados por completo (caso contrário, o sorteio mensal de 25% ainda se aplica).","Si le nombre d'acariens symbiotiques atteint au moins le double de l'apparition mensuelle projetée d'acariens parasitaires, les nouvelles flambées sont entièrement bloquées (sinon, le tirage mensuel à 25 % s'applique toujours).",,,
LOG_DEATH_OLD_AGE_FMT,%s ants died of old age,%s hormigas murieron por vejez,%s formigas morreram de velhice,%s fourmis mortes de vieillesse,,,
LOG_DEATH_JUVENILES_LACK_CARE_FMT,%s juveniles died (lack of care),%s juveniles murieron (falta de cuidados),%s juvenis morreram (falta de cuidados),%s juvéniles morts (manque de soins),,,
LOG_DEATH_COUNT_CAUSE_FMT,%s ants died of %s,%s hormigas murieron por %s,%s formigas morreram por %s,%s fourmis mortes de %s,,,
LOG_CAUSE_OLD_AGE,Old Age,vejez,velhice,vieillesse,,,
LOG_CAUSE_LACK_OF_CARE,Lack of Care,falta de cuidados,falta de cuidados,manque de soins,,,
LOG_CAUSE_DEHYDRATION,Dehydration,deshidratación,desidratação,déshydratation,,,
LOG_CAUSE_STARVATION,Starvation,inanición,inanição,famine,,,
LOG_CAUSE_CONTAMINATION,Contamination,contaminación,contaminação,contamination,,,
LOG_CAUSE_CONFLICT,Conflict,conflicto,conflito,conflit,,,
LOG_CAUSE_ILLNESS,Illness,enfermedad,doença,maladie,,,
LOG_CAUSE_OTHER,Other,otro,outro,autre,,,
LOG_CONTAMINATION_LEVEL_FMT,Contamination level: %s,Nivel de contaminación: %s,Nível de contaminação: %s,Niveau de contamination : %s,,,
LOG_CONTAM_LEVEL_SMALL,Small,Bajo,Baixo,Faible,,,
LOG_CONTAM_LEVEL_MEDIUM,Medium,Medio,Médio,Moyen,,,
LOG_CONTAM_LEVEL_MASSIVE,Massive,Masivo,Massivo,Massif,,,
LOG_PARASITE_ANT_SPREAD_FMT,A parasite ant infestation has spread! %s new parasite ants detected.,¡Se ha extendido una infestación de hormigas parásitas! %s nuevas detectadas.,Uma infestação de formigas parasitas se espalhou! %s novas formigas parasitas detectadas.,Une infestation de fourmis parasites s'est propagée ! %s nouvelles fourmis parasites détectées.,,,
LOG_PARASITIC_MITE_SPREAD_FMT,Parasitic mites have spread! %s new mites detected on the colony.,¡Los ácaros parásitos se han propagado! %s ácaros nuevos detectados en la colonia.,Ácaros parasitas se espalharam! %s novos ácaros detectados na colônia.,Les acariens parasitaires se sont propagés ! %s nouveaux acariens détectés dans la colonie.,,,
LOG_DYNASTY_ABSORBED_FMT,Absorbed the remnants of %s!,¡Se absorbieron los restos de %s!,Restos de %s absorvidos!,Vestiges de %s absorbés !,,,
LOG_INTEGRATION_STARTED_FMT,Began integrating %s.,Comenzó la integración de %s.,Começou a integração de %s.,Intégration de %s commencée.,,,
LOG_INTEGRATION_COMPLETED_FMT,Integrated %s into the dynasty.,Se integró %s en la dinastía.,%s foi integrada na dinastia.,%s a été intégrée à la dynastie.,,,
LOG_INTEGRATION_CANCELLED_FMT,Integration of %s ended — requirements were no longer met.,La integración de %s terminó: ya no se cumplen los requisitos.,A integração de %s terminou — os requisitos deixaram de ser cumpridos.,Intégration de %s interrompue — conditions non remplies.,,,
LOG_INTEGRATION_CANCELLED_PLAYER_FMT,Cancelled integration of %s.,Se canceló la integración de %s.,Integração de %s cancelada.,Intégration de %s annulée.,,,
LOG_FAILURE_SATELLITE,A satellite colony failed to mature due to genetic stagnation.,Una colonia satélite no maduró por estancamiento genético.,Uma colônia satélite não amadureceu por estagnação genética.,Une colonie satellite n'a pas mûri : stagnation génétique.,,,
LOG_SATELLITE_AT_FMT,"Established new satellite colony at (%s, %s)","Nueva colonia satélite en (%s, %s)","Nova colônia satélite em (%s, %s)","Nouvelle colonie satellite en (%s, %s)",,,
LOG_SATELLITES_ESTABLISHED_FMT,%s satellites established.,%s satélites establecidos.,%s satélites estabelecidos.,%s satellites établis.,,,
LOG_SPREADING_FAILED,Spreading failed: no suitable adjacent lands found.,Expansión fallida: no hay tierras adyacentes adecuadas.,Expansão falhou: não há terras adjacentes adequadas.,Expansion impossible : aucune terre adjacente adaptée.,,,
LOG_PARASITE_ANTS_ELIMINATED_FMT,Eliminated %s parasite ants.,Eliminadas %s hormigas parásitas.,Eliminadas %s formigas parasitas.,%s fourmis parasites éliminées.,,,
LOG_CAUGHT_BUGS_SUMMARY_FMT,Catchers brought in %s insect(s) from the wild.,Las capturadoras trajeron %s insecto(s) del exterior.,Capturadoras trouxeram %s inseto(s) do exterior.,Les capturantes ont rapporté %s insecte(s) de la surface.,,,
LOG_CAUGHT_BUG_BRED_FMT,%s %s bred in captivity.,%s %s se reprodujeron en cautiverio.,%s %s reproduziram-se em cativeiro.,%s %s se sont reproduits en captivité.,,,
LOG_PET_BUGS_ESCAPED_FMT,%s pet insect(s) escaped after capacity fell.,%s insecto(s) mascota escaparon tras caer la capacidad.,%s inseto(s) de estimação fugiram após a capacidade cair.,%s insecte(s) de compagnie se sont échappés après une baisse de capacité.,,,
LOG_SYMBIOTIC_MITES_PREDATION_FMT,Symbiotic mites eliminated %s parasitic mite(s).,Los ácaros simbióticos eliminaron %s ácaro(s) parásito(s).,Ácaros simbióticos eliminaram %s ácaro(s) parasita(s).,Les acariens symbiotiques ont éliminé %s acarien(s) parasitaire(s).,,,
LOG_NUPTIAL_QUEENS_FMT,Nuptial flight occurred. %s new queens joined.,Vuelo nupcial. Se unieron %s reinas nuevas.,Voo nupcial. %s novas rainhas se juntaram.,Essaim nuptial : %s nouvelles reines ont rejoint.,,,
LOG_SUCCESS_ASSIMILATION_FMT,%s completed! Reward: %s,¡%s completada! Recompensa: %s,%s concluída! Recompensa: %s,%s terminée ! Récompense : %s,,,
LOG_SUCCESS_TUNNEL,Tunnel connection completed!,¡Conexión de túnel completada!,Conexão de túnel concluída!,Connexion de tunnel terminée !,,,
LOG_FOUND_NEW_SOURCE_FMT,Found new %s source.,Nueva fuente de %s encontrada.,Nova fonte de %s encontrada.,Nouvelle source de %s trouvée.,,,
LOG_FOUND_SOURCE_FULL_FMT,Found %s but capacity is full.,Se encontró %s pero la capacidad está llena.,"%s encontrado, mas capacidade cheia.",%s trouvé mais capacité pleine.,,,
LOG_SOURCE_EXHAUSTED_FMT,A %s source has been exhausted.,Una fuente de %s se ha agotado.,Uma fonte de %s esgotou-se.,Une source de %s est épuisée.,,,
LOG_FORCE_FLIGHT_BLOCKED,Cannot force flight. Missing drones or breeder princesses.,No se puede forzar el vuelo. Faltan zánganos o princesas criadoras.,Não é possível forçar o voo. Faltam zangões ou princesas reprodutoras.,Impossible de forcer l'essaim : pas de mâles ou de princesses reproductrices.,,,
LOG_PHEROMONE_STORM_STARTED_FMT,Pheromone Storm activated: +%s loyalty for %s months.,Tormenta de Feromonas activada: +%s lealtad durante %s meses.,Tempestade de Feromônios ativada: +%s lealdade por %s meses.,Tempête de Phéromones activée : +%s loyauté pendant %s mois.,,,
LOG_PHEROMONE_STORM_ENDED,Pheromone Storm effect has ended.,El efecto de Tormenta de Feromonas ha terminado.,O efeito Tempestade de Feromônios terminou.,L'effet Tempête de Phéromones est terminé.,,,
LOG_CREATINE_DIET_STARTED_FMT,Creatine Diet activated: doubled speed for %s months.,Dieta de Creatina activada: velocidad duplicada durante %s meses.,Dieta de Creatina ativada: velocidade dobrada por %s meses.,Régime Créatine activé : vitesse doublée pendant %s mois.,,,
LOG_CREATINE_DIET_ENDED,Creatine Diet effect has ended.,El efecto de Dieta de Creatina ha terminado.,O efeito Dieta de Creatina terminou.,L'effet Régime Créatine est terminé.,,,
LOG_WARNING_NO_QUEEN_FMT,Colony has no queen! Days without queen: %s/7,¡La colonia no tiene reina! Días sin reina: %s/7,A colônia não tem rainha! Dias sem rainha: %s/7,La colonie n'a pas de reine ! Jours sans reine : %s/7,,,
LOG_MATURATION_COMPLETE,Colony maturation complete: workforce deployed.,Maduración de la colonia completa: fuerza laboral desplegada.,Amadurecimento da colônia concluído: força de trabalho implantada.,Maturation de la colonie terminée : effectif déployé.,,,
LOG_TRADE_CANCELLED_FMT,Cancelled. Not enough available %s.,Cancelado. No hay suficiente %s disponible.,Cancelado. Não há %s suficiente disponível.,Annulé. Pas assez de %s disponible.,,,
LOG_TRADE_ARRIVED_FMT,Trade arrived at %s successfully.,Comercio llegó a %s correctamente.,Comércio chegou a %s com sucesso.,Commerce arrivé à %s avec succès.,,,
LOG_TRADE_OVERFLOW_RETURN_FMT,Trade arrived at %s; excess cargo returned home (discarded if origin is full).,Comercio llegó a %s; el exceso volvió al origen (se descarta si no hay capacidad).,Comércio chegou a %s; excesso devolvido à origem (descartado se estiver cheia).,Commerce arrivé à %s ; surplus renvoyé à l'origine (jeté si pleine).,,,
LOG_TRADE_CONVOY_RETURN_FMT,Convoy from %s picked up return cargo.,El convoy de %s recogió carga de vuelta.,Comboio de %s recolheu carga de retorno.,Convoi de %s : cargaison de retour récupérée.,,,
LOG_TRADE_BILATERAL_RETURN_FMT,Bilateral convoy returned with %s resource types.,El convoy bilateral volvió con %s tipos de recursos.,Comboio bilateral voltou com %s tipos de recursos.,Convoi bilateral revenu avec %s types de ressources.,,,
LOG_TRADE_ROUTE_CANCELLED_FMT,Route to %s cancelled. Resources refunded.,Ruta a %s cancelada. Recursos reembolsados.,Rota para %s cancelada. Recursos reembolsados.,Route vers %s annulée. Ressources remboursées.,,,
LOG_TRADE_ESCORT_LOSS_FMT,Convoy to %s cancelled: not enough escorts after casualties.,Convoy a %s cancelado: no hay suficientes escoltas tras bajas.,Comboio para %s cancelado: escoltas insuficientes após baixas.,Convoi vers %s annulé : escortes insuffisantes après des pertes.,,,
LOG_DIPLOMAT_MISSION_COLLAPSED_COLONY_FMT,Colony diplomatic mission to %s ended: not enough diplomats after casualties.,Misión diplomática a la colonia %s terminada: no hay suficientes diplomáticas tras bajas.,Missão diplomática para a colônia %s encerrada: diplomatas insuficientes após baixas.,Mission diplomatique vers la colonie %s terminée : diplomates insuffisants après des pertes.,,,
LOG_DIPLOMAT_MISSION_COLLAPSED_DYNASTY_FMT,Dynasty diplomatic mission to %s ended: not enough diplomats after casualties.,Misión diplomática a la dinastía %s terminada: no hay suficientes diplomáticas tras bajas.,Missão diplomática para a dinastia %s encerrada: diplomatas insuficientes após baixas.,Mission diplomatique vers la dynastie %s terminée : diplomates insuffisants après des pertes.,,,
LOG_GENETIC_EXCHANGE_FMT,"Sent 25 drones to %s for a genetic exchange (+10 reputation, +10%% integrity for 6 months).","Se enviaron 25 zánganos a %s por un intercambio genético (+10 reputación, +10%% integridad durante 6 meses).","Enviados 25 zangões a %s por um intercâmbio genético (+10 reputação, +10%% integridade por 6 meses).","25 mâles envoyés à %s pour un échange génétique (+10 réputation, +10%% d'intégrité pendant 6 mois).",,,
LOG_AI_GENETIC_EXCHANGE_FMT,AI sent 25 drones to %s for a genetic exchange.,La IA envió 25 zánganos a %s por un intercambio genético.,A IA enviou 25 zangões a %s por um intercâmbio genético.,L'IA a envoyé 25 mâles à %s pour un échange génétique.,,,
LOG_AUTOMATION_BUILD_FMT,Started construction of %s,Iniciada construcción de %s,Construção iniciada: %s,Construction démarrée : %s,,,
LOG_AUTOMATION_TUNNEL_FMT,Started tunnel toward %s,Túnel iniciado hacia %s,Túnel iniciado em direção a %s,Tunnel démarré vers %s,,,
LOG_AUTOMATION_TRADE_FMT,Opened trade route to %s,Ruta comercial abierta hacia %s,Rota comercial aberta para %s,Route commerciale ouverte vers %s,,,
LOG_AI_DIPLOMAT_COLONY_FMT,AI sent %s diplomats to stabilize %s (+%s loyalty),IA envió %s diplomáticos para estabilizar %s (+%s lealtad),IA enviou %s diplomatas para estabilizar %s (+%s lealdade),IA a envoyé %s diplomates pour stabiliser %s (+%s loyauté),,,
LOG_AI_DIPLOMAT_DYNASTY_FMT,AI sent %s diplomats to improve relations with %s (+%s reputation),IA envió %s diplomáticos para mejorar relaciones con %s (+%s reputación),IA enviou %s diplomatas para melhorar relações com %s (+%s reputação),IA a envoyé %s diplomates pour améliorer les relations avec %s (+%s réputation),,,
LOG_AI_SPY_DYNASTY_FMT,AI sent %s spies against %s,IA envió %s espías contra %s,IA enviou %s espiões contra %s,IA a envoyé %s espions contre %s,,,
LOG_AUTO_DIPLOMAT_COLONY_FMT,Automation sent %s diplomats to stabilize %s (+%s loyalty),Automatización envió %s diplomáticos para estabilizar %s (+%s lealtad),Automação enviou %s diplomatas para estabilizar %s (+%s lealdade),Automatisation a envoyé %s diplomates pour stabiliser %s (+%s loyauté),,,
LOG_AI_PACT_FMT,AI formed a non-aggression pact with %s,IA formó un pacto de no agresión con %s,IA formou um pacto de não agressão com %s,IA a formé un pacte de non-agression avec %s,,,
LOG_AI_DECLARE_WAR_FMT,AI declared war on %s,IA declaró la guerra contra %s,IA declarou guerra contra %s,IA a déclaré la guerre à %s,,,
LOG_LAST_COLONY_FALLEN,The last colony has fallen. This is now a dead remnant.,La última colonia ha caído. Esto es ahora un remanente muerto.,A última colônia caiu. Isto é agora um remanescente morto.,La dernière colonie est tombée. Ce n'est plus qu'un vestige mort.,,,
LOG_PROMOTION_CAPITAL_FMT,The old capital has fallen. This colony is now the capital of %s!,¡La antigua capital ha caído. Esta colonia es ahora la capital de %s!,A antiga capital caiu. Esta colônia é agora a capital de %s!,L'ancienne capitale est tombée. Cette colonie est la capitale de %s !,,,
LOG_DYNASTY_RESEARCHED_FMT,Researched %s,Investigado %s,Pesquisado: %s,Recherché : %s,,,
LOG_COMPOST_RECYCLED_FMT,Recycled %s bodies into mushroom matter.,Reciclados %s cadáveres en materia de hongos.,Reciclados %s corpos em matéria de cogumelos.,%s corps recyclés en matière fongique.,,,
DYNASTY_SORT_POP_HIGH,Population (highest first),Población (mayor primero),População (maior primeiro),Population (plus élevée d'abord),,,
DYNASTY_SORT_POP_LOW,Population (lowest first),Población (menor primero),População (menor primeiro),Population (plus faible d'abord),,,
DYNASTY_SORT_AGE_OLD,Age (oldest first),Edad (más antigua primero),Idade (mais antiga primeiro),Âge (plus ancienne d'abord),,,
DYNASTY_SORT_AGE_NEW,Age (newest first),Edad (más nueva primero),Idade (mais nova primeiro),Âge (plus récente d'abord),,,
DYNASTY_SORT_LOYALTY_HIGH,Loyalty (highest first),Lealtad (mayor primero),Lealdade (maior primeiro),Loyauté (plus élevée d'abord),,,
DYNASTY_SORT_LOYALTY_LOW,Loyalty (lowest first),Lealtad (menor primero),Lealdade (menor primeiro),Loyauté (plus faible d'abord),,,
DYNASTY_SORT_MILITARY_HIGH,Military Power (highest first),Poder militar (mayor primero),Poder militar (maior primeiro),Puissance militaire (plus élevée d'abord),,,
DYNASTY_SORT_MILITARY_LOW,Military Power (lowest first),Poder militar (menor primero),Poder militar (menor primeiro),Puissance militaire (plus faible d'abord),,,
DYNASTY_SORT_REPUTATION_HIGH,Reputation (highest first),Reputación (mayor primero),Reputação (maior primeiro),Réputation (plus élevée d'abord),,,
DYNASTY_SORT_DISTANCE_NEAR,Distance (closest first),Distancia (más cercana primero),Distância (mais próxima primeiro),Distance (plus proche d'abord),,,
DYNASTY_SORT_DISTANCE_FAR,Distance (furthest first),Distancia (más lejana primero),Distância (mais longe primeiro),Distance (plus éloignée d'abord),,,
DYNASTY_SEARCH,Search:,Buscar:,Pesquisar:,Rechercher :,,,
DYNASTY_SEARCH_TOOLTIP,Filter by dynasty or colony name,Filtrar por nombre de dinastía o colonia,Filtrar por nome de dinastia ou colónia,Filtrer par nom de dynastie ou de colonie,,,
COLONY_SEARCH_TOOLTIP,Filter by colony name,Filtrar por nombre de colonia,Filtrar por nome de colónia,Filtrer par nom de colonie,,,
SETTINGS_DEFAULT_ROLE_WORKER,Default Worker Role:,Rol de obrera por defecto:,Função padrão de operária:,Rôle ouvrière par défaut :,,,
SETTINGS_DEFAULT_ROLE_SOLDIER,Default Soldier Role:,Rol de soldado por defecto:,Função padrão de soldada:,Rôle soldate par défaut :,,,
SETTINGS_DEFAULT_ROLE_MAJOR,Default Major Role:,Rol de major por defecto:,Função padrão de major:,Rôle majore par défaut :,,,
SETTINGS_DEFAULT_ROLE_PRINCESS,Default Princess Role:,Rol de princesa por defecto:,Função padrão de princesa:,Rôle princesse par défaut :,,,
SETTINGS_DEFAULT_ROLE_QUEEN,Default Queen Role:,Rol de reina por defecto:,Função padrão de rainha:,Rôle reine par défaut :,,,
TRIGGER_CLONING_TITLE,Cloning Vats,Cámaras de clonación,Câmaras de clonagem,Cuves de clonage,,,
TRIGGER_CLONING_MSG,"Your colony has reached the Empire rank! Cloning unlocked: assimilations now raise your genetic integrity floor, and assimilated species drones appear among yours.",¡Tu colonia ha alcanzado el rango Imperio! Clonación desbloqueada: las asimilaciones suben el suelo de integridad genética y aparecen zánganos de especies asimiladas.,A tua colónia atingiu o posto Império! Clonagem desbloqueada: assimilações sobem o piso de integridade genética e aparecem zangões de espécies assimiladas.,"Votre colonie a atteint le rang Empire ! Clonage débloqué : les assimilations relèvent le plancher d'intégrité génétique, et les mâles des espèces assimilées apparaissent.",,,
TRIGGER_RANK_COUNTY_TITLE,Ant County,Condado,Condado,Comté,,,
TRIGGER_RANK_COUNTY_MSG,Your dynasty has grown into an Ant County! New research and construction tiers are within reach as your population expands.,¡Tu dinastía se ha convertido en un Condado! Nuevos niveles de investigación y construcción están a tu alcance a medida que crece la población.,A tua dinastia tornou-se um Condado! Novos níveis de investigação e construção ficam ao alcance à medida que a população cresce.,Votre dynastie est devenue un Comté ! De nouveaux paliers de recherche et de construction s'ouvrent à mesure que la population croît.,,,
TRIGGER_RANK_DUCHY_TITLE,Ant Duchy,Ducado,Ducado,Duché,,,
TRIGGER_RANK_DUCHY_MSG,"Your dynasty is now an Ant Duchy. Higher-tier upgrades and buildings become available — and the colony is large enough that parasite ants may infiltrate, unlocking the Police role.","Tu dinastía es ahora un Ducado. Se desbloquean mejoras y edificios de mayor nivel — y la colonia es lo bastante grande como para que se infiltren hormigas parásitas, desbloqueando el rol de Policía.","A tua dinastia é agora um Ducado. Desbloqueiam-se melhorias e edifícios de nível superior — e a colónia é grande o suficiente para formigas parasitas se infiltrarem, desbloqueando o papel de Polícia.","Votre dynastie est désormais un Duché. Des améliorations et bâtiments de niveau supérieur deviennent disponibles — et la colonie est assez grande pour que des fourmis parasites s'infiltrent, débloquant le rôle Police.",,,
TRIGGER_RANK_KINGDOM_TITLE,Ant Queendom,Reino,Reino,Royaume,,,
TRIGGER_RANK_KINGDOM_MSG,A Queendom rises! Your dynasty commands a kingdom-scale swarm — princesses unlock the Air Support role for close air cover flybys.,¡Surge un Reino! Tu dinastía comanda un enjambre a escala de reino — las princesas desbloquean el rol Apoyo aéreo para pasadas de cobertura cercana.,Um Reino ergue-se! A tua dinastia comanda um enxame à escala de um reino — as princesas desbloqueiam a função Apoio aéreo para passagens de cobertura próxima.,Un Royaume s'élève ! Votre dynastie commande un essaim à l'échelle d'un royaume — les princesses débloquent le rôle Appui aérien pour des passages de couverture rapprochée.,,,
TRIGGER_RANK_SUPER_TITLE,Ant Super Colony,Supercolonia,Supercolônia,Super-colonie,,,
TRIGGER_RANK_SUPER_MSG,Your dynasty has become a Super Colony — a vast living network. New tiers of technology open to a swarm of this scale.,Tu dinastía se ha convertido en una Supercolonia: una vasta red viviente. Se abren nuevos niveles de tecnología a esta escala.,A tua dinastia tornou-se uma Supercolônia — uma vasta rede viva. Novos níveis de tecnologia abrem-se nesta escala.,Votre dynastie est devenue une Super-colonie — un vaste réseau vivant. De nouveaux paliers technologiques s'ouvrent à cette échelle.,,,
TRIGGER_RANK_ULTRA_TITLE,Ant Ultra Colony,Ultracolonia,Ultracolônia,Ultra-colonie,,,
TRIGGER_RANK_ULTRA_MSG,"Ultra Colony achieved! Your numbers reshape the land, and ultra-tier research and construction become available.",¡Ultracolonia alcanzada! Tus números remodelan la tierra y se desbloquean avances de nivel ultra.,Ultracolônia alcançada! Os teus números remodelam a terra e avanços de nível ultra ficam disponíveis.,Ultra-colonie atteinte ! Vos effectifs remodelent le paysage et les avancées de palier ultra deviennent disponibles.,,,
TRIGGER_RANK_HYPER_TITLE,Ant Hyper Colony,Hipercolonia,Hipercolônia,Hyper-colonie,,,
TRIGGER_RANK_HYPER_MSG,Hyper Colony status! The swarm's density unlocks hyper-tier upgrades and buildings.,¡Estatus de Hipercolonia! La densidad del enjambre desbloquea mejoras y edificios de nivel hiper.,Estatuto de Hipercolônia! A densidade do enxame desbloqueia melhorias e edifícios de nível hiper.,Statut d'Hyper-colonie ! La densité de l'essaim débloque les améliorations et bâtiments de palier hyper.,,,
TRIGGER_RANK_MEGA_TITLE,Ant Mega Colony,Megacolonia,Megacolônia,Méga-colonie,,,
TRIGGER_RANK_MEGA_MSG,"Mega Colony! Your dynasty's mass is legendary, opening mega-tier advancements.",¡Megacolonia! La masa de tu dinastía es legendaria y abre avances de nivel mega.,Megacolônia! A massa da tua dinastia é lendária e abre avanços de nível mega.,Méga-colonie ! La masse de votre dynastie est légendaire et ouvre les avancées de palier méga.,,,
TRIGGER_RANK_ULTIMATE_TITLE,Ant Ultimate Colony,Colonia Definitiva,Colônia definitiva,Colonie ultime,,,
TRIGGER_RANK_ULTIMATE_MSG,Ultimate Colony! Few swarms ever reach this height — ultimate-tier options are now unlocked.,¡Colonia Definitiva! Pocos enjambres llegan tan alto: las opciones de nivel definitivo ya están desbloqueadas.,Colônia definitiva! Poucos enxames chegam tão alto — as opções de nível definitivo estão desbloqueadas.,Colonie ultime ! Peu d'essaims atteignent cette hauteur — les options de palier ultime sont débloquées.,,,
TRIGGER_RANK_SUPREME_TITLE,Ant Supreme Colony,Colonia Suprema,Colônia suprema,Colonie suprême,,,
TRIGGER_RANK_SUPREME_MSG,"Supreme Colony! Your dynasty stands among the greatest, with supreme-tier technology available.","¡Colonia Suprema! Tu dinastía se alza entre las mayores, con tecnología de nivel supremo disponible.","Colônia suprema! A tua dinastia conta-se entre as maiores, com tecnologia de nível supremo disponível.","Colonie suprême ! Votre dynastie figure parmi les plus grandes, avec la technologie de palier suprême disponible.",,,
TRIGGER_RANK_GIGA_TITLE,Ant Giga Colony,Giga Colonia,Gigacolônia,Giga-colonie,,,
TRIGGER_RANK_GIGA_MSG,Giga Colony — the apex rank! The final tiers of upgrades and buildings are now within your grasp.,"¡Giga Colonia, el rango máximo! Los últimos niveles de mejoras y edificios están a tu alcance.",Gigacolônia — o posto máximo! Os últimos níveis de melhorias e edifícios estão ao teu alcance.,Giga-colonie — le rang ultime ! Les derniers paliers d'améliorations et de bâtiments sont à votre portée.,,,
TRIGGER_RESEARCHER_ROLE_TITLE,New Ideas,Nuevas ideas,Novas ideias,Nouvelles idées,,,
TRIGGER_RESEARCHER_ROLE_MSG,"A month has passed. Your Queen has grown wise and can now dedicate time to Research, unlocking the Researcher role!","Ha pasado un mes. Tu reina ha madurado y ahora puede dedicar tiempo a la Investigación, desbloqueando el rol de Investigadora.","Passou um mês. A tua rainha amadureceu e agora pode dedicar tempo à Investigação, desbloqueando a função de Investigadora.","Un mois s'est écoulé. Votre reine a mûri et peut désormais consacrer du temps à la Recherche, débloquant le rôle Chercheuse.",,,
TRIGGER_GRAVER_ROLE_TITLE,A Smelly Problem,Un problema hediondo,Um problema fedorento,Un problème odorant,,,
TRIGGER_GRAVER_ROLE_MSG,The bodies are piling up! Your workers have developed the Grave-Keeper role to clean the colony and prevent disease.,¡Los cadáveres se acumulan! Tus obreras han desarrollado el rol de Enterrador para limpiar la colonia y prevenir enfermedades.,Os cadáveres estão a acumular-se! As tuas operárias desenvolveram a função de Coveira para limpar a colónia e prevenir doenças.,Les cadavres s'accumulent ! Vos ouvrières ont développé le rôle Fossoyeur pour nettoyer la colonie et prévenir les maladies.,,,
TRIGGER_RESEARCH_ABILITY_TITLE,Scientific Breakthrough,Avance científico,Avanço científico,Percée scientifique,,,
TRIGGER_RESEARCH_ABILITY_MSG,Your colony has accumulated 100 Research Points! You can now access the Research panel (Y) from the game menu to purchase new upgrades.,¡Tu colonia ha acumulado 100 puntos de investigación! Ahora puedes acceder al panel de Investigación (Y) desde el menú del juego.,A tua colónia acumulou 100 pontos de investigação! Agora podes aceder ao painel de Investigação (Y) no menu do jogo.,Votre colonie a accumulé 100 points de recherche ! Vous pouvez maintenant accéder au panneau Recherche (Y) depuis le menu du jeu.,,,
TRIGGER_BUILD_ABILITY_TITLE,Construction Unlocked,Construcción desbloqueada,Construção desbloqueada,Construction débloquée,,,
TRIGGER_BUILD_ABILITY_MSG,Your ants have learned the basics of construction! You can now access the Build panel (U) from the game menu.,¡Tus hormigas han aprendido lo básico de la construcción! Ahora puedes acceder al panel de Construcción (U) desde el menú del juego.,As tuas formigas aprenderam o básico da construção! Agora podes aceder ao painel de Construção (U) no menu do jogo.,Vos fourmis ont appris les bases de la construction ! Vous pouvez maintenant accéder au panneau Construction (U) depuis le menu du jeu.,,,
TRIGGER_HUNTER_ROLE_TITLE,Hunter Instinct,Instinto de cazador,Instinto de caçador,Instinct de chasseur,,,
TRIGGER_HUNTER_ROLE_MSG,"Unlocking the Soldier ant type has automatically unlocked the Hunter, Warrior, and Militia roles.","Al desbloquear el tipo de hormiga Soldado, se han desbloqueado automáticamente los roles Cazador, Guerrera y Milicia.","Ao desbloquear o tipo Soldada, as funções Caçador, Guerreira e Milícia foram desbloqueadas automaticamente.","Le déblocage du type Soldat a automatiquement débloqué les rôles Chasseur, Guerrière et Milice.",,,
TRIGGER_BREEDER_ROLE_TITLE,Nuptial Flights,Vuelos nupciales,Voos nupciais,Vols nuptiaux,,,
TRIGGER_BREEDER_ROLE_MSG,Unlocking Princess and Drone types unlocks the Breeder role and Colony Colonization — found new nests from the World Map (M).,Al desbloquear Princesa y Dron se desbloquean el rol Criador y la Colonización: funda nuevos nidos desde el mapa mundial (M).,Ao desbloquear Princesa e Drone desbloqueiam-se a função Criador e a Colonização — funda novos ninhos no mapa mundial (M).,Débloquer Princesse et Drone débloque le rôle Éleveur et la Colonisation — fondez de nouveaux nids depuis la carte (M).,,,
TRIGGER_BRUTE_ROLE_TITLE,Heavy Trooper,Soldado pesado,Soldado pesado,Soldat lourd,,,
TRIGGER_BRUTE_ROLE_MSG,Unlocking the Major ant type has automatically unlocked the 'Brute' and 'Construction Crane' roles for them.,"Al desbloquear el tipo Mayor, se han desbloqueado automáticamente los roles de 'Bruto' y 'Grúa de Construcción'.","Ao desbloquear o tipo Majore, as funções 'Bruto' e 'Guindaste de construção' foram desbloqueadas automaticamente.",Le déblocage du type Majore a automatiquement débloqué les rôles « Brute » et « Grue de chantier ».,,,
TRIGGER_COMMANDER_ROLE_TITLE,Field Command,Mando de campo,Comando de campo,Commandement de campagne,,,
TRIGGER_COMMANDER_ROLE_MSG,"With multiple queens and hard-won war experience, a Queen can take the Commander role — raising combat capacity and unlocking Artillery Leader. Princesses also unlock the Captain role with Infantry Leader.","Con varias reinas y experiencia de guerra, una Reina puede asumir el rol de Comandante — aumentando la capacidad de combate y desbloqueando Líder de artillería. Las princesas también desbloquean el rol Capitana como Líder de infantería.","Com várias rainhas e experiência de guerra, uma Rainha pode assumir a função de Comandante — aumentando a capacidade de combate e desbloqueando Líder de artilharia. As princesas também desbloqueiam a função Capitã como Líder de infantaria.","Avec plusieurs reines et l'expérience de la guerre, une Reine peut prendre le rôle de Commandante — augmentant la capacité de combat et débloquant Chef d'artillerie. Les princesses débloquent aussi le rôle Capitaine comme Chef d'infanterie.",,,
TRIGGER_SPREAD_ABILITY_TITLE,Colony Colonization,Colonización,Colonização,Colonisation,,,
TRIGGER_SPREAD_ABILITY_MSG,"With the ability to breed new queens, your colony now understands how to spread. You can found new colonies from the World Map (M).","Con la capacidad de criar nuevas reinas, tu colonia ahora sabe cómo expandirse. Puedes fundar nuevas colonias desde el mapa mundial (M).","Com a capacidade de criar novas rainhas, a tua colónia agora sabe como se expandir. Podes fundar novas colónias no mapa mundial (M).","Avec la capacité d'élever de nouvelles reines, votre colonie sait maintenant se propager. Vous pouvez fonder de nouvelles colonies depuis la carte du monde (M).",,,
TRIGGER_SCOUT_ROLE_TITLE,Adventure's Call,Llamada de la aventura,Chamada da aventura,Appel de l'aventure,,,
TRIGGER_SCOUT_ROLE_MSG,"Our foragers have harvested enough from a plant source! Workers feel the need to explore for new lands, unlocking the Scout role!","¡Nuestras recolectoras han cosechado suficiente de una fuente de plantas! Las obreras sienten la necesidad de explorar nuevas tierras, desbloqueando el rol de Explorador.","As nossas coletoras colheram o suficiente de uma fonte de plantas! As operárias sentem a necessidade de explorar novas terras, desbloqueando a função de Exploradora.","Nos ramasseuses ont assez récolté d'une source de plantes ! Les ouvrières ressentent le besoin d'explorer de nouvelles terres, débloquant le rôle Éclaireur.",,,
TRIGGER_MINER_ROLE_TITLE,Call of the Depths,Llamada de las profundidades,Chamada das profundezas,Appel des profondeurs,,,
TRIGGER_MINER_ROLE_MSG,"With ten Tier 3 buildings across the dynasty, soldiers yearn for the mines! The Miner role is unlocked — scouts can now spot mineral sources.","¡Con diez edificios de nivel 3 en la dinastía, las soldadas anhelan las minas! Se desbloquea el rol Minera; las exploradoras pueden detectar minerales.","Com dez edifícios de nível 3 na dinastia, as soldadas anseiam pelas minas! A função Mineradora é desbloqueada; batedoras podem detectar minerais.","Avec dix bâtiments de niveau 3 dans la dynastie, les soldates aspirent aux mines ! Le rôle Mineuse est débloqué ; les éclaireuses peuvent repérer des minéraux.",,,
TRIGGER_POLICE_ROLE_TITLE,Parasite Ant Infestation,Infestación de hormigas parásitas,Infestação de formigas parasitas,Infestation de fourmis parasites,,,
TRIGGER_POLICE_ROLE_MSG,The colony has become so prosperous that parasite ants may infiltrate it!,¡La colonia se ha vuelto tan próspera que las hormigas parásitas pueden infiltrarse!,A colónia tornou-se tão próspera que formigas parasitas podem infiltrar-se!,La colonie est devenue si prospère que des fourmis parasites peuvent s'y infiltrer !,,,
TRIGGER_PARASITIC_MITE_TITLE,Parasitic Mites,Ácaros parásitos,Ácaros parasitas,Acariens parasitaires,,,
TRIGGER_PARASITIC_MITE_MSG,Microscopic mites are infesting your workers and slowing them down! Symbiotic mite catching is now available. Research the Catcher role and assign soldiers to capture symbiotic mites—they eliminate parasitic mites daily.,¡Ácaros microscópicos infestan a tus obreras y las ralentizan! La captura de ácaros simbióticos ya está disponible. Investiga el rol de Capturador y asigna soldados para capturarlos: eliminan ácaros parásitos a diario.,Ácaros microscópicos infestam as tuas operárias e abrandam-nas! A captura de ácaros simbióticos já está disponível. Investiga o papel Captor e atribui soldadas para os capturar — eliminam ácaros parasitas diariamente.,Des acariens microscopiques infestent vos ouvrières et les ralentissent ! La capture d'acariens symbiotiques est maintenant disponible. Recherchez le rôle Capteur et assignez des soldates pour les capturer — ils éliminent les acariens parasitaires chaque jour.,,,
TRIGGER_MASS_FLIGHT_TITLE,Imperial Decree,Decreto imperial,Decreto imperial,Décret impérial,,,
TRIGGER_MASS_FLIGHT_MSG,Your dynasty has performed 10 nuptial flights! You have unlocked the 'Mass Nuptial Flights' ability in the Colony Operations menu (Z).,¡Tu dinastía ha realizado 10 vuelos nupciales! Has desbloqueado la habilidad 'Vuelos nupciales masivos' en el menú de Operaciones de colonia (Z).,A tua dinastia realizou 10 voos nupciais! Desbloqueaste a habilidade 'Voos nupciais em massa' no menu de Operações da colónia (Z).,Votre dynastie a effectué 10 vols nuptiaux ! Vous avez débloqué la capacité « Vols nuptiaux de masse » dans le menu Opérations de colonie (Z).,,,
TRIGGER_DYNASTY_ABILITY_TITLE,Ant Dynasty,Dinastía de hormigas,Dinastia de formigas,Dynastie de fourmis,,,
TRIGGER_DYNASTY_ABILITY_MSG,"Your dynasty grows! With a second colony established, you can now manage your entire Dynasty. Press (S) to open the Dynasty menu.","¡Tu dinastía crece! Con una segunda colonia establecida, ahora puedes gestionar toda tu Dinastía. Pulsa (S) para abrir el menú de Dinastía.","A tua dinastia cresce! Com uma segunda colónia estabelecida, podes agora gerir toda a tua Dinastia. Prime (S) para abrir o menu da Dinastia.","Votre dynastie grandit ! Avec une deuxième colonie établie, vous pouvez maintenant gérer toute votre Dynastie. Appuyez sur (S) pour ouvrir le menu Dynastie.",,,
TRIGGER_TRADE_ABILITY_TITLE,Trade Networks,Redes comerciales,Redes comerciais,Réseaux commerciaux,,,
TRIGGER_TRADE_ABILITY_MSG,"With three colonies, Trade Routes unlock and Workers gain the Courier role to haul goods between nests.",Con tres colonias se desbloquean las Rutas comerciales y las Obreras ganan el rol Mensajera para transportar bienes entre nidos.,Com três colónias desbloqueiam-se as Rotas comerciais e as Operárias ganham a função Mensageira para transportar bens entre ninhos.,"Avec trois colonies, les Routes commerciales se débloquent et les Ouvrières gagnent le rôle Coursier pour transporter des biens entre nids.",,,
TRIGGER_MANAGEMENT_ABILITY_TITLE,Middle Management,Gestión intermedia,Gestão intermédia,Gestion intermédiaire,,,
TRIGGER_MANAGEMENT_ABILITY_MSG,Your dynasty has so many colonies that you need help managing them! You can now let your colonies build by themselves.,¡Tu dinastía tiene tantas colonias que necesitas ayuda para gestionarlas! Ahora puedes dejar que las colonias construyan por sí mismas.,A tua dinastia tem tantas colónias que precisas de ajuda para as gerir! Agora podes deixar as colónias construir por si mesmas.,Votre dynastie a tant de colonies que vous avez besoin d'aide pour les gérer ! Vous pouvez maintenant laisser les colonies construire seules.,,,
TRIGGER_SPREAD_2_ABILITY_TITLE,Mass Colonization,Colonización masiva,Colonização em massa,Colonisation de masse,,,
TRIGGER_SPREAD_2_ABILITY_MSG,Your dynasty is expanding rapidly! The limit on new colonies has been removed.,¡Tu dinastía se expande rápidamente! Se ha eliminado el límite de nuevas colonias.,A tua dinastia está a expandir-se rapidamente! O limite de novas colónias foi removido.,Votre dynastie s'étend rapidement ! La limite de nouvelles colonies a été supprimée.,,,
TRIGGER_AUTOMATION_ABILITY_TITLE,Automation Era,Era de la automatización,Era da automação,Ère de l'automatisation,,,
TRIGGER_AUTOMATION_ABILITY_MSG,Your dynasty is vast. You can now completely automate colony management.,Tu dinastía es vasta. Ahora puedes automatizar completamente la gestión de colonias.,A tua dinastia é vasta. Agora podes automatizar completamente a gestão das colónias.,Votre dynastie est vaste. Vous pouvez maintenant automatiser entièrement la gestion des colonies.,,,
TRIGGER_AUTO_TUNNELS_TITLE,Auto-Tunnels,Auto-Túneles,Auto-Túneis,Auto-tunnels,,,
TRIGGER_AUTO_TUNNELS_MSG,Your dynasty has completed %s tunnels! Automated colonies can now dig every remaining link. Toggle Auto-Tunnels per colony in the Dynasty Overview (A).,¡Tu dinastía ha completado %s túneles! Las colonias automatizadas pueden excavar cada enlace restante. Activa Auto-Túneles por colonia en la Vista general de la Dinastía (A).,A tua dinastia completou %s túneis! Colónias automatizadas podem cavar cada ligação restante. Ativa Auto-Túneis por colónia na Visão geral da Dinastia (A).,Votre dynastie a achevé %s tunnels ! Les colonies automatisées peuvent creuser chaque liaison restante. Activez Auto-tunnels par colonie dans l'Aperçu de la dynastie (A).,,,
TRIGGER_AUTO_DIPLOMACY_TITLE,Auto-Diplomacy,Auto-Diplomacia,Auto-Diplomacia,Auto-Diplomatie,,,
TRIGGER_AUTO_DIPLOMACY_MSG,Your dynasty has sent %s diplomatic missions! The capital and militant colonies can now stabilize loyalty automatically. Toggle Auto-Diplomacy in the Dynasty Overview (A).,¡Tu dinastía ha enviado %s misiones diplomáticas! La capital y las colonias militantes pueden estabilizar la lealtad automáticamente. Activa Auto-Diplomacia en la Vista general de la Dinastía (A).,A tua dinastia enviou %s missões diplomáticas! A capital e colónias militantes podem estabilizar a lealdade automaticamente. Ativa Auto-Diplomacia na Visão geral da Dinastia (A).,Votre dynastie a envoyé %s missions diplomatiques ! La capitale et les colonies militantes peuvent stabiliser la loyauté automatiquement. Activez Auto-Diplomatie dans l'Aperçu de la dynastie (A).,,,
TRIGGER_AUTO_LOGISTICS_TITLE,Auto-Logistics,Auto-Logística,Auto-Logística,Auto-logistique,,,
TRIGGER_AUTO_LOGISTICS_MSG,Your dynasty runs %s recurrent trade routes! Automated colonies can now open routes and refresh cargo when surpluses change. Toggle Auto-Logistics per colony in the Dynasty Overview (A).,¡Tu dinastía mantiene %s rutas comerciales recurrentes! Las colonias automatizadas pueden abrir rutas y actualizar la carga cuando cambian los excedentes. Activa Auto-Logística por colonia en la Vista general de la Dinastía (A).,A tua dinastia gere %s rotas comerciais recorrentes! Colónias automatizadas podem abrir rotas e atualizar a carga quando os excedentes mudam. Ativa Auto-Logística por colónia na Visão geral da Dinastia (A).,Votre dynastie gère %s routes commerciales récurrentes ! Les colonies automatisées peuvent ouvrir des routes et actualiser la cargaison quand les surplus changent. Activez Auto-logistique par colonie dans l'Aperçu de la dynastie (A).,,,
TRIGGER_PROGRESS_HINT_RECURRENT_ROUTES,Set up recurrent trade routes between dynasty colonies. Requires Automation first.,Configura rutas comerciales recurrentes entre colonias de la dinastía. Requiere Automatización primero.,Configura rotas comerciais recorrentes entre colónias da dinastia. Requer Automação primeiro.,Configurez des routes commerciales récurrentes entre colonies de la dynastie. Nécessite d'abord Automatisation.,,,
TRIGGER_PROGRESS_METRIC_RECURRENT_ROUTES,Recurrent routes,Rutas recurrentes,Rotas recorrentes,Routes récurrentes,,,
TRIGGER_BILATERAL_TRADE_TITLE,Two-Way Logistics,Logística de doble sentido,Logística de dois sentidos,Logistique bidirectionnelle,,,
TRIGGER_BILATERAL_TRADE_MSG,Your trade network is so busy that your ants have learned to bring resources back on their return trips! Bilateral Trade unlocked.,¡Tu red comercial está tan ocupada que tus hormigas han aprendido a traer recursos de vuelta en sus viajes de retorno! Comercio bilateral desbloqueado.,A tua rede comercial está tão ocupada que as tuas formigas aprenderam a trazer recursos de volta nas viagens de regresso! Comércio bilateral desbloqueado.,Votre réseau commercial est si actif que vos fourmis ont appris à ramener des ressources lors du retour ! Commerce bilatéral débloqué.,,,
TRIGGER_COURIER_ROLE_TITLE,Logistic Network,Red logística,Rede logística,Réseau logistique,,,
TRIGGER_COURIER_ROLE_MSG,Trade routes require couriers! Workers can now be assigned to transport goods.,¡Las rutas comerciales requieren mensajeros! Las obreras ahora pueden asignarse para transportar mercancías.,As rotas comerciais precisam de mensageiros! As operárias podem agora ser atribuídas para transportar mercadorias.,Les routes commerciales nécessitent des coursiers ! Les ouvrières peuvent maintenant être assignées au transport de marchandises.,,,
TRIGGER_BORER_ROLE_TITLE,Boring Job,Trabajo aburrido,Trabalho aborrecido,Travail ennuyeux,,,
TRIGGER_BORER_ROLE_MSG,"Trade routes can be dangerous! Majors can now be assigned to dig tunnels for faster, safer trade routes.",¡Las rutas comerciales pueden ser peligrosas! Los Mayores ahora pueden asignarse para excavar túneles y hacer las rutas más rápidas y seguras.,As rotas comerciais podem ser perigosas! Os Majores podem agora ser atribuídos para escavar túneis e tornar as rotas mais rápidas e seguras.,Les routes commerciales peuvent être dangereuses ! Les Majores peuvent maintenant creuser des tunnels pour des routes plus rapides et plus sûres.,,,
TRIGGER_ASSIMILATION_ABILITY_TITLE,Genetic Assimilation,Asimilación genética,Assimilação genética,Assimilation génétique,,,
TRIGGER_ASSIMILATION_ABILITY_MSG,"By absorbing the remnants of a defeated dynasty, your ants have learned that genetic traits can be harvested! Genetic Assimilation unlocked in the Upgrades menu (Y).","Al absorber los restos de una dinastía derrotada, tus hormigas han aprendido que los rasgos genéticos pueden recolectarse. ¡Asimilación genética desbloqueada en el menú de Mejoras (Y)!","Ao absorver os restos de uma dinastia derrotada, as tuas formigas aprenderam que traços genéticos podem ser colhidos! Assimilação genética desbloqueada no menu de Melhorias (Y).","En absorbant les restes d'une dynastie vaincue, vos fourmis ont appris que les traits génétiques peuvent être récoltés ! Assimilation génétique débloquée dans le menu Améliorations (Y).",,,
TRIGGER_SUBTYPE_HATCH_TITLE,Body-Part Subtypes,Subtipos corporales,Subtipos corporais,Sous-types corporels,,,
TRIGGER_SUBTYPE_HATCH_MSG,Assimilated traits can shape new hatchlings! Open Hatch Rates (P) to set subtypes per ant type—each active part adds +50% food.,¡Los rasgos asimilados pueden cambiar la eclosión! Abre Tasas de eclosión (P) para fijar subtipos por tipo; cada parte activa añade +50% de alimento.,Traços assimilados podem mudar a eclosão! Abre Taxas de eclosão (P) para definir subtipos por tipo; cada parte ativa adiciona +50% de alimento.,Les traits assimilés peuvent changer l'éclosion ! Ouvrez Taux d'éclosion (P) pour régler les sous-types par type ; chaque partie active ajoute +50 % d'aliment.,,,
TRIGGER_SYNERGY_SUPER_VENOM_TITLE,Synergy Unlocked,Sinergia desbloqueada,Sinergia desbloqueada,Synergie débloquée,,,
TRIGGER_SYNERGY_SUPER_VENOM_MSG,%s is now active! Combining %s replaces their separate +50% bonuses with a +200% colony attack bonus (3x total). Open Synergies (O) to review.,%s ya está activa! Combinar %s sustituye sus +50% separados por un bonus de ataque de +200% (3x total). Abre Sinergias (O) para revisar.,%s já está ativa! Combinar %s substitui os +50% separados por um bónus de ataque de +200% (3x total). Abra Sinergias (O) para rever.,%s est maintenant active ! Combiner %s remplace leurs +50 % séparés par un bonus d'attaque de +200 % (3x au total). Ouvrez Synergies (O) pour consulter.,,,
TRIGGER_SYNERGY_ACID_ARTILLERY_TITLE,Synergy Unlocked,Sinergia desbloqueada,Sinergia desbloqueada,Synergie débloquée,,,
TRIGGER_SYNERGY_ACID_ARTILLERY_MSG,%s is now active! Combining %s unlocks the Artillery role for majors and the Acid Artillery skill. Open Synergies (O) to review.,%s ya está activa! Combinar %s desbloquea el rol Artillería para mayores y la habilidad Artillería ácida. Abre Sinergias (O) para revisar.,%s já está ativa! Combinar %s desbloqueia a função Artilharia para majores e a habilidade Artilharia ácida. Abra Sinergias (O) para rever.,%s est maintenant active ! Combiner %s débloque le rôle Artillerie pour les majores et la compétence Artillerie acide. Ouvrez Synergies (O) pour consulter.,,,
TRIGGER_SYNERGY_CORROSIVE_BOMBS_TITLE,Synergy Unlocked,Sinergia desbloqueada,Sinergia desbloqueada,Synergie débloquée,,,
TRIGGER_SYNERGY_CORROSIVE_BOMBS_MSG,%s is now active! Combining %s upgrades Bomber Selfdestruct into Acidic Selfdestruct. Open Synergies (O) to review.,%s ya está activa! Combinar %s mejora Autodestrucción de Bombarderas a Autodestrucción ácida. Abre Sinergias (O) para revisar.,%s já está ativa! Combinar %s melhora Autodestruição das Bombardeiras para Autodestruição ácida. Abra Sinergias (O) para rever.,%s est maintenant active ! Combiner %s améliore Autodestruction des Bombardières en Autodestruction acide. Ouvrez Synergies (O) pour consulter.,,,
TRIGGER_SYNERGY_AIR_BOMBER_TITLE,Synergy Unlocked,Sinergia desbloqueada,Sinergia desbloqueada,Synergie débloquée,,,
TRIGGER_SYNERGY_AIR_BOMBER_MSG,%s is now active! Combining %s unlocks the Air Bomber role and Air Bombing skill. Open Synergies (O) to review.,%s ya está activa! Combinar %s desbloquea el rol Bombardera aérea y la habilidad Bombardeo aéreo. Abre Sinergias (O) para revisar.,%s já está ativa! Combinar %s desbloqueia a função Bombardeira aérea e a habilidade Bombardeamento aéreo. Abra Sinergias (O) para rever.,%s est maintenant active ! Combiner %s débloque le rôle Bombardière aérienne et la compétence Bombardement aérien. Ouvrez Synergies (O) pour consulter.,,,
TRIGGER_OPERATIONS_ABILITY_TITLE,Colony Operations,Operaciones de colonia,Operações da colónia,Opérations de colonie,,,
TRIGGER_OPERATIONS_ABILITY_MSG,You have gained a special active ability! You can now access the Colony Operations menu by pressing (Z).,¡Has obtenido una habilidad activa especial! Ahora puedes acceder al menú de Operaciones de colonia pulsando (Z).,Ganhaste uma habilidade ativa especial! Agora podes aceder ao menu de Operações da colónia premindo (Z).,Vous avez obtenu une capacité active spéciale ! Vous pouvez maintenant accéder au menu Opérations de colonie en appuyant sur (Z).,,,
INTEL_DOSSIER_TITLE,Intelligence Dossier,Dossier de inteligencia,Dossiê de inteligência,Dossier de renseignement,,,
INTEL_REDACTED,████████,████████,████████,████████,,,
INTEL_LEVEL_FMT,Intelligence: %s%%,Inteligencia: %s%%,Inteligência: %s%%,Renseignement : %s%%,,,
INTEL_CI_FMT,Counter-Intelligence: %s,Contraespionaje: %s,Contrainteligência: %s,Contre-espionnage : %s,,,
INTEL_SPIES_ASSIGNED_FMT,Spies assigned: %s,Espías asignados: %s,Espiões atribuídos: %s,Espions assignés : %s,,,
INTEL_TIER_1,Rank and colony count,Rango y número de colonias,Rank e número de colônias,Rang et nombre de colonies,,,
INTEL_TIER_2,Species and assimilations,Especies y asimilaciones,Espécies e assimilações,Espèces et assimilations,,,
INTEL_TIER_3,Population totals,Totales de población,Totais de população,Totaux de population,,,
INTEL_TIER_4,Military power and war quotas,Poder militar y cuotas de guerra,Poder militar e cotas de guerra,Puissance militaire et quotas de guerre,,,
INTEL_TIER_5,Resource stockpiles,Reservas de recursos,Estoques de recursos,Stocks de ressources,,,
INTEL_TIER_6,Buildings owned,Edificios poseídos,Edifícios possuídos,Bâtiments possédés,,,
INTEL_TIER_7,Research upgrades,Mejoras de investigación,Melhorias de pesquisa,Améliorations de recherche,,,
INTEL_TIER_8,Economy rates and diplomacy,Economía y diplomacia,Economia e diplomacia,Économie et diplomatie,,,
INTEL_TIER_9,Full colony breakdown,Desglose completo de colonias,Detalhamento completo das colônias,Détail complet des colonies,,,
INTEL_TIER_10,Theft unlocked,Robo desbloqueado,Roubo desbloqueado,Vol débloqué,,,
LOG_SPY_THEFT_RP_FMT,Spies stole %2$s research points from %1$s.,Espías robaron %2$s puntos de investigación a %1$s.,Espiões roubaram %2$s pontos de pesquisa de %1$s.,Des espions ont volé %2$s points de recherche à %1$s.,,,
LOG_SPY_THEFT_RESOURCE_FMT,Spies stole %3$s %2$s from %1$s.,Espías robaron %3$s %2$s a %1$s.,Espiões roubaram %3$s %2$s de %1$s.,Des espions ont volé %3$s %2$s à %1$s.,,,
LOG_SPY_CAUGHT_FMT,Caught %2$s spies from %1$s.,Se atraparon %2$s espías de %1$s.,Capturamos %2$s espiões de %1$s.,%2$s espions de %1$s capturés.,,,
LOG_SPY_CAUGHT_OWN_FMT,%2$s of our spies were caught by %1$s.,%1$s atrapó a %2$s de nuestros espías.,%1$s capturou %2$s de nossos espiões.,%1$s a capturé %2$s de nos espions.,,,
HELP_EMPIRE_INTELLIGENCE,Spies & Intelligence,Espías e Inteligencia,Espiões e Inteligência,Espions et renseignement,,,
HELP_INTELLIGENCE_BODY,"Unlocked by Ghost Stealth assimilation (<b>Spy</b> princess role).<br><br><b>Send Spies:</b> Diplomacy (<b>D</b>) → Actions on a foreign dynasty. Same shared menu as Diplomats; spy missions work during war. Open <b>Intelligence</b> for the dossier.<br><br><b>Intelligence (0–100%):</b> Each day, assigned spies gain power/10 toward that target (power 1, or 3/5 with Diplomatic Pressure II/III), minus the target's Counter-Intelligence × 0.1. Every 10% unlocks a dossier tier (rank/colonies → theft at 100%). Map hex info stays public; detailed secrets are in the dossier only.<br><br><b>Counter-Intelligence:</b> Equals <b>5 + idle spies</b> (spies assigned but not sent abroad), capped at 50. That value is also the monthly % chance to catch foreign spies: kills them, halves their Intelligence on you, and applies Caught Spying (−15 reputation for 1 year).<br><br><b>Theft (100%):</b> Each day while spies remain assigned, steal 1–3% of one stockpile among research points, resin, minerals, or syrup — no extra catch risk.","Desbloqueado por la asimilación Sigilo Fantasma (rol de princesa <b>Espía</b>).<br><br><b>Enviar Espías:</b> Diplomacia (<b>D</b>) → Acciones sobre una dinastía extranjera. Mismo menú compartido que Diplomáticas; las misiones de espionaje funcionan en guerra. Abre <b>Inteligencia</b> para el dossier.<br><br><b>Inteligencia (0–100%):</b> Cada día, las espías asignadas ganan poder/10 hacia ese objetivo (poder 1, o 3/5 con Presión Diplomática II/III), menos Contraespionaje del objetivo × 0.1. Cada 10% desbloquea un nivel del dossier (rango/colonias → robo al 100%). La info del mapa sigue siendo pública; los secretos detallados solo están en el dossier.<br><br><b>Contraespionaje:</b> Vale <b>5 + espías inactivas</b> (asignadas pero no enviadas), tope 50. Ese valor también es la % mensual de atrapar espías extranjeras: las mata, reduce a la mitad su Inteligencia sobre ti y aplica Espionaje descubierto (−15 reputación por 1 año).<br><br><b>Robo (100%):</b> Cada día con espías asignadas, roba 1–3% de un almacén entre puntos de investigación, resina, minerales o jarabe — sin riesgo extra de captura.","Desbloqueado pela assimilação Furtividade Fantasma (função de princesa <b>Espião</b>).<br><br><b>Enviar Espiões:</b> Diplomacia (<b>D</b>) → Ações numa dinastia estrangeira. Mesmo menu partilhado com Diplomatas; missões de espionagem funcionam em guerra. Abra <b>Inteligência</b> para o dossiê.<br><br><b>Inteligência (0–100%):</b> Cada dia, espiões atribuídos ganham poder/10 contra esse alvo (poder 1, ou 3/5 com Pressão Diplomática II/III), menos Contrainteligência do alvo × 0.1. Cada 10% desbloqueia um nível do dossiê (rank/colônias → roubo a 100%). Info do mapa continua pública; segredos detalhados só no dossiê.<br><br><b>Contrainteligência:</b> Iguala <b>5 + espiões ociosos</b> (atribuídos mas não enviados), teto 50. Esse valor também é a % mensal de apanhar espiões estrangeiros: mata-os, reduz a metade a Inteligência deles sobre ti e aplica Espionagem descoberta (−15 reputação por 1 ano).<br><br><b>Roubo (100%):</b> Cada dia com espiões atribuídos, rouba 1–3% de um estoque entre pontos de pesquisa, resina, minerais ou xarope — sem risco extra de captura.","Débloqué par l'assimilation Furtivité Fantôme (rôle de princesse <b>Espion</b>).<br><br><b>Envoyer des Espions :</b> Diplomatie (<b>D</b>) → Actions sur une dynastie étrangère. Même menu partagé que les Diplomates ; les missions d'espionnage fonctionnent en guerre. Ouvrez <b>Renseignement</b> pour le dossier.<br><br><b>Renseignement (0–100 %) :</b> Chaque jour, les espions assignés gagnent puissance/10 contre cette cible (puissance 1, ou 3/5 avec Pression diplomatique II/III), moins Contre-espionnage de la cible × 0,1. Tous les 10 % débloquent un palier du dossier (rang/colonies → vol à 100 %). Les infos de carte restent publiques ; les secrets détaillés sont dans le dossier uniquement.<br><br><b>Contre-espionnage :</b> Vaut <b>5 + espions inactifs</b> (assignés mais non envoyés), plafond 50. Cette valeur est aussi le % mensuel d'attraper des espions étrangers : les tue, divise par deux leur Renseignement sur vous, et applique Espionnage découvert (−15 réputation pendant 1 an).<br><br><b>Vol (100 %) :</b> Chaque jour avec des espions assignés, vole 1–3 % d'un stock parmi points de recherche, résine, minerais ou sirop — sans risque de capture supplémentaire.",,,
